"date","keyword","interest","rolling_4week","request_group","keyword_role","pet_type","is_core_keyword","normalization_group","boundary_period_excluded","geography","search_type","evidence_timestamp"
"2021-10-03","automatic pet feeder","0",,"audit_a_5y","core","pet_unspecified","true","audit_a_5y","true","AU","Web Search","2026-10-07T11:21:38.145658+00:00"
"2021-10-10","automatic pet feeder","0",,"audit_a_5y","core","pet_unspecified","true","audit_a_5y","false","AU","Web Search","2026-10-07T11:21:38.145658+00:00"
"2021-10-17","automatic pet feeder","0",,"audit_a_5y","core","pet_unspecified","true","audit_a_5y","false","AU","Web Search","2026-10-07T11:21:38.145658+00:00"
"2021-10-24","automatic pet feeder","0","0","audit_a_5y","core","pet_unspecified","true","audit_a_5y","false","AU","Web Search","2026-10-07T11:21:38.145658+00:00"
"2021-10-31","automatic pet feeder","0","0","audit_a_5y","core","pet_unspecified","true","audit_a_5y","false","AU","Web Search","2026-10-07T11:21:38.145658+00:00"
"2021-11-07","automatic pet feeder","21","5.25","audit_a_5y","core","pet_unspecified","true","audit_a_5y","false","AU","Web Search","2026-10-07T11:21:38.145658+00:00"
"2021-11-14","automatic pet feeder","0","5.25","audit_a_5y","core","pet_unspecified","true","audit_a_5y","false","AU","Web Search","2026-10-07T11:21:38.145658+00:00"
"2021-11-21","automatic pet feeder","22","10.75","audit_a_5y","core","pet_unspecified","true","audit_a_5y","false","AU","Web Search","2026-10-07T11:21:38.145658+00:00"
"2021-11-28","automatic pet feeder","26","17.25","audit_a_5y","core","pet_unspecified","true","audit_a_5y","false","AU","Web Search","2026-10-07T11:21:38.145658+00:00"
"2021-12-05","automatic pet feeder","0","12","audit_a_5y","core","pet_unspecified","true","audit_a_5y","false","AU","Web Search","2026-10-07T11:21:38.145658+00:00"
"2021-12-12","automatic pet feeder","29","19.25","audit_a_5y","core","pet_unspecified","true","audit_a_5y","false","AU","Web Search","2026-10-07T11:21:38.145658+00:00"
"2021-12-19","automatic pet feeder","29","21","audit_a_5y","core","pet_unspecified","true","audit_a_5y","false","AU","Web Search","2026-10-07T11:21:38.145658+00:00"
"2021-12-26","automatic pet feeder","23","20.25","audit_a_5y","core","pet_unspecified","true","audit_a_5y","false","AU","Web Search","2026-10-07T11:21:38.145658+00:00"
"2022-01-02","automatic pet feeder","20","25.25","audit_a_5y","core","pet_unspecified","true","audit_a_5y","false","AU","Web Search","2026-10-07T11:21:38.145658+00:00"
"2022-01-09","automatic pet feeder","0","18","audit_a_5y","core","pet_unspecified","true","audit_a_5y","false","AU","Web Search","2026-10-07T11:21:38.145658+00:00"
"2022-01-16","automatic pet feeder","18","15.25","audit_a_5y","core","pet_unspecified","true","audit_a_5y","false","AU","Web Search","2026-10-07T11:21:38.145658+00:00"
"2022-01-23","automatic pet feeder","17","13.75","audit_a_5y","core","pet_unspecified","true","audit_a_5y","false","AU","Web Search","2026-10-07T11:21:38.145658+00:00"
"2022-01-30","automatic pet feeder","21","14","audit_a_5y","core","pet_unspecified","true","audit_a_5y","false","AU","Web Search","2026-10-07T11:21:38.145658+00:00"
"2022-02-06","automatic pet feeder","23","19.75","audit_a_5y","core","pet_unspecified","true","audit_a_5y","false","AU","Web Search","2026-10-07T11:21:38.145658+00:00"
"2022-02-13","automatic pet feeder","0","15.25","audit_a_5y","core","pet_unspecified","true","audit_a_5y","false","AU","Web Search","2026-10-07T11:21:38.145658+00:00"
"2022-02-20","automatic pet feeder","17","15.25","audit_a_5y","core","pet_unspecified","true","audit_a_5y","false","AU","Web Search","2026-10-07T11:21:38.145658+00:00"
"2022-02-27","automatic pet feeder","21","15.25","audit_a_5y","core","pet_unspecified","true","audit_a_5y","false","AU","Web Search","2026-10-07T11:21:38.145658+00:00"
"2022-03-06","automatic pet feeder","21","14.75","audit_a_5y","core","pet_unspecified","true","audit_a_5y","false","AU","Web Search","2026-10-07T11:21:38.145658+00:00"
"2022-03-13","automatic pet feeder","15","18.5","audit_a_5y","core","pet_unspecified","true","audit_a_5y","false","AU","Web Search","2026-10-07T11:21:38.145658+00:00"
"2022-03-20","automatic pet feeder","17","18.5","audit_a_5y","core","pet_unspecified","true","audit_a_5y","false","AU","Web Search","2026-10-07T11:21:38.145658+00:00"
"2022-03-27","automatic pet feeder","0","13.25","audit_a_5y","core","pet_unspecified","true","audit_a_5y","false","AU","Web Search","2026-10-07T11:21:38.145658+00:00"
"2022-04-03","automatic pet feeder","22","13.5","audit_a_5y","core","pet_unspecified","true","audit_a_5y","false","AU","Web Search","2026-10-07T11:21:38.145658+00:00"
"2022-04-10","automatic pet feeder","36","18.75","audit_a_5y","core","pet_unspecified","true","audit_a_5y","false","AU","Web Search","2026-10-07T11:21:38.145658+00:00"
"2022-04-17","automatic pet feeder","26","21","audit_a_5y","core","pet_unspecified","true","audit_a_5y","false","AU","Web Search","2026-10-07T11:21:38.145658+00:00"
"2022-04-24","automatic pet feeder","17","25.25","audit_a_5y","core","pet_unspecified","true","audit_a_5y","false","AU","Web Search","2026-10-07T11:21:38.145658+00:00"
"2022-05-01","automatic pet feeder","0","19.75","audit_a_5y","core","pet_unspecified","true","audit_a_5y","false","AU","Web Search","2026-10-07T11:21:38.145658+00:00"
"2022-05-08","automatic pet feeder","23","16.5","audit_a_5y","core","pet_unspecified","true","audit_a_5y","false","AU","Web Search","2026-10-07T11:21:38.145658+00:00"
"2022-05-15","automatic pet feeder","16","14","audit_a_5y","core","pet_unspecified","true","audit_a_5y","false","AU","Web Search","2026-10-07T11:21:38.145658+00:00"
"2022-05-22","automatic pet feeder","0","9.75","audit_a_5y","core","pet_unspecified","true","audit_a_5y","false","AU","Web Search","2026-10-07T11:21:38.145658+00:00"
"2022-05-29","automatic pet feeder","0","9.75","audit_a_5y","core","pet_unspecified","true","audit_a_5y","false","AU","Web Search","2026-10-07T11:21:38.145658+00:00"
"2022-06-05","automatic pet feeder","21","9.25","audit_a_5y","core","pet_unspecified","true","audit_a_5y","false","AU","Web Search","2026-10-07T11:21:38.145658+00:00"
"2022-06-12","automatic pet feeder","21","10.5","audit_a_5y","core","pet_unspecified","true","audit_a_5y","false","AU","Web Search","2026-10-07T11:21:38.145658+00:00"
"2022-06-19","automatic pet feeder","17","14.75","audit_a_5y","core","pet_unspecified","true","audit_a_5y","false","AU","Web Search","2026-10-07T11:21:38.145658+00:00"
"2022-06-26","automatic pet feeder","19","19.5","audit_a_5y","core","pet_unspecified","true","audit_a_5y","false","AU","Web Search","2026-10-07T11:21:38.145658+00:00"
"2022-07-03","automatic pet feeder","0","14.25","audit_a_5y","core","pet_unspecified","true","audit_a_5y","false","AU","Web Search","2026-10-07T11:21:38.145658+00:00"
"2022-07-10","automatic pet feeder","26","15.5","audit_a_5y","core","pet_unspecified","true","audit_a_5y","false","AU","Web Search","2026-10-07T11:21:38.145658+00:00"
"2022-07-17","automatic pet feeder","30","18.75","audit_a_5y","core","pet_unspecified","true","audit_a_5y","false","AU","Web Search","2026-10-07T11:21:38.145658+00:00"
"2022-07-24","automatic pet feeder","21","19.25","audit_a_5y","core","pet_unspecified","true","audit_a_5y","false","AU","Web Search","2026-10-07T11:21:38.145658+00:00"
"2022-07-31","automatic pet feeder","24","25.25","audit_a_5y","core","pet_unspecified","true","audit_a_5y","false","AU","Web Search","2026-10-07T11:21:38.145658+00:00"
"2022-08-07","automatic pet feeder","24","24.75","audit_a_5y","core","pet_unspecified","true","audit_a_5y","false","AU","Web Search","2026-10-07T11:21:38.145658+00:00"
"2022-08-14","automatic pet feeder","24","23.25","audit_a_5y","core","pet_unspecified","true","audit_a_5y","false","AU","Web Search","2026-10-07T11:21:38.145658+00:00"
"2022-08-21","automatic pet feeder","20","23","audit_a_5y","core","pet_unspecified","true","audit_a_5y","false","AU","Web Search","2026-10-07T11:21:38.145658+00:00"
"2022-08-28","automatic pet feeder","16","21","audit_a_5y","core","pet_unspecified","true","audit_a_5y","false","AU","Web Search","2026-10-07T11:21:38.145658+00:00"
"2022-09-04","automatic pet feeder","29","22.25","audit_a_5y","core","pet_unspecified","true","audit_a_5y","false","AU","Web Search","2026-10-07T11:21:38.145658+00:00"
"2022-09-11","automatic pet feeder","26","22.75","audit_a_5y","core","pet_unspecified","true","audit_a_5y","false","AU","Web Search","2026-10-07T11:21:38.145658+00:00"
"2022-09-18","automatic pet feeder","0","17.75","audit_a_5y","core","pet_unspecified","true","audit_a_5y","false","AU","Web Search","2026-10-07T11:21:38.145658+00:00"
"2022-09-25","automatic pet feeder","28","20.75","audit_a_5y","core","pet_unspecified","true","audit_a_5y","false","AU","Web Search","2026-10-07T11:21:38.145658+00:00"
"2022-10-02","automatic pet feeder","0","13.5","audit_a_5y","core","pet_unspecified","true","audit_a_5y","false","AU","Web Search","2026-10-07T11:21:38.145658+00:00"
"2022-10-09","automatic pet feeder","21","12.25","audit_a_5y","core","pet_unspecified","true","audit_a_5y","false","AU","Web Search","2026-10-07T11:21:38.145658+00:00"
"2022-10-16","automatic pet feeder","16","16.25","audit_a_5y","core","pet_unspecified","true","audit_a_5y","false","AU","Web Search","2026-10-07T11:21:38.145658+00:00"
"2022-10-23","automatic pet feeder","0","9.25","audit_a_5y","core","pet_unspecified","true","audit_a_5y","false","AU","Web Search","2026-10-07T11:21:38.145658+00:00"
"2022-10-30","automatic pet feeder","17","13.5","audit_a_5y","core","pet_unspecified","true","audit_a_5y","false","AU","Web Search","2026-10-07T11:21:38.145658+00:00"
"2022-11-06","automatic pet feeder","24","14.25","audit_a_5y","core","pet_unspecified","true","audit_a_5y","false","AU","Web Search","2026-10-07T11:21:38.145658+00:00"
"2022-11-13","automatic pet feeder","25","16.5","audit_a_5y","core","pet_unspecified","true","audit_a_5y","false","AU","Web Search","2026-10-07T11:21:38.145658+00:00"
"2022-11-20","automatic pet feeder","24","22.5","audit_a_5y","core","pet_unspecified","true","audit_a_5y","false","AU","Web Search","2026-10-07T11:21:38.145658+00:00"
"2022-11-27","automatic pet feeder","30","25.75","audit_a_5y","core","pet_unspecified","true","audit_a_5y","false","AU","Web Search","2026-10-07T11:21:38.145658+00:00"
"2022-12-04","automatic pet feeder","26","26.25","audit_a_5y","core","pet_unspecified","true","audit_a_5y","false","AU","Web Search","2026-10-07T11:21:38.145658+00:00"
"2022-12-11","automatic pet feeder","33","28.25","audit_a_5y","core","pet_unspecified","true","audit_a_5y","false","AU","Web Search","2026-10-07T11:21:38.145658+00:00"
"2022-12-18","automatic pet feeder","33","30.5","audit_a_5y","core","pet_unspecified","true","audit_a_5y","false","AU","Web Search","2026-10-07T11:21:38.145658+00:00"
"2022-12-25","automatic pet feeder","0","23","audit_a_5y","core","pet_unspecified","true","audit_a_5y","false","AU","Web Search","2026-10-07T11:21:38.145658+00:00"
"2023-01-01","automatic pet feeder","23","22.25","audit_a_5y","core","pet_unspecified","true","audit_a_5y","false","AU","Web Search","2026-10-07T11:21:38.145658+00:00"
"2023-01-08","automatic pet feeder","0","14","audit_a_5y","core","pet_unspecified","true","audit_a_5y","false","AU","Web Search","2026-10-07T11:21:38.145658+00:00"
"2023-01-15","automatic pet feeder","0","5.75","audit_a_5y","core","pet_unspecified","true","audit_a_5y","false","AU","Web Search","2026-10-07T11:21:38.145658+00:00"
"2023-01-22","automatic pet feeder","16","9.75","audit_a_5y","core","pet_unspecified","true","audit_a_5y","false","AU","Web Search","2026-10-07T11:21:38.145658+00:00"
"2023-01-29","automatic pet feeder","16","8","audit_a_5y","core","pet_unspecified","true","audit_a_5y","false","AU","Web Search","2026-10-07T11:21:38.145658+00:00"
"2023-02-05","automatic pet feeder","0","8","audit_a_5y","core","pet_unspecified","true","audit_a_5y","false","AU","Web Search","2026-10-07T11:21:38.145658+00:00"
"2023-02-12","automatic pet feeder","0","8","audit_a_5y","core","pet_unspecified","true","audit_a_5y","false","AU","Web Search","2026-10-07T11:21:38.145658+00:00"
"2023-02-19","automatic pet feeder","19","8.75","audit_a_5y","core","pet_unspecified","true","audit_a_5y","false","AU","Web Search","2026-10-07T11:21:38.145658+00:00"
"2023-02-26","automatic pet feeder","23","10.5","audit_a_5y","core","pet_unspecified","true","audit_a_5y","false","AU","Web Search","2026-10-07T11:21:38.145658+00:00"
"2023-03-05","automatic pet feeder","20","15.5","audit_a_5y","core","pet_unspecified","true","audit_a_5y","false","AU","Web Search","2026-10-07T11:21:38.145658+00:00"
"2023-03-12","automatic pet feeder","15","19.25","audit_a_5y","core","pet_unspecified","true","audit_a_5y","false","AU","Web Search","2026-10-07T11:21:38.145658+00:00"
"2023-03-19","automatic pet feeder","0","14.5","audit_a_5y","core","pet_unspecified","true","audit_a_5y","false","AU","Web Search","2026-10-07T11:21:38.145658+00:00"
"2023-03-26","automatic pet feeder","0","8.75","audit_a_5y","core","pet_unspecified","true","audit_a_5y","false","AU","Web Search","2026-10-07T11:21:38.145658+00:00"
"2023-04-02","automatic pet feeder","0","3.75","audit_a_5y","core","pet_unspecified","true","audit_a_5y","false","AU","Web Search","2026-10-07T11:21:38.145658+00:00"
"2023-04-09","automatic pet feeder","0","0","audit_a_5y","core","pet_unspecified","true","audit_a_5y","false","AU","Web Search","2026-10-07T11:21:38.145658+00:00"
"2023-04-16","automatic pet feeder","16","4","audit_a_5y","core","pet_unspecified","true","audit_a_5y","false","AU","Web Search","2026-10-07T11:21:38.145658+00:00"
"2023-04-23","automatic pet feeder","18","8.5","audit_a_5y","core","pet_unspecified","true","audit_a_5y","false","AU","Web Search","2026-10-07T11:21:38.145658+00:00"
"2023-04-30","automatic pet feeder","0","8.5","audit_a_5y","core","pet_unspecified","true","audit_a_5y","false","AU","Web Search","2026-10-07T11:21:38.145658+00:00"
"2023-05-07","automatic pet feeder","17","12.75","audit_a_5y","core","pet_unspecified","true","audit_a_5y","false","AU","Web Search","2026-10-07T11:21:38.145658+00:00"
"2023-05-14","automatic pet feeder","0","8.75","audit_a_5y","core","pet_unspecified","true","audit_a_5y","false","AU","Web Search","2026-10-07T11:21:38.145658+00:00"
"2023-05-21","automatic pet feeder","17","8.5","audit_a_5y","core","pet_unspecified","true","audit_a_5y","false","AU","Web Search","2026-10-07T11:21:38.145658+00:00"
"2023-05-28","automatic pet feeder","17","12.75","audit_a_5y","core","pet_unspecified","true","audit_a_5y","false","AU","Web Search","2026-10-07T11:21:38.145658+00:00"
"2023-06-04","automatic pet feeder","0","8.5","audit_a_5y","core","pet_unspecified","true","audit_a_5y","false","AU","Web Search","2026-10-07T11:21:38.145658+00:00"
"2023-06-11","automatic pet feeder","28","15.5","audit_a_5y","core","pet_unspecified","true","audit_a_5y","false","AU","Web Search","2026-10-07T11:21:38.145658+00:00"
"2023-06-18","automatic pet feeder","15","15","audit_a_5y","core","pet_unspecified","true","audit_a_5y","false","AU","Web Search","2026-10-07T11:21:38.145658+00:00"
"2023-06-25","automatic pet feeder","0","10.75","audit_a_5y","core","pet_unspecified","true","audit_a_5y","false","AU","Web Search","2026-10-07T11:21:38.145658+00:00"
"2023-07-02","automatic pet feeder","25","17","audit_a_5y","core","pet_unspecified","true","audit_a_5y","false","AU","Web Search","2026-10-07T11:21:38.145658+00:00"
"2023-07-09","automatic pet feeder","0","10","audit_a_5y","core","pet_unspecified","true","audit_a_5y","false","AU","Web Search","2026-10-07T11:21:38.145658+00:00"
"2023-07-16","automatic pet feeder","17","10.5","audit_a_5y","core","pet_unspecified","true","audit_a_5y","false","AU","Web Search","2026-10-07T11:21:38.145658+00:00"
"2023-07-23","automatic pet feeder","20","15.5","audit_a_5y","core","pet_unspecified","true","audit_a_5y","false","AU","Web Search","2026-10-07T11:21:38.145658+00:00"
"2023-07-30","automatic pet feeder","0","9.25","audit_a_5y","core","pet_unspecified","true","audit_a_5y","false","AU","Web Search","2026-10-07T11:21:38.145658+00:00"
"2023-08-06","automatic pet feeder","0","9.25","audit_a_5y","core","pet_unspecified","true","audit_a_5y","false","AU","Web Search","2026-10-07T11:21:38.145658+00:00"
"2023-08-13","automatic pet feeder","20","10","audit_a_5y","core","pet_unspecified","true","audit_a_5y","false","AU","Web Search","2026-10-07T11:21:38.145658+00:00"
"2023-08-20","automatic pet feeder","0","5","audit_a_5y","core","pet_unspecified","true","audit_a_5y","false","AU","Web Search","2026-10-07T11:21:38.145658+00:00"
"2023-08-27","automatic pet feeder","19","9.75","audit_a_5y","core","pet_unspecified","true","audit_a_5y","false","AU","Web Search","2026-10-07T11:21:38.145658+00:00"
"2023-09-03","automatic pet feeder","0","9.75","audit_a_5y","core","pet_unspecified","true","audit_a_5y","false","AU","Web Search","2026-10-07T11:21:38.145658+00:00"
"2023-09-10","automatic pet feeder","20","9.75","audit_a_5y","core","pet_unspecified","true","audit_a_5y","false","AU","Web Search","2026-10-07T11:21:38.145658+00:00"
"2023-09-17","automatic pet feeder","0","9.75","audit_a_5y","core","pet_unspecified","true","audit_a_5y","false","AU","Web Search","2026-10-07T11:21:38.145658+00:00"
"2023-09-24","automatic pet feeder","18","9.5","audit_a_5y","core","pet_unspecified","true","audit_a_5y","false","AU","Web Search","2026-10-07T11:21:38.145658+00:00"
"2023-10-01","automatic pet feeder","34","18","audit_a_5y","core","pet_unspecified","true","audit_a_5y","false","AU","Web Search","2026-10-07T11:21:38.145658+00:00"
"2023-10-08","automatic pet feeder","0","13","audit_a_5y","core","pet_unspecified","true","audit_a_5y","false","AU","Web Search","2026-10-07T11:21:38.145658+00:00"
"2023-10-15","automatic pet feeder","19","17.75","audit_a_5y","core","pet_unspecified","true","audit_a_5y","false","AU","Web Search","2026-10-07T11:21:38.145658+00:00"
"2023-10-22","automatic pet feeder","0","13.25","audit_a_5y","core","pet_unspecified","true","audit_a_5y","false","AU","Web Search","2026-10-07T11:21:38.145658+00:00"
"2023-10-29","automatic pet feeder","19","9.5","audit_a_5y","core","pet_unspecified","true","audit_a_5y","false","AU","Web Search","2026-10-07T11:21:38.145658+00:00"
"2023-11-05","automatic pet feeder","0","9.5","audit_a_5y","core","pet_unspecified","true","audit_a_5y","false","AU","Web Search","2026-10-07T11:21:38.145658+00:00"
"2023-11-12","automatic pet feeder","17","9","audit_a_5y","core","pet_unspecified","true","audit_a_5y","false","AU","Web Search","2026-10-07T11:21:38.145658+00:00"
"2023-11-19","automatic pet feeder","21","14.25","audit_a_5y","core","pet_unspecified","true","audit_a_5y","false","AU","Web Search","2026-10-07T11:21:38.145658+00:00"
"2023-11-26","automatic pet feeder","22","15","audit_a_5y","core","pet_unspecified","true","audit_a_5y","false","AU","Web Search","2026-10-07T11:21:38.145658+00:00"
"2023-12-03","automatic pet feeder","40","25","audit_a_5y","core","pet_unspecified","true","audit_a_5y","false","AU","Web Search","2026-10-07T11:21:38.145658+00:00"
"2023-12-10","automatic pet feeder","21","26","audit_a_5y","core","pet_unspecified","true","audit_a_5y","false","AU","Web Search","2026-10-07T11:21:38.145658+00:00"
"2023-12-17","automatic pet feeder","25","27","audit_a_5y","core","pet_unspecified","true","audit_a_5y","false","AU","Web Search","2026-10-07T11:21:38.145658+00:00"
"2023-12-24","automatic pet feeder","31","29.25","audit_a_5y","core","pet_unspecified","true","audit_a_5y","false","AU","Web Search","2026-10-07T11:21:38.145658+00:00"
"2023-12-31","automatic pet feeder","20","24.25","audit_a_5y","core","pet_unspecified","true","audit_a_5y","false","AU","Web Search","2026-10-07T11:21:38.145658+00:00"
"2024-01-07","automatic pet feeder","19","23.75","audit_a_5y","core","pet_unspecified","true","audit_a_5y","false","AU","Web Search","2026-10-07T11:21:38.145658+00:00"
"2024-01-14","automatic pet feeder","19","22.25","audit_a_5y","core","pet_unspecified","true","audit_a_5y","false","AU","Web Search","2026-10-07T11:21:38.145658+00:00"
"2024-01-21","automatic pet feeder","25","20.75","audit_a_5y","core","pet_unspecified","true","audit_a_5y","false","AU","Web Search","2026-10-07T11:21:38.145658+00:00"
"2024-01-28","automatic pet feeder","16","19.75","audit_a_5y","core","pet_unspecified","true","audit_a_5y","false","AU","Web Search","2026-10-07T11:21:38.145658+00:00"
"2024-02-04","automatic pet feeder","20","20","audit_a_5y","core","pet_unspecified","true","audit_a_5y","false","AU","Web Search","2026-10-07T11:21:38.145658+00:00"
"2024-02-11","automatic pet feeder","19","20","audit_a_5y","core","pet_unspecified","true","audit_a_5y","false","AU","Web Search","2026-10-07T11:21:38.145658+00:00"
"2024-02-18","automatic pet feeder","19","18.5","audit_a_5y","core","pet_unspecified","true","audit_a_5y","false","AU","Web Search","2026-10-07T11:21:38.145658+00:00"
"2024-02-25","automatic pet feeder","0","14.5","audit_a_5y","core","pet_unspecified","true","audit_a_5y","false","AU","Web Search","2026-10-07T11:21:38.145658+00:00"
"2024-03-03","automatic pet feeder","20","14.5","audit_a_5y","core","pet_unspecified","true","audit_a_5y","false","AU","Web Search","2026-10-07T11:21:38.145658+00:00"
"2024-03-10","automatic pet feeder","19","14.5","audit_a_5y","core","pet_unspecified","true","audit_a_5y","false","AU","Web Search","2026-10-07T11:21:38.145658+00:00"
"2024-03-17","automatic pet feeder","25","16","audit_a_5y","core","pet_unspecified","true","audit_a_5y","false","AU","Web Search","2026-10-07T11:21:38.145658+00:00"
"2024-03-24","automatic pet feeder","0","16","audit_a_5y","core","pet_unspecified","true","audit_a_5y","false","AU","Web Search","2026-10-07T11:21:38.145658+00:00"
"2024-03-31","automatic pet feeder","0","11","audit_a_5y","core","pet_unspecified","true","audit_a_5y","false","AU","Web Search","2026-10-07T11:21:38.145658+00:00"
"2024-04-07","automatic pet feeder","20","11.25","audit_a_5y","core","pet_unspecified","true","audit_a_5y","false","AU","Web Search","2026-10-07T11:21:38.145658+00:00"
"2024-04-14","automatic pet feeder","27","11.75","audit_a_5y","core","pet_unspecified","true","audit_a_5y","false","AU","Web Search","2026-10-07T11:21:38.145658+00:00"
"2024-04-21","automatic pet feeder","0","11.75","audit_a_5y","core","pet_unspecified","true","audit_a_5y","false","AU","Web Search","2026-10-07T11:21:38.145658+00:00"
"2024-04-28","automatic pet feeder","0","11.75","audit_a_5y","core","pet_unspecified","true","audit_a_5y","false","AU","Web Search","2026-10-07T11:21:38.145658+00:00"
"2024-05-05","automatic pet feeder","21","12","audit_a_5y","core","pet_unspecified","true","audit_a_5y","false","AU","Web Search","2026-10-07T11:21:38.145658+00:00"
"2024-05-12","automatic pet feeder","20","10.25","audit_a_5y","core","pet_unspecified","true","audit_a_5y","false","AU","Web Search","2026-10-07T11:21:38.145658+00:00"
"2024-05-19","automatic pet feeder","18","14.75","audit_a_5y","core","pet_unspecified","true","audit_a_5y","false","AU","Web Search","2026-10-07T11:21:38.145658+00:00"
"2024-05-26","automatic pet feeder","20","19.75","audit_a_5y","core","pet_unspecified","true","audit_a_5y","false","AU","Web Search","2026-10-07T11:21:38.145658+00:00"
"2024-06-02","automatic pet feeder","20","19.5","audit_a_5y","core","pet_unspecified","true","audit_a_5y","false","AU","Web Search","2026-10-07T11:21:38.145658+00:00"
"2024-06-09","automatic pet feeder","0","14.5","audit_a_5y","core","pet_unspecified","true","audit_a_5y","false","AU","Web Search","2026-10-07T11:21:38.145658+00:00"
"2024-06-16","automatic pet feeder","27","16.75","audit_a_5y","core","pet_unspecified","true","audit_a_5y","false","AU","Web Search","2026-10-07T11:21:38.145658+00:00"
"2024-06-23","automatic pet feeder","18","16.25","audit_a_5y","core","pet_unspecified","true","audit_a_5y","false","AU","Web Search","2026-10-07T11:21:38.145658+00:00"
"2024-06-30","automatic pet feeder","24","17.25","audit_a_5y","core","pet_unspecified","true","audit_a_5y","false","AU","Web Search","2026-10-07T11:21:38.145658+00:00"
"2024-07-07","automatic pet feeder","29","24.5","audit_a_5y","core","pet_unspecified","true","audit_a_5y","false","AU","Web Search","2026-10-07T11:21:38.145658+00:00"
"2024-07-14","automatic pet feeder","20","22.75","audit_a_5y","core","pet_unspecified","true","audit_a_5y","false","AU","Web Search","2026-10-07T11:21:38.145658+00:00"
"2024-07-21","automatic pet feeder","0","18.25","audit_a_5y","core","pet_unspecified","true","audit_a_5y","false","AU","Web Search","2026-10-07T11:21:38.145658+00:00"
"2024-07-28","automatic pet feeder","19","17","audit_a_5y","core","pet_unspecified","true","audit_a_5y","false","AU","Web Search","2026-10-07T11:21:38.145658+00:00"
"2024-08-04","automatic pet feeder","0","9.75","audit_a_5y","core","pet_unspecified","true","audit_a_5y","false","AU","Web Search","2026-10-07T11:21:38.145658+00:00"
"2024-08-11","automatic pet feeder","22","10.25","audit_a_5y","core","pet_unspecified","true","audit_a_5y","false","AU","Web Search","2026-10-07T11:21:38.145658+00:00"
"2024-08-18","automatic pet feeder","0","10.25","audit_a_5y","core","pet_unspecified","true","audit_a_5y","false","AU","Web Search","2026-10-07T11:21:38.145658+00:00"
"2024-08-25","automatic pet feeder","16","9.5","audit_a_5y","core","pet_unspecified","true","audit_a_5y","false","AU","Web Search","2026-10-07T11:21:38.145658+00:00"
"2024-09-01","automatic pet feeder","0","9.5","audit_a_5y","core","pet_unspecified","true","audit_a_5y","false","AU","Web Search","2026-10-07T11:21:38.145658+00:00"
"2024-09-08","automatic pet feeder","0","4","audit_a_5y","core","pet_unspecified","true","audit_a_5y","false","AU","Web Search","2026-10-07T11:21:38.145658+00:00"
"2024-09-15","automatic pet feeder","30","11.5","audit_a_5y","core","pet_unspecified","true","audit_a_5y","false","AU","Web Search","2026-10-07T11:21:38.145658+00:00"
"2024-09-22","automatic pet feeder","18","12","audit_a_5y","core","pet_unspecified","true","audit_a_5y","false","AU","Web Search","2026-10-07T11:21:38.145658+00:00"
"2024-09-29","automatic pet feeder","30","19.5","audit_a_5y","core","pet_unspecified","true","audit_a_5y","false","AU","Web Search","2026-10-07T11:21:38.145658+00:00"
"2024-10-06","automatic pet feeder","0","19.5","audit_a_5y","core","pet_unspecified","true","audit_a_5y","false","AU","Web Search","2026-10-07T11:21:38.145658+00:00"
"2024-10-13","automatic pet feeder","30","19.5","audit_a_5y","core","pet_unspecified","true","audit_a_5y","false","AU","Web Search","2026-10-07T11:21:38.145658+00:00"
"2024-10-20","automatic pet feeder","22","20.5","audit_a_5y","core","pet_unspecified","true","audit_a_5y","false","AU","Web Search","2026-10-07T11:21:38.145658+00:00"
"2024-10-27","automatic pet feeder","17","17.25","audit_a_5y","core","pet_unspecified","true","audit_a_5y","false","AU","Web Search","2026-10-07T11:21:38.145658+00:00"
"2024-11-03","automatic pet feeder","21","22.5","audit_a_5y","core","pet_unspecified","true","audit_a_5y","false","AU","Web Search","2026-10-07T11:21:38.145658+00:00"
"2024-11-10","automatic pet feeder","45","26.25","audit_a_5y","core","pet_unspecified","true","audit_a_5y","false","AU","Web Search","2026-10-07T11:21:38.145658+00:00"
"2024-11-17","automatic pet feeder","29","28","audit_a_5y","core","pet_unspecified","true","audit_a_5y","false","AU","Web Search","2026-10-07T11:21:38.145658+00:00"
"2024-11-24","automatic pet feeder","28","30.75","audit_a_5y","core","pet_unspecified","true","audit_a_5y","false","AU","Web Search","2026-10-07T11:21:38.145658+00:00"
"2024-12-01","automatic pet feeder","36","34.5","audit_a_5y","core","pet_unspecified","true","audit_a_5y","false","AU","Web Search","2026-10-07T11:21:38.145658+00:00"
"2024-12-08","automatic pet feeder","21","28.5","audit_a_5y","core","pet_unspecified","true","audit_a_5y","false","AU","Web Search","2026-10-07T11:21:38.145658+00:00"
"2024-12-15","automatic pet feeder","25","27.5","audit_a_5y","core","pet_unspecified","true","audit_a_5y","false","AU","Web Search","2026-10-07T11:21:38.145658+00:00"
"2024-12-22","automatic pet feeder","40","30.5","audit_a_5y","core","pet_unspecified","true","audit_a_5y","false","AU","Web Search","2026-10-07T11:21:38.145658+00:00"
"2024-12-29","automatic pet feeder","30","29","audit_a_5y","core","pet_unspecified","true","audit_a_5y","false","AU","Web Search","2026-10-07T11:21:38.145658+00:00"
"2025-01-05","automatic pet feeder","0","23.75","audit_a_5y","core","pet_unspecified","true","audit_a_5y","false","AU","Web Search","2026-10-07T11:21:38.145658+00:00"
"2025-01-12","automatic pet feeder","40","27.5","audit_a_5y","core","pet_unspecified","true","audit_a_5y","false","AU","Web Search","2026-10-07T11:21:38.145658+00:00"
"2025-01-19","automatic pet feeder","0","17.5","audit_a_5y","core","pet_unspecified","true","audit_a_5y","false","AU","Web Search","2026-10-07T11:21:38.145658+00:00"
"2025-01-26","automatic pet feeder","31","17.75","audit_a_5y","core","pet_unspecified","true","audit_a_5y","false","AU","Web Search","2026-10-07T11:21:38.145658+00:00"
"2025-02-02","automatic pet feeder","21","23","audit_a_5y","core","pet_unspecified","true","audit_a_5y","false","AU","Web Search","2026-10-07T11:21:38.145658+00:00"
"2025-02-09","automatic pet feeder","17","17.25","audit_a_5y","core","pet_unspecified","true","audit_a_5y","false","AU","Web Search","2026-10-07T11:21:38.145658+00:00"
"2025-02-16","automatic pet feeder","0","17.25","audit_a_5y","core","pet_unspecified","true","audit_a_5y","false","AU","Web Search","2026-10-07T11:21:38.145658+00:00"
"2025-02-23","automatic pet feeder","24","15.5","audit_a_5y","core","pet_unspecified","true","audit_a_5y","false","AU","Web Search","2026-10-07T11:21:38.145658+00:00"
"2025-03-02","automatic pet feeder","0","10.25","audit_a_5y","core","pet_unspecified","true","audit_a_5y","false","AU","Web Search","2026-10-07T11:21:38.145658+00:00"
"2025-03-09","automatic pet feeder","18","10.5","audit_a_5y","core","pet_unspecified","true","audit_a_5y","false","AU","Web Search","2026-10-07T11:21:38.145658+00:00"
"2025-03-16","automatic pet feeder","0","10.5","audit_a_5y","core","pet_unspecified","true","audit_a_5y","false","AU","Web Search","2026-10-07T11:21:38.145658+00:00"
"2025-03-23","automatic pet feeder","24","10.5","audit_a_5y","core","pet_unspecified","true","audit_a_5y","false","AU","Web Search","2026-10-07T11:21:38.145658+00:00"
"2025-03-30","automatic pet feeder","0","10.5","audit_a_5y","core","pet_unspecified","true","audit_a_5y","false","AU","Web Search","2026-10-07T11:21:38.145658+00:00"
"2025-04-06","automatic pet feeder","17","10.25","audit_a_5y","core","pet_unspecified","true","audit_a_5y","false","AU","Web Search","2026-10-07T11:21:38.145658+00:00"
"2025-04-13","automatic pet feeder","31","18","audit_a_5y","core","pet_unspecified","true","audit_a_5y","false","AU","Web Search","2026-10-07T11:21:38.145658+00:00"
"2025-04-20","automatic pet feeder","23","17.75","audit_a_5y","core","pet_unspecified","true","audit_a_5y","false","AU","Web Search","2026-10-07T11:21:38.145658+00:00"
"2025-04-27","automatic pet feeder","18","22.25","audit_a_5y","core","pet_unspecified","true","audit_a_5y","false","AU","Web Search","2026-10-07T11:21:38.145658+00:00"
"2025-05-04","automatic pet feeder","17","22.25","audit_a_5y","core","pet_unspecified","true","audit_a_5y","false","AU","Web Search","2026-10-07T11:21:38.145658+00:00"
"2025-05-11","automatic pet feeder","0","14.5","audit_a_5y","core","pet_unspecified","true","audit_a_5y","false","AU","Web Search","2026-10-07T11:21:38.145658+00:00"
"2025-05-18","automatic pet feeder","0","8.75","audit_a_5y","core","pet_unspecified","true","audit_a_5y","false","AU","Web Search","2026-10-07T11:21:38.145658+00:00"
"2025-05-25","automatic pet feeder","0","4.25","audit_a_5y","core","pet_unspecified","true","audit_a_5y","false","AU","Web Search","2026-10-07T11:21:38.145658+00:00"
"2025-06-01","automatic pet feeder","0","0","audit_a_5y","core","pet_unspecified","true","audit_a_5y","false","AU","Web Search","2026-10-07T11:21:38.145658+00:00"
"2025-06-08","automatic pet feeder","0","0","audit_a_5y","core","pet_unspecified","true","audit_a_5y","false","AU","Web Search","2026-10-07T11:21:38.145658+00:00"
"2025-06-15","automatic pet feeder","0","0","audit_a_5y","core","pet_unspecified","true","audit_a_5y","false","AU","Web Search","2026-10-07T11:21:38.145658+00:00"
"2025-06-22","automatic pet feeder","17","4.25","audit_a_5y","core","pet_unspecified","true","audit_a_5y","false","AU","Web Search","2026-10-07T11:21:38.145658+00:00"
"2025-06-29","automatic pet feeder","0","4.25","audit_a_5y","core","pet_unspecified","true","audit_a_5y","false","AU","Web Search","2026-10-07T11:21:38.145658+00:00"
"2025-07-06","automatic pet feeder","0","4.25","audit_a_5y","core","pet_unspecified","true","audit_a_5y","false","AU","Web Search","2026-10-07T11:21:38.145658+00:00"
"2025-07-13","automatic pet feeder","0","4.25","audit_a_5y","core","pet_unspecified","true","audit_a_5y","false","AU","Web Search","2026-10-07T11:21:38.145658+00:00"
"2025-07-20","automatic pet feeder","25","6.25","audit_a_5y","core","pet_unspecified","true","audit_a_5y","false","AU","Web Search","2026-10-07T11:21:38.145658+00:00"
"2025-07-27","automatic pet feeder","25","12.5","audit_a_5y","core","pet_unspecified","true","audit_a_5y","false","AU","Web Search","2026-10-07T11:21:38.145658+00:00"
"2025-08-03","automatic pet feeder","0","12.5","audit_a_5y","core","pet_unspecified","true","audit_a_5y","false","AU","Web Search","2026-10-07T11:21:38.145658+00:00"
"2025-08-10","automatic pet feeder","19","17.25","audit_a_5y","core","pet_unspecified","true","audit_a_5y","false","AU","Web Search","2026-10-07T11:21:38.145658+00:00"
"2025-08-17","automatic pet feeder","17","15.25","audit_a_5y","core","pet_unspecified","true","audit_a_5y","false","AU","Web Search","2026-10-07T11:21:38.145658+00:00"
"2025-08-24","automatic pet feeder","31","16.75","audit_a_5y","core","pet_unspecified","true","audit_a_5y","false","AU","Web Search","2026-10-07T11:21:38.145658+00:00"
"2025-08-31","automatic pet feeder","0","16.75","audit_a_5y","core","pet_unspecified","true","audit_a_5y","false","AU","Web Search","2026-10-07T11:21:38.145658+00:00"
"2025-09-07","automatic pet feeder","0","12","audit_a_5y","core","pet_unspecified","true","audit_a_5y","false","AU","Web Search","2026-10-07T11:21:38.145658+00:00"
"2025-09-14","automatic pet feeder","21","13","audit_a_5y","core","pet_unspecified","true","audit_a_5y","false","AU","Web Search","2026-10-07T11:21:38.145658+00:00"
"2025-09-21","automatic pet feeder","18","9.75","audit_a_5y","core","pet_unspecified","true","audit_a_5y","false","AU","Web Search","2026-10-07T11:21:38.145658+00:00"
"2025-09-28","automatic pet feeder","33","18","audit_a_5y","core","pet_unspecified","true","audit_a_5y","false","AU","Web Search","2026-10-07T11:21:38.145658+00:00"
"2025-10-05","automatic pet feeder","0","18","audit_a_5y","core","pet_unspecified","true","audit_a_5y","false","AU","Web Search","2026-10-07T11:21:38.145658+00:00"
"2025-10-12","automatic pet feeder","23","18.5","audit_a_5y","core","pet_unspecified","true","audit_a_5y","false","AU","Web Search","2026-10-07T11:21:38.145658+00:00"
"2025-10-19","automatic pet feeder","32","22","audit_a_5y","core","pet_unspecified","true","audit_a_5y","false","AU","Web Search","2026-10-07T11:21:38.145658+00:00"
"2025-10-26","automatic pet feeder","0","13.75","audit_a_5y","core","pet_unspecified","true","audit_a_5y","false","AU","Web Search","2026-10-07T11:21:38.145658+00:00"
"2025-11-02","automatic pet feeder","16","17.75","audit_a_5y","core","pet_unspecified","true","audit_a_5y","false","AU","Web Search","2026-10-07T11:21:38.145658+00:00"
"2025-11-09","automatic pet feeder","22","17.5","audit_a_5y","core","pet_unspecified","true","audit_a_5y","false","AU","Web Search","2026-10-07T11:21:38.145658+00:00"
"2025-11-16","automatic pet feeder","25","15.75","audit_a_5y","core","pet_unspecified","true","audit_a_5y","false","AU","Web Search","2026-10-07T11:21:38.145658+00:00"
"2025-11-23","automatic pet feeder","22","21.25","audit_a_5y","core","pet_unspecified","true","audit_a_5y","false","AU","Web Search","2026-10-07T11:21:38.145658+00:00"
"2025-11-30","automatic pet feeder","29","24.5","audit_a_5y","core","pet_unspecified","true","audit_a_5y","false","AU","Web Search","2026-10-07T11:21:38.145658+00:00"
"2025-12-07","automatic pet feeder","31","26.75","audit_a_5y","core","pet_unspecified","true","audit_a_5y","false","AU","Web Search","2026-10-07T11:21:38.145658+00:00"
"2025-12-14","automatic pet feeder","0","20.5","audit_a_5y","core","pet_unspecified","true","audit_a_5y","false","AU","Web Search","2026-10-07T11:21:38.145658+00:00"
"2025-12-21","automatic pet feeder","27","21.75","audit_a_5y","core","pet_unspecified","true","audit_a_5y","false","AU","Web Search","2026-10-07T11:21:38.145658+00:00"
"2025-12-28","automatic pet feeder","28","21.5","audit_a_5y","core","pet_unspecified","true","audit_a_5y","false","AU","Web Search","2026-10-07T11:21:38.145658+00:00"
"2026-01-04","automatic pet feeder","27","20.5","audit_a_5y","core","pet_unspecified","true","audit_a_5y","false","AU","Web Search","2026-10-07T11:21:38.145658+00:00"
"2026-01-11","automatic pet feeder","29","27.75","audit_a_5y","core","pet_unspecified","true","audit_a_5y","false","AU","Web Search","2026-10-07T11:21:38.145658+00:00"
"2026-01-18","automatic pet feeder","20","26","audit_a_5y","core","pet_unspecified","true","audit_a_5y","false","AU","Web Search","2026-10-07T11:21:38.145658+00:00"
"2026-01-25","automatic pet feeder","18","23.5","audit_a_5y","core","pet_unspecified","true","audit_a_5y","false","AU","Web Search","2026-10-07T11:21:38.145658+00:00"
"2026-02-01","automatic pet feeder","20","21.75","audit_a_5y","core","pet_unspecified","true","audit_a_5y","false","AU","Web Search","2026-10-07T11:21:38.145658+00:00"
"2026-02-08","automatic pet feeder","19","19.25","audit_a_5y","core","pet_unspecified","true","audit_a_5y","false","AU","Web Search","2026-10-07T11:21:38.145658+00:00"
"2026-02-15","automatic pet feeder","28","21.25","audit_a_5y","core","pet_unspecified","true","audit_a_5y","false","AU","Web Search","2026-10-07T11:21:38.145658+00:00"
"2026-02-22","automatic pet feeder","18","21.25","audit_a_5y","core","pet_unspecified","true","audit_a_5y","false","AU","Web Search","2026-10-07T11:21:38.145658+00:00"
"2026-03-01","automatic pet feeder","19","21","audit_a_5y","core","pet_unspecified","true","audit_a_5y","false","AU","Web Search","2026-10-07T11:21:38.145658+00:00"
"2026-03-08","automatic pet feeder","0","16.25","audit_a_5y","core","pet_unspecified","true","audit_a_5y","false","AU","Web Search","2026-10-07T11:21:38.145658+00:00"
"2026-03-15","automatic pet feeder","0","9.25","audit_a_5y","core","pet_unspecified","true","audit_a_5y","false","AU","Web Search","2026-10-07T11:21:38.145658+00:00"
"2026-03-22","automatic pet feeder","0","4.75","audit_a_5y","core","pet_unspecified","true","audit_a_5y","false","AU","Web Search","2026-10-07T11:21:38.145658+00:00"
"2026-03-29","automatic pet feeder","17","4.25","audit_a_5y","core","pet_unspecified","true","audit_a_5y","false","AU","Web Search","2026-10-07T11:21:38.145658+00:00"
"2026-04-05","automatic pet feeder","28","11.25","audit_a_5y","core","pet_unspecified","true","audit_a_5y","false","AU","Web Search","2026-10-07T11:21:38.145658+00:00"
"2026-04-12","automatic pet feeder","25","17.5","audit_a_5y","core","pet_unspecified","true","audit_a_5y","false","AU","Web Search","2026-10-07T11:21:38.145658+00:00"
"2026-04-19","automatic pet feeder","0","17.5","audit_a_5y","core","pet_unspecified","true","audit_a_5y","false","AU","Web Search","2026-10-07T11:21:38.145658+00:00"
"2026-04-26","automatic pet feeder","27","20","audit_a_5y","core","pet_unspecified","true","audit_a_5y","false","AU","Web Search","2026-10-07T11:21:38.145658+00:00"
"2026-05-03","automatic pet feeder","0","13","audit_a_5y","core","pet_unspecified","true","audit_a_5y","false","AU","Web Search","2026-10-07T11:21:38.145658+00:00"
"2026-05-10","automatic pet feeder","23","12.5","audit_a_5y","core","pet_unspecified","true","audit_a_5y","false","AU","Web Search","2026-10-07T11:21:38.145658+00:00"
"2026-05-17","automatic pet feeder","21","17.75","audit_a_5y","core","pet_unspecified","true","audit_a_5y","false","AU","Web Search","2026-10-07T11:21:38.145658+00:00"
"2026-05-24","automatic pet feeder","0","11","audit_a_5y","core","pet_unspecified","true","audit_a_5y","false","AU","Web Search","2026-10-07T11:21:38.145658+00:00"
"2026-05-31","automatic pet feeder","0","11","audit_a_5y","core","pet_unspecified","true","audit_a_5y","false","AU","Web Search","2026-10-07T11:21:38.145658+00:00"
"2026-06-07","automatic pet feeder","0","5.25","audit_a_5y","core","pet_unspecified","true","audit_a_5y","false","AU","Web Search","2026-10-07T11:21:38.145658+00:00"
"2026-06-14","automatic pet feeder","27","6.75","audit_a_5y","core","pet_unspecified","true","audit_a_5y","false","AU","Web Search","2026-10-07T11:21:38.145658+00:00"
"2026-06-21","automatic pet feeder","0","6.75","audit_a_5y","core","pet_unspecified","true","audit_a_5y","false","AU","Web Search","2026-10-07T11:21:38.145658+00:00"
"2026-06-28","automatic pet feeder","18","11.25","audit_a_5y","core","pet_unspecified","true","audit_a_5y","false","AU","Web Search","2026-10-07T11:21:38.145658+00:00"
"2026-07-05","automatic pet feeder","26","17.75","audit_a_5y","core","pet_unspecified","true","audit_a_5y","false","AU","Web Search","2026-10-07T11:21:38.145658+00:00"
"2026-07-12","automatic pet feeder","23","16.75","audit_a_5y","core","pet_unspecified","true","audit_a_5y","false","AU","Web Search","2026-10-07T11:21:38.145658+00:00"
"2026-07-19","automatic pet feeder","27","23.5","audit_a_5y","core","pet_unspecified","true","audit_a_5y","false","AU","Web Search","2026-10-07T11:21:38.145658+00:00"
"2026-07-26","automatic pet feeder","16","23","audit_a_5y","core","pet_unspecified","true","audit_a_5y","false","AU","Web Search","2026-10-07T11:21:38.145658+00:00"
"2026-08-02","automatic pet feeder","0","16.5","audit_a_5y","core","pet_unspecified","true","audit_a_5y","false","AU","Web Search","2026-10-07T11:21:38.145658+00:00"
"2026-08-09","automatic pet feeder","0","10.75","audit_a_5y","core","pet_unspecified","true","audit_a_5y","false","AU","Web Search","2026-10-07T11:21:38.145658+00:00"
"2026-08-16","automatic pet feeder","17","8.25","audit_a_5y","core","pet_unspecified","true","audit_a_5y","false","AU","Web Search","2026-10-07T11:21:38.145658+00:00"
"2026-08-23","automatic pet feeder","20","9.25","audit_a_5y","core","pet_unspecified","true","audit_a_5y","false","AU","Web Search","2026-10-07T11:21:38.145658+00:00"
"2026-08-30","automatic pet feeder","0","9.25","audit_a_5y","core","pet_unspecified","true","audit_a_5y","false","AU","Web Search","2026-10-07T11:21:38.145658+00:00"
"2026-09-06","automatic pet feeder","0","9.25","audit_a_5y","core","pet_unspecified","true","audit_a_5y","false","AU","Web Search","2026-10-07T11:21:38.145658+00:00"
"2026-09-13","automatic pet feeder","27","11.75","audit_a_5y","core","pet_unspecified","true","audit_a_5y","false","AU","Web Search","2026-10-07T11:21:38.145658+00:00"
"2026-09-20","automatic pet feeder","19","11.5","audit_a_5y","core","pet_unspecified","true","audit_a_5y","false","AU","Web Search","2026-10-07T11:21:38.145658+00:00"
"2026-09-27","automatic pet feeder","19","16.25","audit_a_5y","core","pet_unspecified","true","audit_a_5y","false","AU","Web Search","2026-10-07T11:21:38.145658+00:00"
"2026-10-04","automatic pet feeder","16","20.25","audit_a_5y","core","pet_unspecified","true","audit_a_5y","true","AU","Web Search","2026-10-07T11:21:38.145658+00:00"
"2021-10-03","automatic cat feeder","23",,"audit_a_5y","core","cat","true","audit_a_5y","true","AU","Web Search","2026-10-07T11:21:38.145658+00:00"
"2021-10-10","automatic cat feeder","0",,"audit_a_5y","core","cat","true","audit_a_5y","false","AU","Web Search","2026-10-07T11:21:38.145658+00:00"
"2021-10-17","automatic cat feeder","0",,"audit_a_5y","core","cat","true","audit_a_5y","false","AU","Web Search","2026-10-07T11:21:38.145658+00:00"
"2021-10-24","automatic cat feeder","0","5.75","audit_a_5y","core","cat","true","audit_a_5y","false","AU","Web Search","2026-10-07T11:21:38.145658+00:00"
"2021-10-31","automatic cat feeder","26","6.5","audit_a_5y","core","cat","true","audit_a_5y","false","AU","Web Search","2026-10-07T11:21:38.145658+00:00"
"2021-11-07","automatic cat feeder","23","12.25","audit_a_5y","core","cat","true","audit_a_5y","false","AU","Web Search","2026-10-07T11:21:38.145658+00:00"
"2021-11-14","automatic cat feeder","0","12.25","audit_a_5y","core","cat","true","audit_a_5y","false","AU","Web Search","2026-10-07T11:21:38.145658+00:00"
"2021-11-21","automatic cat feeder","21","17.5","audit_a_5y","core","cat","true","audit_a_5y","false","AU","Web Search","2026-10-07T11:21:38.145658+00:00"
"2021-11-28","automatic cat feeder","21","16.25","audit_a_5y","core","cat","true","audit_a_5y","false","AU","Web Search","2026-10-07T11:21:38.145658+00:00"
"2021-12-05","automatic cat feeder","23","16.25","audit_a_5y","core","cat","true","audit_a_5y","false","AU","Web Search","2026-10-07T11:21:38.145658+00:00"
"2021-12-12","automatic cat feeder","0","16.25","audit_a_5y","core","cat","true","audit_a_5y","false","AU","Web Search","2026-10-07T11:21:38.145658+00:00"
"2021-12-19","automatic cat feeder","23","16.75","audit_a_5y","core","cat","true","audit_a_5y","false","AU","Web Search","2026-10-07T11:21:38.145658+00:00"
"2021-12-26","automatic cat feeder","26","18","audit_a_5y","core","cat","true","audit_a_5y","false","AU","Web Search","2026-10-07T11:21:38.145658+00:00"
"2022-01-02","automatic cat feeder","30","19.75","audit_a_5y","core","cat","true","audit_a_5y","false","AU","Web Search","2026-10-07T11:21:38.145658+00:00"
"2022-01-09","automatic cat feeder","27","26.5","audit_a_5y","core","cat","true","audit_a_5y","false","AU","Web Search","2026-10-07T11:21:38.145658+00:00"
"2022-01-16","automatic cat feeder","22","26.25","audit_a_5y","core","cat","true","audit_a_5y","false","AU","Web Search","2026-10-07T11:21:38.145658+00:00"
"2022-01-23","automatic cat feeder","0","19.75","audit_a_5y","core","cat","true","audit_a_5y","false","AU","Web Search","2026-10-07T11:21:38.145658+00:00"
"2022-01-30","automatic cat feeder","23","18","audit_a_5y","core","cat","true","audit_a_5y","false","AU","Web Search","2026-10-07T11:21:38.145658+00:00"
"2022-02-06","automatic cat feeder","21","16.5","audit_a_5y","core","cat","true","audit_a_5y","false","AU","Web Search","2026-10-07T11:21:38.145658+00:00"
"2022-02-13","automatic cat feeder","23","16.75","audit_a_5y","core","cat","true","audit_a_5y","false","AU","Web Search","2026-10-07T11:21:38.145658+00:00"
"2022-02-20","automatic cat feeder","30","24.25","audit_a_5y","core","cat","true","audit_a_5y","false","AU","Web Search","2026-10-07T11:21:38.145658+00:00"
"2022-02-27","automatic cat feeder","20","23.5","audit_a_5y","core","cat","true","audit_a_5y","false","AU","Web Search","2026-10-07T11:21:38.145658+00:00"
"2022-03-06","automatic cat feeder","27","25","audit_a_5y","core","cat","true","audit_a_5y","false","AU","Web Search","2026-10-07T11:21:38.145658+00:00"
"2022-03-13","automatic cat feeder","32","27.25","audit_a_5y","core","cat","true","audit_a_5y","false","AU","Web Search","2026-10-07T11:21:38.145658+00:00"
"2022-03-20","automatic cat feeder","22","25.25","audit_a_5y","core","cat","true","audit_a_5y","false","AU","Web Search","2026-10-07T11:21:38.145658+00:00"
"2022-03-27","automatic cat feeder","23","26","audit_a_5y","core","cat","true","audit_a_5y","false","AU","Web Search","2026-10-07T11:21:38.145658+00:00"
"2022-04-03","automatic cat feeder","32","27.25","audit_a_5y","core","cat","true","audit_a_5y","false","AU","Web Search","2026-10-07T11:21:38.145658+00:00"
"2022-04-10","automatic cat feeder","33","27.5","audit_a_5y","core","cat","true","audit_a_5y","false","AU","Web Search","2026-10-07T11:21:38.145658+00:00"
"2022-04-17","automatic cat feeder","37","31.25","audit_a_5y","core","cat","true","audit_a_5y","false","AU","Web Search","2026-10-07T11:21:38.145658+00:00"
"2022-04-24","automatic cat feeder","35","34.25","audit_a_5y","core","cat","true","audit_a_5y","false","AU","Web Search","2026-10-07T11:21:38.145658+00:00"
"2022-05-01","automatic cat feeder","20","31.25","audit_a_5y","core","cat","true","audit_a_5y","false","AU","Web Search","2026-10-07T11:21:38.145658+00:00"
"2022-05-08","automatic cat feeder","25","29.25","audit_a_5y","core","cat","true","audit_a_5y","false","AU","Web Search","2026-10-07T11:21:38.145658+00:00"
"2022-05-15","automatic cat feeder","23","25.75","audit_a_5y","core","cat","true","audit_a_5y","false","AU","Web Search","2026-10-07T11:21:38.145658+00:00"
"2022-05-22","automatic cat feeder","0","17","audit_a_5y","core","cat","true","audit_a_5y","false","AU","Web Search","2026-10-07T11:21:38.145658+00:00"
"2022-05-29","automatic cat feeder","19","16.75","audit_a_5y","core","cat","true","audit_a_5y","false","AU","Web Search","2026-10-07T11:21:38.145658+00:00"
"2022-06-05","automatic cat feeder","27","17.25","audit_a_5y","core","cat","true","audit_a_5y","false","AU","Web Search","2026-10-07T11:21:38.145658+00:00"
"2022-06-12","automatic cat feeder","26","18","audit_a_5y","core","cat","true","audit_a_5y","false","AU","Web Search","2026-10-07T11:21:38.145658+00:00"
"2022-06-19","automatic cat feeder","39","27.75","audit_a_5y","core","cat","true","audit_a_5y","false","AU","Web Search","2026-10-07T11:21:38.145658+00:00"
"2022-06-26","automatic cat feeder","19","27.75","audit_a_5y","core","cat","true","audit_a_5y","false","AU","Web Search","2026-10-07T11:21:38.145658+00:00"
"2022-07-03","automatic cat feeder","24","27","audit_a_5y","core","cat","true","audit_a_5y","false","AU","Web Search","2026-10-07T11:21:38.145658+00:00"
"2022-07-10","automatic cat feeder","16","24.5","audit_a_5y","core","cat","true","audit_a_5y","false","AU","Web Search","2026-10-07T11:21:38.145658+00:00"
"2022-07-17","automatic cat feeder","34","23.25","audit_a_5y","core","cat","true","audit_a_5y","false","AU","Web Search","2026-10-07T11:21:38.145658+00:00"
"2022-07-24","automatic cat feeder","29","25.75","audit_a_5y","core","cat","true","audit_a_5y","false","AU","Web Search","2026-10-07T11:21:38.145658+00:00"
"2022-07-31","automatic cat feeder","21","25","audit_a_5y","core","cat","true","audit_a_5y","false","AU","Web Search","2026-10-07T11:21:38.145658+00:00"
"2022-08-07","automatic cat feeder","32","29","audit_a_5y","core","cat","true","audit_a_5y","false","AU","Web Search","2026-10-07T11:21:38.145658+00:00"
"2022-08-14","automatic cat feeder","21","25.75","audit_a_5y","core","cat","true","audit_a_5y","false","AU","Web Search","2026-10-07T11:21:38.145658+00:00"
"2022-08-21","automatic cat feeder","19","23.25","audit_a_5y","core","cat","true","audit_a_5y","false","AU","Web Search","2026-10-07T11:21:38.145658+00:00"
"2022-08-28","automatic cat feeder","30","25.5","audit_a_5y","core","cat","true","audit_a_5y","false","AU","Web Search","2026-10-07T11:21:38.145658+00:00"
"2022-09-04","automatic cat feeder","0","17.5","audit_a_5y","core","cat","true","audit_a_5y","false","AU","Web Search","2026-10-07T11:21:38.145658+00:00"
"2022-09-11","automatic cat feeder","27","19","audit_a_5y","core","cat","true","audit_a_5y","false","AU","Web Search","2026-10-07T11:21:38.145658+00:00"
"2022-09-18","automatic cat feeder","40","24.25","audit_a_5y","core","cat","true","audit_a_5y","false","AU","Web Search","2026-10-07T11:21:38.145658+00:00"
"2022-09-25","automatic cat feeder","0","16.75","audit_a_5y","core","cat","true","audit_a_5y","false","AU","Web Search","2026-10-07T11:21:38.145658+00:00"
"2022-10-02","automatic cat feeder","30","24.25","audit_a_5y","core","cat","true","audit_a_5y","false","AU","Web Search","2026-10-07T11:21:38.145658+00:00"
"2022-10-09","automatic cat feeder","18","22","audit_a_5y","core","cat","true","audit_a_5y","false","AU","Web Search","2026-10-07T11:21:38.145658+00:00"
"2022-10-16","automatic cat feeder","39","21.75","audit_a_5y","core","cat","true","audit_a_5y","false","AU","Web Search","2026-10-07T11:21:38.145658+00:00"
"2022-10-23","automatic cat feeder","27","28.5","audit_a_5y","core","cat","true","audit_a_5y","false","AU","Web Search","2026-10-07T11:21:38.145658+00:00"
"2022-10-30","automatic cat feeder","28","28","audit_a_5y","core","cat","true","audit_a_5y","false","AU","Web Search","2026-10-07T11:21:38.145658+00:00"
"2022-11-06","automatic cat feeder","31","31.25","audit_a_5y","core","cat","true","audit_a_5y","false","AU","Web Search","2026-10-07T11:21:38.145658+00:00"
"2022-11-13","automatic cat feeder","27","28.25","audit_a_5y","core","cat","true","audit_a_5y","false","AU","Web Search","2026-10-07T11:21:38.145658+00:00"
"2022-11-20","automatic cat feeder","27","28.25","audit_a_5y","core","cat","true","audit_a_5y","false","AU","Web Search","2026-10-07T11:21:38.145658+00:00"
"2022-11-27","automatic cat feeder","36","30.25","audit_a_5y","core","cat","true","audit_a_5y","false","AU","Web Search","2026-10-07T11:21:38.145658+00:00"
"2022-12-04","automatic cat feeder","33","30.75","audit_a_5y","core","cat","true","audit_a_5y","false","AU","Web Search","2026-10-07T11:21:38.145658+00:00"
"2022-12-11","automatic cat feeder","29","31.25","audit_a_5y","core","cat","true","audit_a_5y","false","AU","Web Search","2026-10-07T11:21:38.145658+00:00"
"2022-12-18","automatic cat feeder","29","31.75","audit_a_5y","core","cat","true","audit_a_5y","false","AU","Web Search","2026-10-07T11:21:38.145658+00:00"
"2022-12-25","automatic cat feeder","31","30.5","audit_a_5y","core","cat","true","audit_a_5y","false","AU","Web Search","2026-10-07T11:21:38.145658+00:00"
"2023-01-01","automatic cat feeder","22","27.75","audit_a_5y","core","cat","true","audit_a_5y","false","AU","Web Search","2026-10-07T11:21:38.145658+00:00"
"2023-01-08","automatic cat feeder","38","30","audit_a_5y","core","cat","true","audit_a_5y","false","AU","Web Search","2026-10-07T11:21:38.145658+00:00"
"2023-01-15","automatic cat feeder","32","30.75","audit_a_5y","core","cat","true","audit_a_5y","false","AU","Web Search","2026-10-07T11:21:38.145658+00:00"
"2023-01-22","automatic cat feeder","16","27","audit_a_5y","core","cat","true","audit_a_5y","false","AU","Web Search","2026-10-07T11:21:38.145658+00:00"
"2023-01-29","automatic cat feeder","0","21.5","audit_a_5y","core","cat","true","audit_a_5y","false","AU","Web Search","2026-10-07T11:21:38.145658+00:00"
"2023-02-05","automatic cat feeder","17","16.25","audit_a_5y","core","cat","true","audit_a_5y","false","AU","Web Search","2026-10-07T11:21:38.145658+00:00"
"2023-02-12","automatic cat feeder","0","8.25","audit_a_5y","core","cat","true","audit_a_5y","false","AU","Web Search","2026-10-07T11:21:38.145658+00:00"
"2023-02-19","automatic cat feeder","23","10","audit_a_5y","core","cat","true","audit_a_5y","false","AU","Web Search","2026-10-07T11:21:38.145658+00:00"
"2023-02-26","automatic cat feeder","25","16.25","audit_a_5y","core","cat","true","audit_a_5y","false","AU","Web Search","2026-10-07T11:21:38.145658+00:00"
"2023-03-05","automatic cat feeder","24","18","audit_a_5y","core","cat","true","audit_a_5y","false","AU","Web Search","2026-10-07T11:21:38.145658+00:00"
"2023-03-12","automatic cat feeder","24","24","audit_a_5y","core","cat","true","audit_a_5y","false","AU","Web Search","2026-10-07T11:21:38.145658+00:00"
"2023-03-19","automatic cat feeder","35","27","audit_a_5y","core","cat","true","audit_a_5y","false","AU","Web Search","2026-10-07T11:21:38.145658+00:00"
"2023-03-26","automatic cat feeder","21","26","audit_a_5y","core","cat","true","audit_a_5y","false","AU","Web Search","2026-10-07T11:21:38.145658+00:00"
"2023-04-02","automatic cat feeder","22","25.5","audit_a_5y","core","cat","true","audit_a_5y","false","AU","Web Search","2026-10-07T11:21:38.145658+00:00"
"2023-04-09","automatic cat feeder","0","19.5","audit_a_5y","core","cat","true","audit_a_5y","false","AU","Web Search","2026-10-07T11:21:38.145658+00:00"
"2023-04-16","automatic cat feeder","30","18.25","audit_a_5y","core","cat","true","audit_a_5y","false","AU","Web Search","2026-10-07T11:21:38.145658+00:00"
"2023-04-23","automatic cat feeder","24","19","audit_a_5y","core","cat","true","audit_a_5y","false","AU","Web Search","2026-10-07T11:21:38.145658+00:00"
"2023-04-30","automatic cat feeder","21","18.75","audit_a_5y","core","cat","true","audit_a_5y","false","AU","Web Search","2026-10-07T11:21:38.145658+00:00"
"2023-05-07","automatic cat feeder","24","24.75","audit_a_5y","core","cat","true","audit_a_5y","false","AU","Web Search","2026-10-07T11:21:38.145658+00:00"
"2023-05-14","automatic cat feeder","16","21.25","audit_a_5y","core","cat","true","audit_a_5y","false","AU","Web Search","2026-10-07T11:21:38.145658+00:00"
"2023-05-21","automatic cat feeder","25","21.5","audit_a_5y","core","cat","true","audit_a_5y","false","AU","Web Search","2026-10-07T11:21:38.145658+00:00"
"2023-05-28","automatic cat feeder","29","23.5","audit_a_5y","core","cat","true","audit_a_5y","false","AU","Web Search","2026-10-07T11:21:38.145658+00:00"
"2023-06-04","automatic cat feeder","21","22.75","audit_a_5y","core","cat","true","audit_a_5y","false","AU","Web Search","2026-10-07T11:21:38.145658+00:00"
"2023-06-11","automatic cat feeder","17","23","audit_a_5y","core","cat","true","audit_a_5y","false","AU","Web Search","2026-10-07T11:21:38.145658+00:00"
"2023-06-18","automatic cat feeder","0","16.75","audit_a_5y","core","cat","true","audit_a_5y","false","AU","Web Search","2026-10-07T11:21:38.145658+00:00"
"2023-06-25","automatic cat feeder","48","21.5","audit_a_5y","core","cat","true","audit_a_5y","false","AU","Web Search","2026-10-07T11:21:38.145658+00:00"
"2023-07-02","automatic cat feeder","39","26","audit_a_5y","core","cat","true","audit_a_5y","false","AU","Web Search","2026-10-07T11:21:38.145658+00:00"
"2023-07-09","automatic cat feeder","27","28.5","audit_a_5y","core","cat","true","audit_a_5y","false","AU","Web Search","2026-10-07T11:21:38.145658+00:00"
"2023-07-16","automatic cat feeder","0","28.5","audit_a_5y","core","cat","true","audit_a_5y","false","AU","Web Search","2026-10-07T11:21:38.145658+00:00"
"2023-07-23","automatic cat feeder","18","21","audit_a_5y","core","cat","true","audit_a_5y","false","AU","Web Search","2026-10-07T11:21:38.145658+00:00"
"2023-07-30","automatic cat feeder","0","11.25","audit_a_5y","core","cat","true","audit_a_5y","false","AU","Web Search","2026-10-07T11:21:38.145658+00:00"
"2023-08-06","automatic cat feeder","23","10.25","audit_a_5y","core","cat","true","audit_a_5y","false","AU","Web Search","2026-10-07T11:21:38.145658+00:00"
"2023-08-13","automatic cat feeder","24","16.25","audit_a_5y","core","cat","true","audit_a_5y","false","AU","Web Search","2026-10-07T11:21:38.145658+00:00"
"2023-08-20","automatic cat feeder","0","11.75","audit_a_5y","core","cat","true","audit_a_5y","false","AU","Web Search","2026-10-07T11:21:38.145658+00:00"
"2023-08-27","automatic cat feeder","23","17.5","audit_a_5y","core","cat","true","audit_a_5y","false","AU","Web Search","2026-10-07T11:21:38.145658+00:00"
"2023-09-03","automatic cat feeder","23","17.5","audit_a_5y","core","cat","true","audit_a_5y","false","AU","Web Search","2026-10-07T11:21:38.145658+00:00"
"2023-09-10","automatic cat feeder","0","11.5","audit_a_5y","core","cat","true","audit_a_5y","false","AU","Web Search","2026-10-07T11:21:38.145658+00:00"
"2023-09-17","automatic cat feeder","21","16.75","audit_a_5y","core","cat","true","audit_a_5y","false","AU","Web Search","2026-10-07T11:21:38.145658+00:00"
"2023-09-24","automatic cat feeder","23","16.75","audit_a_5y","core","cat","true","audit_a_5y","false","AU","Web Search","2026-10-07T11:21:38.145658+00:00"
"2023-10-01","automatic cat feeder","24","17","audit_a_5y","core","cat","true","audit_a_5y","false","AU","Web Search","2026-10-07T11:21:38.145658+00:00"
"2023-10-08","automatic cat feeder","16","21","audit_a_5y","core","cat","true","audit_a_5y","false","AU","Web Search","2026-10-07T11:21:38.145658+00:00"
"2023-10-15","automatic cat feeder","27","22.5","audit_a_5y","core","cat","true","audit_a_5y","false","AU","Web Search","2026-10-07T11:21:38.145658+00:00"
"2023-10-22","automatic cat feeder","23","22.5","audit_a_5y","core","cat","true","audit_a_5y","false","AU","Web Search","2026-10-07T11:21:38.145658+00:00"
"2023-10-29","automatic cat feeder","0","16.5","audit_a_5y","core","cat","true","audit_a_5y","false","AU","Web Search","2026-10-07T11:21:38.145658+00:00"
"2023-11-05","automatic cat feeder","25","18.75","audit_a_5y","core","cat","true","audit_a_5y","false","AU","Web Search","2026-10-07T11:21:38.145658+00:00"
"2023-11-12","automatic cat feeder","0","12","audit_a_5y","core","cat","true","audit_a_5y","false","AU","Web Search","2026-10-07T11:21:38.145658+00:00"
"2023-11-19","automatic cat feeder","23","12","audit_a_5y","core","cat","true","audit_a_5y","false","AU","Web Search","2026-10-07T11:21:38.145658+00:00"
"2023-11-26","automatic cat feeder","27","18.75","audit_a_5y","core","cat","true","audit_a_5y","false","AU","Web Search","2026-10-07T11:21:38.145658+00:00"
"2023-12-03","automatic cat feeder","42","23","audit_a_5y","core","cat","true","audit_a_5y","false","AU","Web Search","2026-10-07T11:21:38.145658+00:00"
"2023-12-10","automatic cat feeder","31","30.75","audit_a_5y","core","cat","true","audit_a_5y","false","AU","Web Search","2026-10-07T11:21:38.145658+00:00"
"2023-12-17","automatic cat feeder","51","37.75","audit_a_5y","core","cat","true","audit_a_5y","false","AU","Web Search","2026-10-07T11:21:38.145658+00:00"
"2023-12-24","automatic cat feeder","38","40.5","audit_a_5y","core","cat","true","audit_a_5y","false","AU","Web Search","2026-10-07T11:21:38.145658+00:00"
"2023-12-31","automatic cat feeder","35","38.75","audit_a_5y","core","cat","true","audit_a_5y","false","AU","Web Search","2026-10-07T11:21:38.145658+00:00"
"2024-01-07","automatic cat feeder","31","38.75","audit_a_5y","core","cat","true","audit_a_5y","false","AU","Web Search","2026-10-07T11:21:38.145658+00:00"
"2024-01-14","automatic cat feeder","0","26","audit_a_5y","core","cat","true","audit_a_5y","false","AU","Web Search","2026-10-07T11:21:38.145658+00:00"
"2024-01-21","automatic cat feeder","26","23","audit_a_5y","core","cat","true","audit_a_5y","false","AU","Web Search","2026-10-07T11:21:38.145658+00:00"
"2024-01-28","automatic cat feeder","27","21","audit_a_5y","core","cat","true","audit_a_5y","false","AU","Web Search","2026-10-07T11:21:38.145658+00:00"
"2024-02-04","automatic cat feeder","18","17.75","audit_a_5y","core","cat","true","audit_a_5y","false","AU","Web Search","2026-10-07T11:21:38.145658+00:00"
"2024-02-11","automatic cat feeder","17","22","audit_a_5y","core","cat","true","audit_a_5y","false","AU","Web Search","2026-10-07T11:21:38.145658+00:00"
"2024-02-18","automatic cat feeder","0","15.5","audit_a_5y","core","cat","true","audit_a_5y","false","AU","Web Search","2026-10-07T11:21:38.145658+00:00"
"2024-02-25","automatic cat feeder","30","16.25","audit_a_5y","core","cat","true","audit_a_5y","false","AU","Web Search","2026-10-07T11:21:38.145658+00:00"
"2024-03-03","automatic cat feeder","17","16","audit_a_5y","core","cat","true","audit_a_5y","false","AU","Web Search","2026-10-07T11:21:38.145658+00:00"
"2024-03-10","automatic cat feeder","17","16","audit_a_5y","core","cat","true","audit_a_5y","false","AU","Web Search","2026-10-07T11:21:38.145658+00:00"
"2024-03-17","automatic cat feeder","37","25.25","audit_a_5y","core","cat","true","audit_a_5y","false","AU","Web Search","2026-10-07T11:21:38.145658+00:00"
"2024-03-24","automatic cat feeder","29","25","audit_a_5y","core","cat","true","audit_a_5y","false","AU","Web Search","2026-10-07T11:21:38.145658+00:00"
"2024-03-31","automatic cat feeder","26","27.25","audit_a_5y","core","cat","true","audit_a_5y","false","AU","Web Search","2026-10-07T11:21:38.145658+00:00"
"2024-04-07","automatic cat feeder","29","30.25","audit_a_5y","core","cat","true","audit_a_5y","false","AU","Web Search","2026-10-07T11:21:38.145658+00:00"
"2024-04-14","automatic cat feeder","20","26","audit_a_5y","core","cat","true","audit_a_5y","false","AU","Web Search","2026-10-07T11:21:38.145658+00:00"
"2024-04-21","automatic cat feeder","31","26.5","audit_a_5y","core","cat","true","audit_a_5y","false","AU","Web Search","2026-10-07T11:21:38.145658+00:00"
"2024-04-28","automatic cat feeder","25","26.25","audit_a_5y","core","cat","true","audit_a_5y","false","AU","Web Search","2026-10-07T11:21:38.145658+00:00"
"2024-05-05","automatic cat feeder","23","24.75","audit_a_5y","core","cat","true","audit_a_5y","false","AU","Web Search","2026-10-07T11:21:38.145658+00:00"
"2024-05-12","automatic cat feeder","19","24.5","audit_a_5y","core","cat","true","audit_a_5y","false","AU","Web Search","2026-10-07T11:21:38.145658+00:00"
"2024-05-19","automatic cat feeder","29","24","audit_a_5y","core","cat","true","audit_a_5y","false","AU","Web Search","2026-10-07T11:21:38.145658+00:00"
"2024-05-26","automatic cat feeder","23","23.5","audit_a_5y","core","cat","true","audit_a_5y","false","AU","Web Search","2026-10-07T11:21:38.145658+00:00"
"2024-06-02","automatic cat feeder","29","25","audit_a_5y","core","cat","true","audit_a_5y","false","AU","Web Search","2026-10-07T11:21:38.145658+00:00"
"2024-06-09","automatic cat feeder","26","26.75","audit_a_5y","core","cat","true","audit_a_5y","false","AU","Web Search","2026-10-07T11:21:38.145658+00:00"
"2024-06-16","automatic cat feeder","27","26.25","audit_a_5y","core","cat","true","audit_a_5y","false","AU","Web Search","2026-10-07T11:21:38.145658+00:00"
"2024-06-23","automatic cat feeder","28","27.5","audit_a_5y","core","cat","true","audit_a_5y","false","AU","Web Search","2026-10-07T11:21:38.145658+00:00"
"2024-06-30","automatic cat feeder","24","26.25","audit_a_5y","core","cat","true","audit_a_5y","false","AU","Web Search","2026-10-07T11:21:38.145658+00:00"
"2024-07-07","automatic cat feeder","30","27.25","audit_a_5y","core","cat","true","audit_a_5y","false","AU","Web Search","2026-10-07T11:21:38.145658+00:00"
"2024-07-14","automatic cat feeder","22","26","audit_a_5y","core","cat","true","audit_a_5y","false","AU","Web Search","2026-10-07T11:21:38.145658+00:00"
"2024-07-21","automatic cat feeder","33","27.25","audit_a_5y","core","cat","true","audit_a_5y","false","AU","Web Search","2026-10-07T11:21:38.145658+00:00"
"2024-07-28","automatic cat feeder","35","30","audit_a_5y","core","cat","true","audit_a_5y","false","AU","Web Search","2026-10-07T11:21:38.145658+00:00"
"2024-08-04","automatic cat feeder","26","29","audit_a_5y","core","cat","true","audit_a_5y","false","AU","Web Search","2026-10-07T11:21:38.145658+00:00"
"2024-08-11","automatic cat feeder","26","30","audit_a_5y","core","cat","true","audit_a_5y","false","AU","Web Search","2026-10-07T11:21:38.145658+00:00"
"2024-08-18","automatic cat feeder","44","32.75","audit_a_5y","core","cat","true","audit_a_5y","false","AU","Web Search","2026-10-07T11:21:38.145658+00:00"
"2024-08-25","automatic cat feeder","22","29.5","audit_a_5y","core","cat","true","audit_a_5y","false","AU","Web Search","2026-10-07T11:21:38.145658+00:00"
"2024-09-01","automatic cat feeder","0","23","audit_a_5y","core","cat","true","audit_a_5y","false","AU","Web Search","2026-10-07T11:21:38.145658+00:00"
"2024-09-08","automatic cat feeder","33","24.75","audit_a_5y","core","cat","true","audit_a_5y","false","AU","Web Search","2026-10-07T11:21:38.145658+00:00"
"2024-09-15","automatic cat feeder","32","21.75","audit_a_5y","core","cat","true","audit_a_5y","false","AU","Web Search","2026-10-07T11:21:38.145658+00:00"
"2024-09-22","automatic cat feeder","27","23","audit_a_5y","core","cat","true","audit_a_5y","false","AU","Web Search","2026-10-07T11:21:38.145658+00:00"
"2024-09-29","automatic cat feeder","46","34.5","audit_a_5y","core","cat","true","audit_a_5y","false","AU","Web Search","2026-10-07T11:21:38.145658+00:00"
"2024-10-06","automatic cat feeder","0","26.25","audit_a_5y","core","cat","true","audit_a_5y","false","AU","Web Search","2026-10-07T11:21:38.145658+00:00"
"2024-10-13","automatic cat feeder","26","24.75","audit_a_5y","core","cat","true","audit_a_5y","false","AU","Web Search","2026-10-07T11:21:38.145658+00:00"
"2024-10-20","automatic cat feeder","41","28.25","audit_a_5y","core","cat","true","audit_a_5y","false","AU","Web Search","2026-10-07T11:21:38.145658+00:00"
"2024-10-27","automatic cat feeder","21","22","audit_a_5y","core","cat","true","audit_a_5y","false","AU","Web Search","2026-10-07T11:21:38.145658+00:00"
"2024-11-03","automatic cat feeder","37","31.25","audit_a_5y","core","cat","true","audit_a_5y","false","AU","Web Search","2026-10-07T11:21:38.145658+00:00"
"2024-11-10","automatic cat feeder","16","28.75","audit_a_5y","core","cat","true","audit_a_5y","false","AU","Web Search","2026-10-07T11:21:38.145658+00:00"
"2024-11-17","automatic cat feeder","28","25.5","audit_a_5y","core","cat","true","audit_a_5y","false","AU","Web Search","2026-10-07T11:21:38.145658+00:00"
"2024-11-24","automatic cat feeder","40","30.25","audit_a_5y","core","cat","true","audit_a_5y","false","AU","Web Search","2026-10-07T11:21:38.145658+00:00"
"2024-12-01","automatic cat feeder","40","31","audit_a_5y","core","cat","true","audit_a_5y","false","AU","Web Search","2026-10-07T11:21:38.145658+00:00"
"2024-12-08","automatic cat feeder","32","35","audit_a_5y","core","cat","true","audit_a_5y","false","AU","Web Search","2026-10-07T11:21:38.145658+00:00"
"2024-12-15","automatic cat feeder","48","40","audit_a_5y","core","cat","true","audit_a_5y","false","AU","Web Search","2026-10-07T11:21:38.145658+00:00"
"2024-12-22","automatic cat feeder","49","42.25","audit_a_5y","core","cat","true","audit_a_5y","false","AU","Web Search","2026-10-07T11:21:38.145658+00:00"
"2024-12-29","automatic cat feeder","36","41.25","audit_a_5y","core","cat","true","audit_a_5y","false","AU","Web Search","2026-10-07T11:21:38.145658+00:00"
"2025-01-05","automatic cat feeder","21","38.5","audit_a_5y","core","cat","true","audit_a_5y","false","AU","Web Search","2026-10-07T11:21:38.145658+00:00"
"2025-01-12","automatic cat feeder","26","33","audit_a_5y","core","cat","true","audit_a_5y","false","AU","Web Search","2026-10-07T11:21:38.145658+00:00"
"2025-01-19","automatic cat feeder","24","26.75","audit_a_5y","core","cat","true","audit_a_5y","false","AU","Web Search","2026-10-07T11:21:38.145658+00:00"
"2025-01-26","automatic cat feeder","36","26.75","audit_a_5y","core","cat","true","audit_a_5y","false","AU","Web Search","2026-10-07T11:21:38.145658+00:00"
"2025-02-02","automatic cat feeder","0","21.5","audit_a_5y","core","cat","true","audit_a_5y","false","AU","Web Search","2026-10-07T11:21:38.145658+00:00"
"2025-02-09","automatic cat feeder","19","19.75","audit_a_5y","core","cat","true","audit_a_5y","false","AU","Web Search","2026-10-07T11:21:38.145658+00:00"
"2025-02-16","automatic cat feeder","17","18","audit_a_5y","core","cat","true","audit_a_5y","false","AU","Web Search","2026-10-07T11:21:38.145658+00:00"
"2025-02-23","automatic cat feeder","22","14.5","audit_a_5y","core","cat","true","audit_a_5y","false","AU","Web Search","2026-10-07T11:21:38.145658+00:00"
"2025-03-02","automatic cat feeder","29","21.75","audit_a_5y","core","cat","true","audit_a_5y","false","AU","Web Search","2026-10-07T11:21:38.145658+00:00"
"2025-03-09","automatic cat feeder","21","22.25","audit_a_5y","core","cat","true","audit_a_5y","false","AU","Web Search","2026-10-07T11:21:38.145658+00:00"
"2025-03-16","automatic cat feeder","22","23.5","audit_a_5y","core","cat","true","audit_a_5y","false","AU","Web Search","2026-10-07T11:21:38.145658+00:00"
"2025-03-23","automatic cat feeder","22","23.5","audit_a_5y","core","cat","true","audit_a_5y","false","AU","Web Search","2026-10-07T11:21:38.145658+00:00"
"2025-03-30","automatic cat feeder","21","21.5","audit_a_5y","core","cat","true","audit_a_5y","false","AU","Web Search","2026-10-07T11:21:38.145658+00:00"
"2025-04-06","automatic cat feeder","33","24.5","audit_a_5y","core","cat","true","audit_a_5y","false","AU","Web Search","2026-10-07T11:21:38.145658+00:00"
"2025-04-13","automatic cat feeder","38","28.5","audit_a_5y","core","cat","true","audit_a_5y","false","AU","Web Search","2026-10-07T11:21:38.145658+00:00"
"2025-04-20","automatic cat feeder","29","30.25","audit_a_5y","core","cat","true","audit_a_5y","false","AU","Web Search","2026-10-07T11:21:38.145658+00:00"
"2025-04-27","automatic cat feeder","36","34","audit_a_5y","core","cat","true","audit_a_5y","false","AU","Web Search","2026-10-07T11:21:38.145658+00:00"
"2025-05-04","automatic cat feeder","26","32.25","audit_a_5y","core","cat","true","audit_a_5y","false","AU","Web Search","2026-10-07T11:21:38.145658+00:00"
"2025-05-11","automatic cat feeder","24","28.75","audit_a_5y","core","cat","true","audit_a_5y","false","AU","Web Search","2026-10-07T11:21:38.145658+00:00"
"2025-05-18","automatic cat feeder","21","26.75","audit_a_5y","core","cat","true","audit_a_5y","false","AU","Web Search","2026-10-07T11:21:38.145658+00:00"
"2025-05-25","automatic cat feeder","0","17.75","audit_a_5y","core","cat","true","audit_a_5y","false","AU","Web Search","2026-10-07T11:21:38.145658+00:00"
"2025-06-01","automatic cat feeder","32","19.25","audit_a_5y","core","cat","true","audit_a_5y","false","AU","Web Search","2026-10-07T11:21:38.145658+00:00"
"2025-06-08","automatic cat feeder","24","19.25","audit_a_5y","core","cat","true","audit_a_5y","false","AU","Web Search","2026-10-07T11:21:38.145658+00:00"
"2025-06-15","automatic cat feeder","26","20.5","audit_a_5y","core","cat","true","audit_a_5y","false","AU","Web Search","2026-10-07T11:21:38.145658+00:00"
"2025-06-22","automatic cat feeder","28","27.5","audit_a_5y","core","cat","true","audit_a_5y","false","AU","Web Search","2026-10-07T11:21:38.145658+00:00"
"2025-06-29","automatic cat feeder","27","26.25","audit_a_5y","core","cat","true","audit_a_5y","false","AU","Web Search","2026-10-07T11:21:38.145658+00:00"
"2025-07-06","automatic cat feeder","31","28","audit_a_5y","core","cat","true","audit_a_5y","false","AU","Web Search","2026-10-07T11:21:38.145658+00:00"
"2025-07-13","automatic cat feeder","28","28.5","audit_a_5y","core","cat","true","audit_a_5y","false","AU","Web Search","2026-10-07T11:21:38.145658+00:00"
"2025-07-20","automatic cat feeder","24","27.5","audit_a_5y","core","cat","true","audit_a_5y","false","AU","Web Search","2026-10-07T11:21:38.145658+00:00"
"2025-07-27","automatic cat feeder","28","27.75","audit_a_5y","core","cat","true","audit_a_5y","false","AU","Web Search","2026-10-07T11:21:38.145658+00:00"
"2025-08-03","automatic cat feeder","41","30.25","audit_a_5y","core","cat","true","audit_a_5y","false","AU","Web Search","2026-10-07T11:21:38.145658+00:00"
"2025-08-10","automatic cat feeder","26","29.75","audit_a_5y","core","cat","true","audit_a_5y","false","AU","Web Search","2026-10-07T11:21:38.145658+00:00"
"2025-08-17","automatic cat feeder","17","28","audit_a_5y","core","cat","true","audit_a_5y","false","AU","Web Search","2026-10-07T11:21:38.145658+00:00"
"2025-08-24","automatic cat feeder","36","30","audit_a_5y","core","cat","true","audit_a_5y","false","AU","Web Search","2026-10-07T11:21:38.145658+00:00"
"2025-08-31","automatic cat feeder","24","25.75","audit_a_5y","core","cat","true","audit_a_5y","false","AU","Web Search","2026-10-07T11:21:38.145658+00:00"
"2025-09-07","automatic cat feeder","25","25.5","audit_a_5y","core","cat","true","audit_a_5y","false","AU","Web Search","2026-10-07T11:21:38.145658+00:00"
"2025-09-14","automatic cat feeder","38","30.75","audit_a_5y","core","cat","true","audit_a_5y","false","AU","Web Search","2026-10-07T11:21:38.145658+00:00"
"2025-09-21","automatic cat feeder","47","33.5","audit_a_5y","core","cat","true","audit_a_5y","false","AU","Web Search","2026-10-07T11:21:38.145658+00:00"
"2025-09-28","automatic cat feeder","38","37","audit_a_5y","core","cat","true","audit_a_5y","false","AU","Web Search","2026-10-07T11:21:38.145658+00:00"
"2025-10-05","automatic cat feeder","41","41","audit_a_5y","core","cat","true","audit_a_5y","false","AU","Web Search","2026-10-07T11:21:38.145658+00:00"
"2025-10-12","automatic cat feeder","34","40","audit_a_5y","core","cat","true","audit_a_5y","false","AU","Web Search","2026-10-07T11:21:38.145658+00:00"
"2025-10-19","automatic cat feeder","32","36.25","audit_a_5y","core","cat","true","audit_a_5y","false","AU","Web Search","2026-10-07T11:21:38.145658+00:00"
"2025-10-26","automatic cat feeder","37","36","audit_a_5y","core","cat","true","audit_a_5y","false","AU","Web Search","2026-10-07T11:21:38.145658+00:00"
"2025-11-02","automatic cat feeder","29","33","audit_a_5y","core","cat","true","audit_a_5y","false","AU","Web Search","2026-10-07T11:21:38.145658+00:00"
"2025-11-09","automatic cat feeder","24","30.5","audit_a_5y","core","cat","true","audit_a_5y","false","AU","Web Search","2026-10-07T11:21:38.145658+00:00"
"2025-11-16","automatic cat feeder","31","30.25","audit_a_5y","core","cat","true","audit_a_5y","false","AU","Web Search","2026-10-07T11:21:38.145658+00:00"
"2025-11-23","automatic cat feeder","35","29.75","audit_a_5y","core","cat","true","audit_a_5y","false","AU","Web Search","2026-10-07T11:21:38.145658+00:00"
"2025-11-30","automatic cat feeder","35","31.25","audit_a_5y","core","cat","true","audit_a_5y","false","AU","Web Search","2026-10-07T11:21:38.145658+00:00"
"2025-12-07","automatic cat feeder","41","35.5","audit_a_5y","core","cat","true","audit_a_5y","false","AU","Web Search","2026-10-07T11:21:38.145658+00:00"
"2025-12-14","automatic cat feeder","48","39.75","audit_a_5y","core","cat","true","audit_a_5y","false","AU","Web Search","2026-10-07T11:21:38.145658+00:00"
"2025-12-21","automatic cat feeder","46","42.5","audit_a_5y","core","cat","true","audit_a_5y","false","AU","Web Search","2026-10-07T11:21:38.145658+00:00"
"2025-12-28","automatic cat feeder","38","43.25","audit_a_5y","core","cat","true","audit_a_5y","false","AU","Web Search","2026-10-07T11:21:38.145658+00:00"
"2026-01-04","automatic cat feeder","32","41","audit_a_5y","core","cat","true","audit_a_5y","false","AU","Web Search","2026-10-07T11:21:38.145658+00:00"
"2026-01-11","automatic cat feeder","33","37.25","audit_a_5y","core","cat","true","audit_a_5y","false","AU","Web Search","2026-10-07T11:21:38.145658+00:00"
"2026-01-18","automatic cat feeder","33","34","audit_a_5y","core","cat","true","audit_a_5y","false","AU","Web Search","2026-10-07T11:21:38.145658+00:00"
"2026-01-25","automatic cat feeder","37","33.75","audit_a_5y","core","cat","true","audit_a_5y","false","AU","Web Search","2026-10-07T11:21:38.145658+00:00"
"2026-02-01","automatic cat feeder","33","34","audit_a_5y","core","cat","true","audit_a_5y","false","AU","Web Search","2026-10-07T11:21:38.145658+00:00"
"2026-02-08","automatic cat feeder","23","31.5","audit_a_5y","core","cat","true","audit_a_5y","false","AU","Web Search","2026-10-07T11:21:38.145658+00:00"
"2026-02-15","automatic cat feeder","41","33.5","audit_a_5y","core","cat","true","audit_a_5y","false","AU","Web Search","2026-10-07T11:21:38.145658+00:00"
"2026-02-22","automatic cat feeder","35","33","audit_a_5y","core","cat","true","audit_a_5y","false","AU","Web Search","2026-10-07T11:21:38.145658+00:00"
"2026-03-01","automatic cat feeder","29","32","audit_a_5y","core","cat","true","audit_a_5y","false","AU","Web Search","2026-10-07T11:21:38.145658+00:00"
"2026-03-08","automatic cat feeder","30","33.75","audit_a_5y","core","cat","true","audit_a_5y","false","AU","Web Search","2026-10-07T11:21:38.145658+00:00"
"2026-03-15","automatic cat feeder","29","30.75","audit_a_5y","core","cat","true","audit_a_5y","false","AU","Web Search","2026-10-07T11:21:38.145658+00:00"
"2026-03-22","automatic cat feeder","26","28.5","audit_a_5y","core","cat","true","audit_a_5y","false","AU","Web Search","2026-10-07T11:21:38.145658+00:00"
"2026-03-29","automatic cat feeder","61","36.5","audit_a_5y","core","cat","true","audit_a_5y","false","AU","Web Search","2026-10-07T11:21:38.145658+00:00"
"2026-04-05","automatic cat feeder","47","40.75","audit_a_5y","core","cat","true","audit_a_5y","false","AU","Web Search","2026-10-07T11:21:38.145658+00:00"
"2026-04-12","automatic cat feeder","49","45.75","audit_a_5y","core","cat","true","audit_a_5y","false","AU","Web Search","2026-10-07T11:21:38.145658+00:00"
"2026-04-19","automatic cat feeder","27","46","audit_a_5y","core","cat","true","audit_a_5y","false","AU","Web Search","2026-10-07T11:21:38.145658+00:00"
"2026-04-26","automatic cat feeder","30","38.25","audit_a_5y","core","cat","true","audit_a_5y","false","AU","Web Search","2026-10-07T11:21:38.145658+00:00"
"2026-05-03","automatic cat feeder","40","36.5","audit_a_5y","core","cat","true","audit_a_5y","false","AU","Web Search","2026-10-07T11:21:38.145658+00:00"
"2026-05-10","automatic cat feeder","34","32.75","audit_a_5y","core","cat","true","audit_a_5y","false","AU","Web Search","2026-10-07T11:21:38.145658+00:00"
"2026-05-17","automatic cat feeder","18","30.5","audit_a_5y","core","cat","true","audit_a_5y","false","AU","Web Search","2026-10-07T11:21:38.145658+00:00"
"2026-05-24","automatic cat feeder","33","31.25","audit_a_5y","core","cat","true","audit_a_5y","false","AU","Web Search","2026-10-07T11:21:38.145658+00:00"
"2026-05-31","automatic cat feeder","26","27.75","audit_a_5y","core","cat","true","audit_a_5y","false","AU","Web Search","2026-10-07T11:21:38.145658+00:00"
"2026-06-07","automatic cat feeder","21","24.5","audit_a_5y","core","cat","true","audit_a_5y","false","AU","Web Search","2026-10-07T11:21:38.145658+00:00"
"2026-06-14","automatic cat feeder","38","29.5","audit_a_5y","core","cat","true","audit_a_5y","false","AU","Web Search","2026-10-07T11:21:38.145658+00:00"
"2026-06-21","automatic cat feeder","39","31","audit_a_5y","core","cat","true","audit_a_5y","false","AU","Web Search","2026-10-07T11:21:38.145658+00:00"
"2026-06-28","automatic cat feeder","37","33.75","audit_a_5y","core","cat","true","audit_a_5y","false","AU","Web Search","2026-10-07T11:21:38.145658+00:00"
"2026-07-05","automatic cat feeder","45","39.75","audit_a_5y","core","cat","true","audit_a_5y","false","AU","Web Search","2026-10-07T11:21:38.145658+00:00"
"2026-07-12","automatic cat feeder","37","39.5","audit_a_5y","core","cat","true","audit_a_5y","false","AU","Web Search","2026-10-07T11:21:38.145658+00:00"
"2026-07-19","automatic cat feeder","26","36.25","audit_a_5y","core","cat","true","audit_a_5y","false","AU","Web Search","2026-10-07T11:21:38.145658+00:00"
"2026-07-26","automatic cat feeder","18","31.5","audit_a_5y","core","cat","true","audit_a_5y","false","AU","Web Search","2026-10-07T11:21:38.145658+00:00"
"2026-08-02","automatic cat feeder","26","26.75","audit_a_5y","core","cat","true","audit_a_5y","false","AU","Web Search","2026-10-07T11:21:38.145658+00:00"
"2026-08-09","automatic cat feeder","30","25","audit_a_5y","core","cat","true","audit_a_5y","false","AU","Web Search","2026-10-07T11:21:38.145658+00:00"
"2026-08-16","automatic cat feeder","37","27.75","audit_a_5y","core","cat","true","audit_a_5y","false","AU","Web Search","2026-10-07T11:21:38.145658+00:00"
"2026-08-23","automatic cat feeder","44","34.25","audit_a_5y","core","cat","true","audit_a_5y","false","AU","Web Search","2026-10-07T11:21:38.145658+00:00"
"2026-08-30","automatic cat feeder","31","35.5","audit_a_5y","core","cat","true","audit_a_5y","false","AU","Web Search","2026-10-07T11:21:38.145658+00:00"
"2026-09-06","automatic cat feeder","31","35.75","audit_a_5y","core","cat","true","audit_a_5y","false","AU","Web Search","2026-10-07T11:21:38.145658+00:00"
"2026-09-13","automatic cat feeder","31","34.25","audit_a_5y","core","cat","true","audit_a_5y","false","AU","Web Search","2026-10-07T11:21:38.145658+00:00"
"2026-09-20","automatic cat feeder","30","30.75","audit_a_5y","core","cat","true","audit_a_5y","false","AU","Web Search","2026-10-07T11:21:38.145658+00:00"
"2026-09-27","automatic cat feeder","42","33.5","audit_a_5y","core","cat","true","audit_a_5y","false","AU","Web Search","2026-10-07T11:21:38.145658+00:00"
"2026-10-04","automatic cat feeder","35","34.5","audit_a_5y","core","cat","true","audit_a_5y","true","AU","Web Search","2026-10-07T11:21:38.145658+00:00"
"2021-10-03","automatic dog feeder","0",,"audit_a_5y","diagnostic","dog","false","audit_a_5y","true","AU","Web Search","2026-10-07T11:21:38.145658+00:00"
"2021-10-10","automatic dog feeder","20",,"audit_a_5y","diagnostic","dog","false","audit_a_5y","false","AU","Web Search","2026-10-07T11:21:38.145658+00:00"
"2021-10-17","automatic dog feeder","0",,"audit_a_5y","diagnostic","dog","false","audit_a_5y","false","AU","Web Search","2026-10-07T11:21:38.145658+00:00"
"2021-10-24","automatic dog feeder","0","5","audit_a_5y","diagnostic","dog","false","audit_a_5y","false","AU","Web Search","2026-10-07T11:21:38.145658+00:00"
"2021-10-31","automatic dog feeder","0","5","audit_a_5y","diagnostic","dog","false","audit_a_5y","false","AU","Web Search","2026-10-07T11:21:38.145658+00:00"
"2021-11-07","automatic dog feeder","0","0","audit_a_5y","diagnostic","dog","false","audit_a_5y","false","AU","Web Search","2026-10-07T11:21:38.145658+00:00"
"2021-11-14","automatic dog feeder","0","0","audit_a_5y","diagnostic","dog","false","audit_a_5y","false","AU","Web Search","2026-10-07T11:21:38.145658+00:00"
"2021-11-21","automatic dog feeder","19","4.75","audit_a_5y","diagnostic","dog","false","audit_a_5y","false","AU","Web Search","2026-10-07T11:21:38.145658+00:00"
"2021-11-28","automatic dog feeder","0","4.75","audit_a_5y","diagnostic","dog","false","audit_a_5y","false","AU","Web Search","2026-10-07T11:21:38.145658+00:00"
"2021-12-05","automatic dog feeder","0","4.75","audit_a_5y","diagnostic","dog","false","audit_a_5y","false","AU","Web Search","2026-10-07T11:21:38.145658+00:00"
"2021-12-12","automatic dog feeder","0","4.75","audit_a_5y","diagnostic","dog","false","audit_a_5y","false","AU","Web Search","2026-10-07T11:21:38.145658+00:00"
"2021-12-19","automatic dog feeder","0","0","audit_a_5y","diagnostic","dog","false","audit_a_5y","false","AU","Web Search","2026-10-07T11:21:38.145658+00:00"
"2021-12-26","automatic dog feeder","0","0","audit_a_5y","diagnostic","dog","false","audit_a_5y","false","AU","Web Search","2026-10-07T11:21:38.145658+00:00"
"2022-01-02","automatic dog feeder","0","0","audit_a_5y","diagnostic","dog","false","audit_a_5y","false","AU","Web Search","2026-10-07T11:21:38.145658+00:00"
"2022-01-09","automatic dog feeder","0","0","audit_a_5y","diagnostic","dog","false","audit_a_5y","false","AU","Web Search","2026-10-07T11:21:38.145658+00:00"
"2022-01-16","automatic dog feeder","0","0","audit_a_5y","diagnostic","dog","false","audit_a_5y","false","AU","Web Search","2026-10-07T11:21:38.145658+00:00"
"2022-01-23","automatic dog feeder","19","4.75","audit_a_5y","diagnostic","dog","false","audit_a_5y","false","AU","Web Search","2026-10-07T11:21:38.145658+00:00"
"2022-01-30","automatic dog feeder","0","4.75","audit_a_5y","diagnostic","dog","false","audit_a_5y","false","AU","Web Search","2026-10-07T11:21:38.145658+00:00"
"2022-02-06","automatic dog feeder","0","4.75","audit_a_5y","diagnostic","dog","false","audit_a_5y","false","AU","Web Search","2026-10-07T11:21:38.145658+00:00"
"2022-02-13","automatic dog feeder","0","4.75","audit_a_5y","diagnostic","dog","false","audit_a_5y","false","AU","Web Search","2026-10-07T11:21:38.145658+00:00"
"2022-02-20","automatic dog feeder","0","0","audit_a_5y","diagnostic","dog","false","audit_a_5y","false","AU","Web Search","2026-10-07T11:21:38.145658+00:00"
"2022-02-27","automatic dog feeder","0","0","audit_a_5y","diagnostic","dog","false","audit_a_5y","false","AU","Web Search","2026-10-07T11:21:38.145658+00:00"
"2022-03-06","automatic dog feeder","0","0","audit_a_5y","diagnostic","dog","false","audit_a_5y","false","AU","Web Search","2026-10-07T11:21:38.145658+00:00"
"2022-03-13","automatic dog feeder","16","4","audit_a_5y","diagnostic","dog","false","audit_a_5y","false","AU","Web Search","2026-10-07T11:21:38.145658+00:00"
"2022-03-20","automatic dog feeder","0","4","audit_a_5y","diagnostic","dog","false","audit_a_5y","false","AU","Web Search","2026-10-07T11:21:38.145658+00:00"
"2022-03-27","automatic dog feeder","0","4","audit_a_5y","diagnostic","dog","false","audit_a_5y","false","AU","Web Search","2026-10-07T11:21:38.145658+00:00"
"2022-04-03","automatic dog feeder","0","4","audit_a_5y","diagnostic","dog","false","audit_a_5y","false","AU","Web Search","2026-10-07T11:21:38.145658+00:00"
"2022-04-10","automatic dog feeder","0","0","audit_a_5y","diagnostic","dog","false","audit_a_5y","false","AU","Web Search","2026-10-07T11:21:38.145658+00:00"
"2022-04-17","automatic dog feeder","0","0","audit_a_5y","diagnostic","dog","false","audit_a_5y","false","AU","Web Search","2026-10-07T11:21:38.145658+00:00"
"2022-04-24","automatic dog feeder","0","0","audit_a_5y","diagnostic","dog","false","audit_a_5y","false","AU","Web Search","2026-10-07T11:21:38.145658+00:00"
"2022-05-01","automatic dog feeder","0","0","audit_a_5y","diagnostic","dog","false","audit_a_5y","false","AU","Web Search","2026-10-07T11:21:38.145658+00:00"
"2022-05-08","automatic dog feeder","0","0","audit_a_5y","diagnostic","dog","false","audit_a_5y","false","AU","Web Search","2026-10-07T11:21:38.145658+00:00"
"2022-05-15","automatic dog feeder","0","0","audit_a_5y","diagnostic","dog","false","audit_a_5y","false","AU","Web Search","2026-10-07T11:21:38.145658+00:00"
"2022-05-22","automatic dog feeder","0","0","audit_a_5y","diagnostic","dog","false","audit_a_5y","false","AU","Web Search","2026-10-07T11:21:38.145658+00:00"
"2022-05-29","automatic dog feeder","0","0","audit_a_5y","diagnostic","dog","false","audit_a_5y","false","AU","Web Search","2026-10-07T11:21:38.145658+00:00"
"2022-06-05","automatic dog feeder","0","0","audit_a_5y","diagnostic","dog","false","audit_a_5y","false","AU","Web Search","2026-10-07T11:21:38.145658+00:00"
"2022-06-12","automatic dog feeder","0","0","audit_a_5y","diagnostic","dog","false","audit_a_5y","false","AU","Web Search","2026-10-07T11:21:38.145658+00:00"
"2022-06-19","automatic dog feeder","20","5","audit_a_5y","diagnostic","dog","false","audit_a_5y","false","AU","Web Search","2026-10-07T11:21:38.145658+00:00"
"2022-06-26","automatic dog feeder","0","5","audit_a_5y","diagnostic","dog","false","audit_a_5y","false","AU","Web Search","2026-10-07T11:21:38.145658+00:00"
"2022-07-03","automatic dog feeder","0","5","audit_a_5y","diagnostic","dog","false","audit_a_5y","false","AU","Web Search","2026-10-07T11:21:38.145658+00:00"
"2022-07-10","automatic dog feeder","0","5","audit_a_5y","diagnostic","dog","false","audit_a_5y","false","AU","Web Search","2026-10-07T11:21:38.145658+00:00"
"2022-07-17","automatic dog feeder","0","0","audit_a_5y","diagnostic","dog","false","audit_a_5y","false","AU","Web Search","2026-10-07T11:21:38.145658+00:00"
"2022-07-24","automatic dog feeder","0","0","audit_a_5y","diagnostic","dog","false","audit_a_5y","false","AU","Web Search","2026-10-07T11:21:38.145658+00:00"
"2022-07-31","automatic dog feeder","0","0","audit_a_5y","diagnostic","dog","false","audit_a_5y","false","AU","Web Search","2026-10-07T11:21:38.145658+00:00"
"2022-08-07","automatic dog feeder","0","0","audit_a_5y","diagnostic","dog","false","audit_a_5y","false","AU","Web Search","2026-10-07T11:21:38.145658+00:00"
"2022-08-14","automatic dog feeder","0","0","audit_a_5y","diagnostic","dog","false","audit_a_5y","false","AU","Web Search","2026-10-07T11:21:38.145658+00:00"
"2022-08-21","automatic dog feeder","0","0","audit_a_5y","diagnostic","dog","false","audit_a_5y","false","AU","Web Search","2026-10-07T11:21:38.145658+00:00"
"2022-08-28","automatic dog feeder","0","0","audit_a_5y","diagnostic","dog","false","audit_a_5y","false","AU","Web Search","2026-10-07T11:21:38.145658+00:00"
"2022-09-04","automatic dog feeder","18","4.5","audit_a_5y","diagnostic","dog","false","audit_a_5y","false","AU","Web Search","2026-10-07T11:21:38.145658+00:00"
"2022-09-11","automatic dog feeder","0","4.5","audit_a_5y","diagnostic","dog","false","audit_a_5y","false","AU","Web Search","2026-10-07T11:21:38.145658+00:00"
"2022-09-18","automatic dog feeder","0","4.5","audit_a_5y","diagnostic","dog","false","audit_a_5y","false","AU","Web Search","2026-10-07T11:21:38.145658+00:00"
"2022-09-25","automatic dog feeder","27","11.25","audit_a_5y","diagnostic","dog","false","audit_a_5y","false","AU","Web Search","2026-10-07T11:21:38.145658+00:00"
"2022-10-02","automatic dog feeder","0","6.75","audit_a_5y","diagnostic","dog","false","audit_a_5y","false","AU","Web Search","2026-10-07T11:21:38.145658+00:00"
"2022-10-09","automatic dog feeder","0","6.75","audit_a_5y","diagnostic","dog","false","audit_a_5y","false","AU","Web Search","2026-10-07T11:21:38.145658+00:00"
"2022-10-16","automatic dog feeder","0","6.75","audit_a_5y","diagnostic","dog","false","audit_a_5y","false","AU","Web Search","2026-10-07T11:21:38.145658+00:00"
"2022-10-23","automatic dog feeder","0","0","audit_a_5y","diagnostic","dog","false","audit_a_5y","false","AU","Web Search","2026-10-07T11:21:38.145658+00:00"
"2022-10-30","automatic dog feeder","0","0","audit_a_5y","diagnostic","dog","false","audit_a_5y","false","AU","Web Search","2026-10-07T11:21:38.145658+00:00"
"2022-11-06","automatic dog feeder","0","0","audit_a_5y","diagnostic","dog","false","audit_a_5y","false","AU","Web Search","2026-10-07T11:21:38.145658+00:00"
"2022-11-13","automatic dog feeder","0","0","audit_a_5y","diagnostic","dog","false","audit_a_5y","false","AU","Web Search","2026-10-07T11:21:38.145658+00:00"
"2022-11-20","automatic dog feeder","0","0","audit_a_5y","diagnostic","dog","false","audit_a_5y","false","AU","Web Search","2026-10-07T11:21:38.145658+00:00"
"2022-11-27","automatic dog feeder","0","0","audit_a_5y","diagnostic","dog","false","audit_a_5y","false","AU","Web Search","2026-10-07T11:21:38.145658+00:00"
"2022-12-04","automatic dog feeder","0","0","audit_a_5y","diagnostic","dog","false","audit_a_5y","false","AU","Web Search","2026-10-07T11:21:38.145658+00:00"
"2022-12-11","automatic dog feeder","0","0","audit_a_5y","diagnostic","dog","false","audit_a_5y","false","AU","Web Search","2026-10-07T11:21:38.145658+00:00"
"2022-12-18","automatic dog feeder","19","4.75","audit_a_5y","diagnostic","dog","false","audit_a_5y","false","AU","Web Search","2026-10-07T11:21:38.145658+00:00"
"2022-12-25","automatic dog feeder","0","4.75","audit_a_5y","diagnostic","dog","false","audit_a_5y","false","AU","Web Search","2026-10-07T11:21:38.145658+00:00"
"2023-01-01","automatic dog feeder","21","10","audit_a_5y","diagnostic","dog","false","audit_a_5y","false","AU","Web Search","2026-10-07T11:21:38.145658+00:00"
"2023-01-08","automatic dog feeder","0","10","audit_a_5y","diagnostic","dog","false","audit_a_5y","false","AU","Web Search","2026-10-07T11:21:38.145658+00:00"
"2023-01-15","automatic dog feeder","0","5.25","audit_a_5y","diagnostic","dog","false","audit_a_5y","false","AU","Web Search","2026-10-07T11:21:38.145658+00:00"
"2023-01-22","automatic dog feeder","0","5.25","audit_a_5y","diagnostic","dog","false","audit_a_5y","false","AU","Web Search","2026-10-07T11:21:38.145658+00:00"
"2023-01-29","automatic dog feeder","0","0","audit_a_5y","diagnostic","dog","false","audit_a_5y","false","AU","Web Search","2026-10-07T11:21:38.145658+00:00"
"2023-02-05","automatic dog feeder","0","0","audit_a_5y","diagnostic","dog","false","audit_a_5y","false","AU","Web Search","2026-10-07T11:21:38.145658+00:00"
"2023-02-12","automatic dog feeder","0","0","audit_a_5y","diagnostic","dog","false","audit_a_5y","false","AU","Web Search","2026-10-07T11:21:38.145658+00:00"
"2023-02-19","automatic dog feeder","0","0","audit_a_5y","diagnostic","dog","false","audit_a_5y","false","AU","Web Search","2026-10-07T11:21:38.145658+00:00"
"2023-02-26","automatic dog feeder","15","3.75","audit_a_5y","diagnostic","dog","false","audit_a_5y","false","AU","Web Search","2026-10-07T11:21:38.145658+00:00"
"2023-03-05","automatic dog feeder","0","3.75","audit_a_5y","diagnostic","dog","false","audit_a_5y","false","AU","Web Search","2026-10-07T11:21:38.145658+00:00"
"2023-03-12","automatic dog feeder","0","3.75","audit_a_5y","diagnostic","dog","false","audit_a_5y","false","AU","Web Search","2026-10-07T11:21:38.145658+00:00"
"2023-03-19","automatic dog feeder","0","3.75","audit_a_5y","diagnostic","dog","false","audit_a_5y","false","AU","Web Search","2026-10-07T11:21:38.145658+00:00"
"2023-03-26","automatic dog feeder","0","0","audit_a_5y","diagnostic","dog","false","audit_a_5y","false","AU","Web Search","2026-10-07T11:21:38.145658+00:00"
"2023-04-02","automatic dog feeder","0","0","audit_a_5y","diagnostic","dog","false","audit_a_5y","false","AU","Web Search","2026-10-07T11:21:38.145658+00:00"
"2023-04-09","automatic dog feeder","0","0","audit_a_5y","diagnostic","dog","false","audit_a_5y","false","AU","Web Search","2026-10-07T11:21:38.145658+00:00"
"2023-04-16","automatic dog feeder","0","0","audit_a_5y","diagnostic","dog","false","audit_a_5y","false","AU","Web Search","2026-10-07T11:21:38.145658+00:00"
"2023-04-23","automatic dog feeder","15","3.75","audit_a_5y","diagnostic","dog","false","audit_a_5y","false","AU","Web Search","2026-10-07T11:21:38.145658+00:00"
"2023-04-30","automatic dog feeder","16","7.75","audit_a_5y","diagnostic","dog","false","audit_a_5y","false","AU","Web Search","2026-10-07T11:21:38.145658+00:00"
"2023-05-07","automatic dog feeder","0","7.75","audit_a_5y","diagnostic","dog","false","audit_a_5y","false","AU","Web Search","2026-10-07T11:21:38.145658+00:00"
"2023-05-14","automatic dog feeder","0","7.75","audit_a_5y","diagnostic","dog","false","audit_a_5y","false","AU","Web Search","2026-10-07T11:21:38.145658+00:00"
"2023-05-21","automatic dog feeder","0","4","audit_a_5y","diagnostic","dog","false","audit_a_5y","false","AU","Web Search","2026-10-07T11:21:38.145658+00:00"
"2023-05-28","automatic dog feeder","0","0","audit_a_5y","diagnostic","dog","false","audit_a_5y","false","AU","Web Search","2026-10-07T11:21:38.145658+00:00"
"2023-06-04","automatic dog feeder","0","0","audit_a_5y","diagnostic","dog","false","audit_a_5y","false","AU","Web Search","2026-10-07T11:21:38.145658+00:00"
"2023-06-11","automatic dog feeder","0","0","audit_a_5y","diagnostic","dog","false","audit_a_5y","false","AU","Web Search","2026-10-07T11:21:38.145658+00:00"
"2023-06-18","automatic dog feeder","0","0","audit_a_5y","diagnostic","dog","false","audit_a_5y","false","AU","Web Search","2026-10-07T11:21:38.145658+00:00"
"2023-06-25","automatic dog feeder","0","0","audit_a_5y","diagnostic","dog","false","audit_a_5y","false","AU","Web Search","2026-10-07T11:21:38.145658+00:00"
"2023-07-02","automatic dog feeder","0","0","audit_a_5y","diagnostic","dog","false","audit_a_5y","false","AU","Web Search","2026-10-07T11:21:38.145658+00:00"
"2023-07-09","automatic dog feeder","0","0","audit_a_5y","diagnostic","dog","false","audit_a_5y","false","AU","Web Search","2026-10-07T11:21:38.145658+00:00"
"2023-07-16","automatic dog feeder","0","0","audit_a_5y","diagnostic","dog","false","audit_a_5y","false","AU","Web Search","2026-10-07T11:21:38.145658+00:00"
"2023-07-23","automatic dog feeder","0","0","audit_a_5y","diagnostic","dog","false","audit_a_5y","false","AU","Web Search","2026-10-07T11:21:38.145658+00:00"
"2023-07-30","automatic dog feeder","22","5.5","audit_a_5y","diagnostic","dog","false","audit_a_5y","false","AU","Web Search","2026-10-07T11:21:38.145658+00:00"
"2023-08-06","automatic dog feeder","0","5.5","audit_a_5y","diagnostic","dog","false","audit_a_5y","false","AU","Web Search","2026-10-07T11:21:38.145658+00:00"
"2023-08-13","automatic dog feeder","0","5.5","audit_a_5y","diagnostic","dog","false","audit_a_5y","false","AU","Web Search","2026-10-07T11:21:38.145658+00:00"
"2023-08-20","automatic dog feeder","0","5.5","audit_a_5y","diagnostic","dog","false","audit_a_5y","false","AU","Web Search","2026-10-07T11:21:38.145658+00:00"
"2023-08-27","automatic dog feeder","0","0","audit_a_5y","diagnostic","dog","false","audit_a_5y","false","AU","Web Search","2026-10-07T11:21:38.145658+00:00"
"2023-09-03","automatic dog feeder","0","0","audit_a_5y","diagnostic","dog","false","audit_a_5y","false","AU","Web Search","2026-10-07T11:21:38.145658+00:00"
"2023-09-10","automatic dog feeder","16","4","audit_a_5y","diagnostic","dog","false","audit_a_5y","false","AU","Web Search","2026-10-07T11:21:38.145658+00:00"
"2023-09-17","automatic dog feeder","0","4","audit_a_5y","diagnostic","dog","false","audit_a_5y","false","AU","Web Search","2026-10-07T11:21:38.145658+00:00"
"2023-09-24","automatic dog feeder","0","4","audit_a_5y","diagnostic","dog","false","audit_a_5y","false","AU","Web Search","2026-10-07T11:21:38.145658+00:00"
"2023-10-01","automatic dog feeder","0","4","audit_a_5y","diagnostic","dog","false","audit_a_5y","false","AU","Web Search","2026-10-07T11:21:38.145658+00:00"
"2023-10-08","automatic dog feeder","0","0","audit_a_5y","diagnostic","dog","false","audit_a_5y","false","AU","Web Search","2026-10-07T11:21:38.145658+00:00"
"2023-10-15","automatic dog feeder","0","0","audit_a_5y","diagnostic","dog","false","audit_a_5y","false","AU","Web Search","2026-10-07T11:21:38.145658+00:00"
"2023-10-22","automatic dog feeder","19","4.75","audit_a_5y","diagnostic","dog","false","audit_a_5y","false","AU","Web Search","2026-10-07T11:21:38.145658+00:00"
"2023-10-29","automatic dog feeder","0","4.75","audit_a_5y","diagnostic","dog","false","audit_a_5y","false","AU","Web Search","2026-10-07T11:21:38.145658+00:00"
"2023-11-05","automatic dog feeder","0","4.75","audit_a_5y","diagnostic","dog","false","audit_a_5y","false","AU","Web Search","2026-10-07T11:21:38.145658+00:00"
"2023-11-12","automatic dog feeder","0","4.75","audit_a_5y","diagnostic","dog","false","audit_a_5y","false","AU","Web Search","2026-10-07T11:21:38.145658+00:00"
"2023-11-19","automatic dog feeder","0","0","audit_a_5y","diagnostic","dog","false","audit_a_5y","false","AU","Web Search","2026-10-07T11:21:38.145658+00:00"
"2023-11-26","automatic dog feeder","0","0","audit_a_5y","diagnostic","dog","false","audit_a_5y","false","AU","Web Search","2026-10-07T11:21:38.145658+00:00"
"2023-12-03","automatic dog feeder","0","0","audit_a_5y","diagnostic","dog","false","audit_a_5y","false","AU","Web Search","2026-10-07T11:21:38.145658+00:00"
"2023-12-10","automatic dog feeder","0","0","audit_a_5y","diagnostic","dog","false","audit_a_5y","false","AU","Web Search","2026-10-07T11:21:38.145658+00:00"
"2023-12-17","automatic dog feeder","0","0","audit_a_5y","diagnostic","dog","false","audit_a_5y","false","AU","Web Search","2026-10-07T11:21:38.145658+00:00"
"2023-12-24","automatic dog feeder","0","0","audit_a_5y","diagnostic","dog","false","audit_a_5y","false","AU","Web Search","2026-10-07T11:21:38.145658+00:00"
"2023-12-31","automatic dog feeder","29","7.25","audit_a_5y","diagnostic","dog","false","audit_a_5y","false","AU","Web Search","2026-10-07T11:21:38.145658+00:00"
"2024-01-07","automatic dog feeder","0","7.25","audit_a_5y","diagnostic","dog","false","audit_a_5y","false","AU","Web Search","2026-10-07T11:21:38.145658+00:00"
"2024-01-14","automatic dog feeder","0","7.25","audit_a_5y","diagnostic","dog","false","audit_a_5y","false","AU","Web Search","2026-10-07T11:21:38.145658+00:00"
"2024-01-21","automatic dog feeder","16","11.25","audit_a_5y","diagnostic","dog","false","audit_a_5y","false","AU","Web Search","2026-10-07T11:21:38.145658+00:00"
"2024-01-28","automatic dog feeder","0","4","audit_a_5y","diagnostic","dog","false","audit_a_5y","false","AU","Web Search","2026-10-07T11:21:38.145658+00:00"
"2024-02-04","automatic dog feeder","0","4","audit_a_5y","diagnostic","dog","false","audit_a_5y","false","AU","Web Search","2026-10-07T11:21:38.145658+00:00"
"2024-02-11","automatic dog feeder","23","9.75","audit_a_5y","diagnostic","dog","false","audit_a_5y","false","AU","Web Search","2026-10-07T11:21:38.145658+00:00"
"2024-02-18","automatic dog feeder","0","5.75","audit_a_5y","diagnostic","dog","false","audit_a_5y","false","AU","Web Search","2026-10-07T11:21:38.145658+00:00"
"2024-02-25","automatic dog feeder","0","5.75","audit_a_5y","diagnostic","dog","false","audit_a_5y","false","AU","Web Search","2026-10-07T11:21:38.145658+00:00"
"2024-03-03","automatic dog feeder","0","5.75","audit_a_5y","diagnostic","dog","false","audit_a_5y","false","AU","Web Search","2026-10-07T11:21:38.145658+00:00"
"2024-03-10","automatic dog feeder","0","0","audit_a_5y","diagnostic","dog","false","audit_a_5y","false","AU","Web Search","2026-10-07T11:21:38.145658+00:00"
"2024-03-17","automatic dog feeder","0","0","audit_a_5y","diagnostic","dog","false","audit_a_5y","false","AU","Web Search","2026-10-07T11:21:38.145658+00:00"
"2024-03-24","automatic dog feeder","19","4.75","audit_a_5y","diagnostic","dog","false","audit_a_5y","false","AU","Web Search","2026-10-07T11:21:38.145658+00:00"
"2024-03-31","automatic dog feeder","0","4.75","audit_a_5y","diagnostic","dog","false","audit_a_5y","false","AU","Web Search","2026-10-07T11:21:38.145658+00:00"
"2024-04-07","automatic dog feeder","0","4.75","audit_a_5y","diagnostic","dog","false","audit_a_5y","false","AU","Web Search","2026-10-07T11:21:38.145658+00:00"
"2024-04-14","automatic dog feeder","0","4.75","audit_a_5y","diagnostic","dog","false","audit_a_5y","false","AU","Web Search","2026-10-07T11:21:38.145658+00:00"
"2024-04-21","automatic dog feeder","0","0","audit_a_5y","diagnostic","dog","false","audit_a_5y","false","AU","Web Search","2026-10-07T11:21:38.145658+00:00"
"2024-04-28","automatic dog feeder","0","0","audit_a_5y","diagnostic","dog","false","audit_a_5y","false","AU","Web Search","2026-10-07T11:21:38.145658+00:00"
"2024-05-05","automatic dog feeder","0","0","audit_a_5y","diagnostic","dog","false","audit_a_5y","false","AU","Web Search","2026-10-07T11:21:38.145658+00:00"
"2024-05-12","automatic dog feeder","0","0","audit_a_5y","diagnostic","dog","false","audit_a_5y","false","AU","Web Search","2026-10-07T11:21:38.145658+00:00"
"2024-05-19","automatic dog feeder","19","4.75","audit_a_5y","diagnostic","dog","false","audit_a_5y","false","AU","Web Search","2026-10-07T11:21:38.145658+00:00"
"2024-05-26","automatic dog feeder","0","4.75","audit_a_5y","diagnostic","dog","false","audit_a_5y","false","AU","Web Search","2026-10-07T11:21:38.145658+00:00"
"2024-06-02","automatic dog feeder","0","4.75","audit_a_5y","diagnostic","dog","false","audit_a_5y","false","AU","Web Search","2026-10-07T11:21:38.145658+00:00"
"2024-06-09","automatic dog feeder","0","4.75","audit_a_5y","diagnostic","dog","false","audit_a_5y","false","AU","Web Search","2026-10-07T11:21:38.145658+00:00"
"2024-06-16","automatic dog feeder","0","0","audit_a_5y","diagnostic","dog","false","audit_a_5y","false","AU","Web Search","2026-10-07T11:21:38.145658+00:00"
"2024-06-23","automatic dog feeder","0","0","audit_a_5y","diagnostic","dog","false","audit_a_5y","false","AU","Web Search","2026-10-07T11:21:38.145658+00:00"
"2024-06-30","automatic dog feeder","0","0","audit_a_5y","diagnostic","dog","false","audit_a_5y","false","AU","Web Search","2026-10-07T11:21:38.145658+00:00"
"2024-07-07","automatic dog feeder","0","0","audit_a_5y","diagnostic","dog","false","audit_a_5y","false","AU","Web Search","2026-10-07T11:21:38.145658+00:00"
"2024-07-14","automatic dog feeder","0","0","audit_a_5y","diagnostic","dog","false","audit_a_5y","false","AU","Web Search","2026-10-07T11:21:38.145658+00:00"
"2024-07-21","automatic dog feeder","0","0","audit_a_5y","diagnostic","dog","false","audit_a_5y","false","AU","Web Search","2026-10-07T11:21:38.145658+00:00"
"2024-07-28","automatic dog feeder","0","0","audit_a_5y","diagnostic","dog","false","audit_a_5y","false","AU","Web Search","2026-10-07T11:21:38.145658+00:00"
"2024-08-04","automatic dog feeder","0","0","audit_a_5y","diagnostic","dog","false","audit_a_5y","false","AU","Web Search","2026-10-07T11:21:38.145658+00:00"
"2024-08-11","automatic dog feeder","0","0","audit_a_5y","diagnostic","dog","false","audit_a_5y","false","AU","Web Search","2026-10-07T11:21:38.145658+00:00"
"2024-08-18","automatic dog feeder","0","0","audit_a_5y","diagnostic","dog","false","audit_a_5y","false","AU","Web Search","2026-10-07T11:21:38.145658+00:00"
"2024-08-25","automatic dog feeder","0","0","audit_a_5y","diagnostic","dog","false","audit_a_5y","false","AU","Web Search","2026-10-07T11:21:38.145658+00:00"
"2024-09-01","automatic dog feeder","0","0","audit_a_5y","diagnostic","dog","false","audit_a_5y","false","AU","Web Search","2026-10-07T11:21:38.145658+00:00"
"2024-09-08","automatic dog feeder","0","0","audit_a_5y","diagnostic","dog","false","audit_a_5y","false","AU","Web Search","2026-10-07T11:21:38.145658+00:00"
"2024-09-15","automatic dog feeder","0","0","audit_a_5y","diagnostic","dog","false","audit_a_5y","false","AU","Web Search","2026-10-07T11:21:38.145658+00:00"
"2024-09-22","automatic dog feeder","20","5","audit_a_5y","diagnostic","dog","false","audit_a_5y","false","AU","Web Search","2026-10-07T11:21:38.145658+00:00"
"2024-09-29","automatic dog feeder","0","5","audit_a_5y","diagnostic","dog","false","audit_a_5y","false","AU","Web Search","2026-10-07T11:21:38.145658+00:00"
"2024-10-06","automatic dog feeder","0","5","audit_a_5y","diagnostic","dog","false","audit_a_5y","false","AU","Web Search","2026-10-07T11:21:38.145658+00:00"
"2024-10-13","automatic dog feeder","0","5","audit_a_5y","diagnostic","dog","false","audit_a_5y","false","AU","Web Search","2026-10-07T11:21:38.145658+00:00"
"2024-10-20","automatic dog feeder","0","0","audit_a_5y","diagnostic","dog","false","audit_a_5y","false","AU","Web Search","2026-10-07T11:21:38.145658+00:00"
"2024-10-27","automatic dog feeder","0","0","audit_a_5y","diagnostic","dog","false","audit_a_5y","false","AU","Web Search","2026-10-07T11:21:38.145658+00:00"
"2024-11-03","automatic dog feeder","0","0","audit_a_5y","diagnostic","dog","false","audit_a_5y","false","AU","Web Search","2026-10-07T11:21:38.145658+00:00"
"2024-11-10","automatic dog feeder","0","0","audit_a_5y","diagnostic","dog","false","audit_a_5y","false","AU","Web Search","2026-10-07T11:21:38.145658+00:00"
"2024-11-17","automatic dog feeder","0","0","audit_a_5y","diagnostic","dog","false","audit_a_5y","false","AU","Web Search","2026-10-07T11:21:38.145658+00:00"
"2024-11-24","automatic dog feeder","0","0","audit_a_5y","diagnostic","dog","false","audit_a_5y","false","AU","Web Search","2026-10-07T11:21:38.145658+00:00"
"2024-12-01","automatic dog feeder","0","0","audit_a_5y","diagnostic","dog","false","audit_a_5y","false","AU","Web Search","2026-10-07T11:21:38.145658+00:00"
"2024-12-08","automatic dog feeder","0","0","audit_a_5y","diagnostic","dog","false","audit_a_5y","false","AU","Web Search","2026-10-07T11:21:38.145658+00:00"
"2024-12-15","automatic dog feeder","0","0","audit_a_5y","diagnostic","dog","false","audit_a_5y","false","AU","Web Search","2026-10-07T11:21:38.145658+00:00"
"2024-12-22","automatic dog feeder","0","0","audit_a_5y","diagnostic","dog","false","audit_a_5y","false","AU","Web Search","2026-10-07T11:21:38.145658+00:00"
"2024-12-29","automatic dog feeder","0","0","audit_a_5y","diagnostic","dog","false","audit_a_5y","false","AU","Web Search","2026-10-07T11:21:38.145658+00:00"
"2025-01-05","automatic dog feeder","0","0","audit_a_5y","diagnostic","dog","false","audit_a_5y","false","AU","Web Search","2026-10-07T11:21:38.145658+00:00"
"2025-01-12","automatic dog feeder","0","0","audit_a_5y","diagnostic","dog","false","audit_a_5y","false","AU","Web Search","2026-10-07T11:21:38.145658+00:00"
"2025-01-19","automatic dog feeder","0","0","audit_a_5y","diagnostic","dog","false","audit_a_5y","false","AU","Web Search","2026-10-07T11:21:38.145658+00:00"
"2025-01-26","automatic dog feeder","0","0","audit_a_5y","diagnostic","dog","false","audit_a_5y","false","AU","Web Search","2026-10-07T11:21:38.145658+00:00"
"2025-02-02","automatic dog feeder","0","0","audit_a_5y","diagnostic","dog","false","audit_a_5y","false","AU","Web Search","2026-10-07T11:21:38.145658+00:00"
"2025-02-09","automatic dog feeder","0","0","audit_a_5y","diagnostic","dog","false","audit_a_5y","false","AU","Web Search","2026-10-07T11:21:38.145658+00:00"
"2025-02-16","automatic dog feeder","0","0","audit_a_5y","diagnostic","dog","false","audit_a_5y","false","AU","Web Search","2026-10-07T11:21:38.145658+00:00"
"2025-02-23","automatic dog feeder","23","5.75","audit_a_5y","diagnostic","dog","false","audit_a_5y","false","AU","Web Search","2026-10-07T11:21:38.145658+00:00"
"2025-03-02","automatic dog feeder","0","5.75","audit_a_5y","diagnostic","dog","false","audit_a_5y","false","AU","Web Search","2026-10-07T11:21:38.145658+00:00"
"2025-03-09","automatic dog feeder","0","5.75","audit_a_5y","diagnostic","dog","false","audit_a_5y","false","AU","Web Search","2026-10-07T11:21:38.145658+00:00"
"2025-03-16","automatic dog feeder","0","5.75","audit_a_5y","diagnostic","dog","false","audit_a_5y","false","AU","Web Search","2026-10-07T11:21:38.145658+00:00"
"2025-03-23","automatic dog feeder","0","0","audit_a_5y","diagnostic","dog","false","audit_a_5y","false","AU","Web Search","2026-10-07T11:21:38.145658+00:00"
"2025-03-30","automatic dog feeder","0","0","audit_a_5y","diagnostic","dog","false","audit_a_5y","false","AU","Web Search","2026-10-07T11:21:38.145658+00:00"
"2025-04-06","automatic dog feeder","0","0","audit_a_5y","diagnostic","dog","false","audit_a_5y","false","AU","Web Search","2026-10-07T11:21:38.145658+00:00"
"2025-04-13","automatic dog feeder","0","0","audit_a_5y","diagnostic","dog","false","audit_a_5y","false","AU","Web Search","2026-10-07T11:21:38.145658+00:00"
"2025-04-20","automatic dog feeder","0","0","audit_a_5y","diagnostic","dog","false","audit_a_5y","false","AU","Web Search","2026-10-07T11:21:38.145658+00:00"
"2025-04-27","automatic dog feeder","0","0","audit_a_5y","diagnostic","dog","false","audit_a_5y","false","AU","Web Search","2026-10-07T11:21:38.145658+00:00"
"2025-05-04","automatic dog feeder","0","0","audit_a_5y","diagnostic","dog","false","audit_a_5y","false","AU","Web Search","2026-10-07T11:21:38.145658+00:00"
"2025-05-11","automatic dog feeder","0","0","audit_a_5y","diagnostic","dog","false","audit_a_5y","false","AU","Web Search","2026-10-07T11:21:38.145658+00:00"
"2025-05-18","automatic dog feeder","0","0","audit_a_5y","diagnostic","dog","false","audit_a_5y","false","AU","Web Search","2026-10-07T11:21:38.145658+00:00"
"2025-05-25","automatic dog feeder","0","0","audit_a_5y","diagnostic","dog","false","audit_a_5y","false","AU","Web Search","2026-10-07T11:21:38.145658+00:00"
"2025-06-01","automatic dog feeder","0","0","audit_a_5y","diagnostic","dog","false","audit_a_5y","false","AU","Web Search","2026-10-07T11:21:38.145658+00:00"
"2025-06-08","automatic dog feeder","0","0","audit_a_5y","diagnostic","dog","false","audit_a_5y","false","AU","Web Search","2026-10-07T11:21:38.145658+00:00"
"2025-06-15","automatic dog feeder","0","0","audit_a_5y","diagnostic","dog","false","audit_a_5y","false","AU","Web Search","2026-10-07T11:21:38.145658+00:00"
"2025-06-22","automatic dog feeder","0","0","audit_a_5y","diagnostic","dog","false","audit_a_5y","false","AU","Web Search","2026-10-07T11:21:38.145658+00:00"
"2025-06-29","automatic dog feeder","0","0","audit_a_5y","diagnostic","dog","false","audit_a_5y","false","AU","Web Search","2026-10-07T11:21:38.145658+00:00"
"2025-07-06","automatic dog feeder","0","0","audit_a_5y","diagnostic","dog","false","audit_a_5y","false","AU","Web Search","2026-10-07T11:21:38.145658+00:00"
"2025-07-13","automatic dog feeder","0","0","audit_a_5y","diagnostic","dog","false","audit_a_5y","false","AU","Web Search","2026-10-07T11:21:38.145658+00:00"
"2025-07-20","automatic dog feeder","0","0","audit_a_5y","diagnostic","dog","false","audit_a_5y","false","AU","Web Search","2026-10-07T11:21:38.145658+00:00"
"2025-07-27","automatic dog feeder","17","4.25","audit_a_5y","diagnostic","dog","false","audit_a_5y","false","AU","Web Search","2026-10-07T11:21:38.145658+00:00"
"2025-08-03","automatic dog feeder","0","4.25","audit_a_5y","diagnostic","dog","false","audit_a_5y","false","AU","Web Search","2026-10-07T11:21:38.145658+00:00"
"2025-08-10","automatic dog feeder","0","4.25","audit_a_5y","diagnostic","dog","false","audit_a_5y","false","AU","Web Search","2026-10-07T11:21:38.145658+00:00"
"2025-08-17","automatic dog feeder","0","4.25","audit_a_5y","diagnostic","dog","false","audit_a_5y","false","AU","Web Search","2026-10-07T11:21:38.145658+00:00"
"2025-08-24","automatic dog feeder","0","0","audit_a_5y","diagnostic","dog","false","audit_a_5y","false","AU","Web Search","2026-10-07T11:21:38.145658+00:00"
"2025-08-31","automatic dog feeder","0","0","audit_a_5y","diagnostic","dog","false","audit_a_5y","false","AU","Web Search","2026-10-07T11:21:38.145658+00:00"
"2025-09-07","automatic dog feeder","0","0","audit_a_5y","diagnostic","dog","false","audit_a_5y","false","AU","Web Search","2026-10-07T11:21:38.145658+00:00"
"2025-09-14","automatic dog feeder","19","4.75","audit_a_5y","diagnostic","dog","false","audit_a_5y","false","AU","Web Search","2026-10-07T11:21:38.145658+00:00"
"2025-09-21","automatic dog feeder","0","4.75","audit_a_5y","diagnostic","dog","false","audit_a_5y","false","AU","Web Search","2026-10-07T11:21:38.145658+00:00"
"2025-09-28","automatic dog feeder","0","4.75","audit_a_5y","diagnostic","dog","false","audit_a_5y","false","AU","Web Search","2026-10-07T11:21:38.145658+00:00"
"2025-10-05","automatic dog feeder","0","4.75","audit_a_5y","diagnostic","dog","false","audit_a_5y","false","AU","Web Search","2026-10-07T11:21:38.145658+00:00"
"2025-10-12","automatic dog feeder","0","0","audit_a_5y","diagnostic","dog","false","audit_a_5y","false","AU","Web Search","2026-10-07T11:21:38.145658+00:00"
"2025-10-19","automatic dog feeder","0","0","audit_a_5y","diagnostic","dog","false","audit_a_5y","false","AU","Web Search","2026-10-07T11:21:38.145658+00:00"
"2025-10-26","automatic dog feeder","0","0","audit_a_5y","diagnostic","dog","false","audit_a_5y","false","AU","Web Search","2026-10-07T11:21:38.145658+00:00"
"2025-11-02","automatic dog feeder","0","0","audit_a_5y","diagnostic","dog","false","audit_a_5y","false","AU","Web Search","2026-10-07T11:21:38.145658+00:00"
"2025-11-09","automatic dog feeder","0","0","audit_a_5y","diagnostic","dog","false","audit_a_5y","false","AU","Web Search","2026-10-07T11:21:38.145658+00:00"
"2025-11-16","automatic dog feeder","0","0","audit_a_5y","diagnostic","dog","false","audit_a_5y","false","AU","Web Search","2026-10-07T11:21:38.145658+00:00"
"2025-11-23","automatic dog feeder","0","0","audit_a_5y","diagnostic","dog","false","audit_a_5y","false","AU","Web Search","2026-10-07T11:21:38.145658+00:00"
"2025-11-30","automatic dog feeder","0","0","audit_a_5y","diagnostic","dog","false","audit_a_5y","false","AU","Web Search","2026-10-07T11:21:38.145658+00:00"
"2025-12-07","automatic dog feeder","0","0","audit_a_5y","diagnostic","dog","false","audit_a_5y","false","AU","Web Search","2026-10-07T11:21:38.145658+00:00"
"2025-12-14","automatic dog feeder","0","0","audit_a_5y","diagnostic","dog","false","audit_a_5y","false","AU","Web Search","2026-10-07T11:21:38.145658+00:00"
"2025-12-21","automatic dog feeder","0","0","audit_a_5y","diagnostic","dog","false","audit_a_5y","false","AU","Web Search","2026-10-07T11:21:38.145658+00:00"
"2025-12-28","automatic dog feeder","0","0","audit_a_5y","diagnostic","dog","false","audit_a_5y","false","AU","Web Search","2026-10-07T11:21:38.145658+00:00"
"2026-01-04","automatic dog feeder","20","5","audit_a_5y","diagnostic","dog","false","audit_a_5y","false","AU","Web Search","2026-10-07T11:21:38.145658+00:00"
"2026-01-11","automatic dog feeder","0","5","audit_a_5y","diagnostic","dog","false","audit_a_5y","false","AU","Web Search","2026-10-07T11:21:38.145658+00:00"
"2026-01-18","automatic dog feeder","0","5","audit_a_5y","diagnostic","dog","false","audit_a_5y","false","AU","Web Search","2026-10-07T11:21:38.145658+00:00"
"2026-01-25","automatic dog feeder","18","9.5","audit_a_5y","diagnostic","dog","false","audit_a_5y","false","AU","Web Search","2026-10-07T11:21:38.145658+00:00"
"2026-02-01","automatic dog feeder","0","4.5","audit_a_5y","diagnostic","dog","false","audit_a_5y","false","AU","Web Search","2026-10-07T11:21:38.145658+00:00"
"2026-02-08","automatic dog feeder","0","4.5","audit_a_5y","diagnostic","dog","false","audit_a_5y","false","AU","Web Search","2026-10-07T11:21:38.145658+00:00"
"2026-02-15","automatic dog feeder","0","4.5","audit_a_5y","diagnostic","dog","false","audit_a_5y","false","AU","Web Search","2026-10-07T11:21:38.145658+00:00"
"2026-02-22","automatic dog feeder","0","0","audit_a_5y","diagnostic","dog","false","audit_a_5y","false","AU","Web Search","2026-10-07T11:21:38.145658+00:00"
"2026-03-01","automatic dog feeder","0","0","audit_a_5y","diagnostic","dog","false","audit_a_5y","false","AU","Web Search","2026-10-07T11:21:38.145658+00:00"
"2026-03-08","automatic dog feeder","17","4.25","audit_a_5y","diagnostic","dog","false","audit_a_5y","false","AU","Web Search","2026-10-07T11:21:38.145658+00:00"
"2026-03-15","automatic dog feeder","18","8.75","audit_a_5y","diagnostic","dog","false","audit_a_5y","false","AU","Web Search","2026-10-07T11:21:38.145658+00:00"
"2026-03-22","automatic dog feeder","0","8.75","audit_a_5y","diagnostic","dog","false","audit_a_5y","false","AU","Web Search","2026-10-07T11:21:38.145658+00:00"
"2026-03-29","automatic dog feeder","0","8.75","audit_a_5y","diagnostic","dog","false","audit_a_5y","false","AU","Web Search","2026-10-07T11:21:38.145658+00:00"
"2026-04-05","automatic dog feeder","20","9.5","audit_a_5y","diagnostic","dog","false","audit_a_5y","false","AU","Web Search","2026-10-07T11:21:38.145658+00:00"
"2026-04-12","automatic dog feeder","0","5","audit_a_5y","diagnostic","dog","false","audit_a_5y","false","AU","Web Search","2026-10-07T11:21:38.145658+00:00"
"2026-04-19","automatic dog feeder","0","5","audit_a_5y","diagnostic","dog","false","audit_a_5y","false","AU","Web Search","2026-10-07T11:21:38.145658+00:00"
"2026-04-26","automatic dog feeder","0","5","audit_a_5y","diagnostic","dog","false","audit_a_5y","false","AU","Web Search","2026-10-07T11:21:38.145658+00:00"
"2026-05-03","automatic dog feeder","0","0","audit_a_5y","diagnostic","dog","false","audit_a_5y","false","AU","Web Search","2026-10-07T11:21:38.145658+00:00"
"2026-05-10","automatic dog feeder","0","0","audit_a_5y","diagnostic","dog","false","audit_a_5y","false","AU","Web Search","2026-10-07T11:21:38.145658+00:00"
"2026-05-17","automatic dog feeder","0","0","audit_a_5y","diagnostic","dog","false","audit_a_5y","false","AU","Web Search","2026-10-07T11:21:38.145658+00:00"
"2026-05-24","automatic dog feeder","0","0","audit_a_5y","diagnostic","dog","false","audit_a_5y","false","AU","Web Search","2026-10-07T11:21:38.145658+00:00"
"2026-05-31","automatic dog feeder","0","0","audit_a_5y","diagnostic","dog","false","audit_a_5y","false","AU","Web Search","2026-10-07T11:21:38.145658+00:00"
"2026-06-07","automatic dog feeder","0","0","audit_a_5y","diagnostic","dog","false","audit_a_5y","false","AU","Web Search","2026-10-07T11:21:38.145658+00:00"
"2026-06-14","automatic dog feeder","0","0","audit_a_5y","diagnostic","dog","false","audit_a_5y","false","AU","Web Search","2026-10-07T11:21:38.145658+00:00"
"2026-06-21","automatic dog feeder","0","0","audit_a_5y","diagnostic","dog","false","audit_a_5y","false","AU","Web Search","2026-10-07T11:21:38.145658+00:00"
"2026-06-28","automatic dog feeder","20","5","audit_a_5y","diagnostic","dog","false","audit_a_5y","false","AU","Web Search","2026-10-07T11:21:38.145658+00:00"
"2026-07-05","automatic dog feeder","0","5","audit_a_5y","diagnostic","dog","false","audit_a_5y","false","AU","Web Search","2026-10-07T11:21:38.145658+00:00"
"2026-07-12","automatic dog feeder","0","5","audit_a_5y","diagnostic","dog","false","audit_a_5y","false","AU","Web Search","2026-10-07T11:21:38.145658+00:00"
"2026-07-19","automatic dog feeder","0","5","audit_a_5y","diagnostic","dog","false","audit_a_5y","false","AU","Web Search","2026-10-07T11:21:38.145658+00:00"
"2026-07-26","automatic dog feeder","0","0","audit_a_5y","diagnostic","dog","false","audit_a_5y","false","AU","Web Search","2026-10-07T11:21:38.145658+00:00"
"2026-08-02","automatic dog feeder","0","0","audit_a_5y","diagnostic","dog","false","audit_a_5y","false","AU","Web Search","2026-10-07T11:21:38.145658+00:00"
"2026-08-09","automatic dog feeder","0","0","audit_a_5y","diagnostic","dog","false","audit_a_5y","false","AU","Web Search","2026-10-07T11:21:38.145658+00:00"
"2026-08-16","automatic dog feeder","0","0","audit_a_5y","diagnostic","dog","false","audit_a_5y","false","AU","Web Search","2026-10-07T11:21:38.145658+00:00"
"2026-08-23","automatic dog feeder","0","0","audit_a_5y","diagnostic","dog","false","audit_a_5y","false","AU","Web Search","2026-10-07T11:21:38.145658+00:00"
"2026-08-30","automatic dog feeder","0","0","audit_a_5y","diagnostic","dog","false","audit_a_5y","false","AU","Web Search","2026-10-07T11:21:38.145658+00:00"
"2026-09-06","automatic dog feeder","0","0","audit_a_5y","diagnostic","dog","false","audit_a_5y","false","AU","Web Search","2026-10-07T11:21:38.145658+00:00"
"2026-09-13","automatic dog feeder","0","0","audit_a_5y","diagnostic","dog","false","audit_a_5y","false","AU","Web Search","2026-10-07T11:21:38.145658+00:00"
"2026-09-20","automatic dog feeder","9","2.25","audit_a_5y","diagnostic","dog","false","audit_a_5y","false","AU","Web Search","2026-10-07T11:21:38.145658+00:00"
"2026-09-27","automatic dog feeder","10","4.75","audit_a_5y","diagnostic","dog","false","audit_a_5y","false","AU","Web Search","2026-10-07T11:21:38.145658+00:00"
"2026-10-04","automatic dog feeder","9","7","audit_a_5y","diagnostic","dog","false","audit_a_5y","true","AU","Web Search","2026-10-07T11:21:38.145658+00:00"
"2021-10-03","smart pet feeder","0",,"audit_a_5y","diagnostic","pet_unspecified","false","audit_a_5y","true","AU","Web Search","2026-10-07T11:21:38.145658+00:00"
"2021-10-10","smart pet feeder","0",,"audit_a_5y","diagnostic","pet_unspecified","false","audit_a_5y","false","AU","Web Search","2026-10-07T11:21:38.145658+00:00"
"2021-10-17","smart pet feeder","0",,"audit_a_5y","diagnostic","pet_unspecified","false","audit_a_5y","false","AU","Web Search","2026-10-07T11:21:38.145658+00:00"
"2021-10-24","smart pet feeder","0","0","audit_a_5y","diagnostic","pet_unspecified","false","audit_a_5y","false","AU","Web Search","2026-10-07T11:21:38.145658+00:00"
"2021-10-31","smart pet feeder","0","0","audit_a_5y","diagnostic","pet_unspecified","false","audit_a_5y","false","AU","Web Search","2026-10-07T11:21:38.145658+00:00"
"2021-11-07","smart pet feeder","0","0","audit_a_5y","diagnostic","pet_unspecified","false","audit_a_5y","false","AU","Web Search","2026-10-07T11:21:38.145658+00:00"
"2021-11-14","smart pet feeder","0","0","audit_a_5y","diagnostic","pet_unspecified","false","audit_a_5y","false","AU","Web Search","2026-10-07T11:21:38.145658+00:00"
"2021-11-21","smart pet feeder","0","0","audit_a_5y","diagnostic","pet_unspecified","false","audit_a_5y","false","AU","Web Search","2026-10-07T11:21:38.145658+00:00"
"2021-11-28","smart pet feeder","0","0","audit_a_5y","diagnostic","pet_unspecified","false","audit_a_5y","false","AU","Web Search","2026-10-07T11:21:38.145658+00:00"
"2021-12-05","smart pet feeder","0","0","audit_a_5y","diagnostic","pet_unspecified","false","audit_a_5y","false","AU","Web Search","2026-10-07T11:21:38.145658+00:00"
"2021-12-12","smart pet feeder","0","0","audit_a_5y","diagnostic","pet_unspecified","false","audit_a_5y","false","AU","Web Search","2026-10-07T11:21:38.145658+00:00"
"2021-12-19","smart pet feeder","0","0","audit_a_5y","diagnostic","pet_unspecified","false","audit_a_5y","false","AU","Web Search","2026-10-07T11:21:38.145658+00:00"
"2021-12-26","smart pet feeder","0","0","audit_a_5y","diagnostic","pet_unspecified","false","audit_a_5y","false","AU","Web Search","2026-10-07T11:21:38.145658+00:00"
"2022-01-02","smart pet feeder","0","0","audit_a_5y","diagnostic","pet_unspecified","false","audit_a_5y","false","AU","Web Search","2026-10-07T11:21:38.145658+00:00"
"2022-01-09","smart pet feeder","0","0","audit_a_5y","diagnostic","pet_unspecified","false","audit_a_5y","false","AU","Web Search","2026-10-07T11:21:38.145658+00:00"
"2022-01-16","smart pet feeder","0","0","audit_a_5y","diagnostic","pet_unspecified","false","audit_a_5y","false","AU","Web Search","2026-10-07T11:21:38.145658+00:00"
"2022-01-23","smart pet feeder","0","0","audit_a_5y","diagnostic","pet_unspecified","false","audit_a_5y","false","AU","Web Search","2026-10-07T11:21:38.145658+00:00"
"2022-01-30","smart pet feeder","0","0","audit_a_5y","diagnostic","pet_unspecified","false","audit_a_5y","false","AU","Web Search","2026-10-07T11:21:38.145658+00:00"
"2022-02-06","smart pet feeder","0","0","audit_a_5y","diagnostic","pet_unspecified","false","audit_a_5y","false","AU","Web Search","2026-10-07T11:21:38.145658+00:00"
"2022-02-13","smart pet feeder","0","0","audit_a_5y","diagnostic","pet_unspecified","false","audit_a_5y","false","AU","Web Search","2026-10-07T11:21:38.145658+00:00"
"2022-02-20","smart pet feeder","0","0","audit_a_5y","diagnostic","pet_unspecified","false","audit_a_5y","false","AU","Web Search","2026-10-07T11:21:38.145658+00:00"
"2022-02-27","smart pet feeder","0","0","audit_a_5y","diagnostic","pet_unspecified","false","audit_a_5y","false","AU","Web Search","2026-10-07T11:21:38.145658+00:00"
"2022-03-06","smart pet feeder","0","0","audit_a_5y","diagnostic","pet_unspecified","false","audit_a_5y","false","AU","Web Search","2026-10-07T11:21:38.145658+00:00"
"2022-03-13","smart pet feeder","0","0","audit_a_5y","diagnostic","pet_unspecified","false","audit_a_5y","false","AU","Web Search","2026-10-07T11:21:38.145658+00:00"
"2022-03-20","smart pet feeder","0","0","audit_a_5y","diagnostic","pet_unspecified","false","audit_a_5y","false","AU","Web Search","2026-10-07T11:21:38.145658+00:00"
"2022-03-27","smart pet feeder","0","0","audit_a_5y","diagnostic","pet_unspecified","false","audit_a_5y","false","AU","Web Search","2026-10-07T11:21:38.145658+00:00"
"2022-04-03","smart pet feeder","0","0","audit_a_5y","diagnostic","pet_unspecified","false","audit_a_5y","false","AU","Web Search","2026-10-07T11:21:38.145658+00:00"
"2022-04-10","smart pet feeder","0","0","audit_a_5y","diagnostic","pet_unspecified","false","audit_a_5y","false","AU","Web Search","2026-10-07T11:21:38.145658+00:00"
"2022-04-17","smart pet feeder","0","0","audit_a_5y","diagnostic","pet_unspecified","false","audit_a_5y","false","AU","Web Search","2026-10-07T11:21:38.145658+00:00"
"2022-04-24","smart pet feeder","0","0","audit_a_5y","diagnostic","pet_unspecified","false","audit_a_5y","false","AU","Web Search","2026-10-07T11:21:38.145658+00:00"
"2022-05-01","smart pet feeder","0","0","audit_a_5y","diagnostic","pet_unspecified","false","audit_a_5y","false","AU","Web Search","2026-10-07T11:21:38.145658+00:00"
"2022-05-08","smart pet feeder","0","0","audit_a_5y","diagnostic","pet_unspecified","false","audit_a_5y","false","AU","Web Search","2026-10-07T11:21:38.145658+00:00"
"2022-05-15","smart pet feeder","0","0","audit_a_5y","diagnostic","pet_unspecified","false","audit_a_5y","false","AU","Web Search","2026-10-07T11:21:38.145658+00:00"
"2022-05-22","smart pet feeder","0","0","audit_a_5y","diagnostic","pet_unspecified","false","audit_a_5y","false","AU","Web Search","2026-10-07T11:21:38.145658+00:00"
"2022-05-29","smart pet feeder","0","0","audit_a_5y","diagnostic","pet_unspecified","false","audit_a_5y","false","AU","Web Search","2026-10-07T11:21:38.145658+00:00"
"2022-06-05","smart pet feeder","0","0","audit_a_5y","diagnostic","pet_unspecified","false","audit_a_5y","false","AU","Web Search","2026-10-07T11:21:38.145658+00:00"
"2022-06-12","smart pet feeder","0","0","audit_a_5y","diagnostic","pet_unspecified","false","audit_a_5y","false","AU","Web Search","2026-10-07T11:21:38.145658+00:00"
"2022-06-19","smart pet feeder","0","0","audit_a_5y","diagnostic","pet_unspecified","false","audit_a_5y","false","AU","Web Search","2026-10-07T11:21:38.145658+00:00"
"2022-06-26","smart pet feeder","0","0","audit_a_5y","diagnostic","pet_unspecified","false","audit_a_5y","false","AU","Web Search","2026-10-07T11:21:38.145658+00:00"
"2022-07-03","smart pet feeder","0","0","audit_a_5y","diagnostic","pet_unspecified","false","audit_a_5y","false","AU","Web Search","2026-10-07T11:21:38.145658+00:00"
"2022-07-10","smart pet feeder","0","0","audit_a_5y","diagnostic","pet_unspecified","false","audit_a_5y","false","AU","Web Search","2026-10-07T11:21:38.145658+00:00"
"2022-07-17","smart pet feeder","0","0","audit_a_5y","diagnostic","pet_unspecified","false","audit_a_5y","false","AU","Web Search","2026-10-07T11:21:38.145658+00:00"
"2022-07-24","smart pet feeder","0","0","audit_a_5y","diagnostic","pet_unspecified","false","audit_a_5y","false","AU","Web Search","2026-10-07T11:21:38.145658+00:00"
"2022-07-31","smart pet feeder","0","0","audit_a_5y","diagnostic","pet_unspecified","false","audit_a_5y","false","AU","Web Search","2026-10-07T11:21:38.145658+00:00"
"2022-08-07","smart pet feeder","0","0","audit_a_5y","diagnostic","pet_unspecified","false","audit_a_5y","false","AU","Web Search","2026-10-07T11:21:38.145658+00:00"
"2022-08-14","smart pet feeder","0","0","audit_a_5y","diagnostic","pet_unspecified","false","audit_a_5y","false","AU","Web Search","2026-10-07T11:21:38.145658+00:00"
"2022-08-21","smart pet feeder","0","0","audit_a_5y","diagnostic","pet_unspecified","false","audit_a_5y","false","AU","Web Search","2026-10-07T11:21:38.145658+00:00"
"2022-08-28","smart pet feeder","0","0","audit_a_5y","diagnostic","pet_unspecified","false","audit_a_5y","false","AU","Web Search","2026-10-07T11:21:38.145658+00:00"
"2022-09-04","smart pet feeder","0","0","audit_a_5y","diagnostic","pet_unspecified","false","audit_a_5y","false","AU","Web Search","2026-10-07T11:21:38.145658+00:00"
"2022-09-11","smart pet feeder","0","0","audit_a_5y","diagnostic","pet_unspecified","false","audit_a_5y","false","AU","Web Search","2026-10-07T11:21:38.145658+00:00"
"2022-09-18","smart pet feeder","0","0","audit_a_5y","diagnostic","pet_unspecified","false","audit_a_5y","false","AU","Web Search","2026-10-07T11:21:38.145658+00:00"
"2022-09-25","smart pet feeder","0","0","audit_a_5y","diagnostic","pet_unspecified","false","audit_a_5y","false","AU","Web Search","2026-10-07T11:21:38.145658+00:00"
"2022-10-02","smart pet feeder","0","0","audit_a_5y","diagnostic","pet_unspecified","false","audit_a_5y","false","AU","Web Search","2026-10-07T11:21:38.145658+00:00"
"2022-10-09","smart pet feeder","0","0","audit_a_5y","diagnostic","pet_unspecified","false","audit_a_5y","false","AU","Web Search","2026-10-07T11:21:38.145658+00:00"
"2022-10-16","smart pet feeder","0","0","audit_a_5y","diagnostic","pet_unspecified","false","audit_a_5y","false","AU","Web Search","2026-10-07T11:21:38.145658+00:00"
"2022-10-23","smart pet feeder","0","0","audit_a_5y","diagnostic","pet_unspecified","false","audit_a_5y","false","AU","Web Search","2026-10-07T11:21:38.145658+00:00"
"2022-10-30","smart pet feeder","0","0","audit_a_5y","diagnostic","pet_unspecified","false","audit_a_5y","false","AU","Web Search","2026-10-07T11:21:38.145658+00:00"
"2022-11-06","smart pet feeder","0","0","audit_a_5y","diagnostic","pet_unspecified","false","audit_a_5y","false","AU","Web Search","2026-10-07T11:21:38.145658+00:00"
"2022-11-13","smart pet feeder","0","0","audit_a_5y","diagnostic","pet_unspecified","false","audit_a_5y","false","AU","Web Search","2026-10-07T11:21:38.145658+00:00"
"2022-11-20","smart pet feeder","0","0","audit_a_5y","diagnostic","pet_unspecified","false","audit_a_5y","false","AU","Web Search","2026-10-07T11:21:38.145658+00:00"
"2022-11-27","smart pet feeder","0","0","audit_a_5y","diagnostic","pet_unspecified","false","audit_a_5y","false","AU","Web Search","2026-10-07T11:21:38.145658+00:00"
"2022-12-04","smart pet feeder","0","0","audit_a_5y","diagnostic","pet_unspecified","false","audit_a_5y","false","AU","Web Search","2026-10-07T11:21:38.145658+00:00"
"2022-12-11","smart pet feeder","0","0","audit_a_5y","diagnostic","pet_unspecified","false","audit_a_5y","false","AU","Web Search","2026-10-07T11:21:38.145658+00:00"
"2022-12-18","smart pet feeder","0","0","audit_a_5y","diagnostic","pet_unspecified","false","audit_a_5y","false","AU","Web Search","2026-10-07T11:21:38.145658+00:00"
"2022-12-25","smart pet feeder","0","0","audit_a_5y","diagnostic","pet_unspecified","false","audit_a_5y","false","AU","Web Search","2026-10-07T11:21:38.145658+00:00"
"2023-01-01","smart pet feeder","0","0","audit_a_5y","diagnostic","pet_unspecified","false","audit_a_5y","false","AU","Web Search","2026-10-07T11:21:38.145658+00:00"
"2023-01-08","smart pet feeder","0","0","audit_a_5y","diagnostic","pet_unspecified","false","audit_a_5y","false","AU","Web Search","2026-10-07T11:21:38.145658+00:00"
"2023-01-15","smart pet feeder","0","0","audit_a_5y","diagnostic","pet_unspecified","false","audit_a_5y","false","AU","Web Search","2026-10-07T11:21:38.145658+00:00"
"2023-01-22","smart pet feeder","0","0","audit_a_5y","diagnostic","pet_unspecified","false","audit_a_5y","false","AU","Web Search","2026-10-07T11:21:38.145658+00:00"
"2023-01-29","smart pet feeder","0","0","audit_a_5y","diagnostic","pet_unspecified","false","audit_a_5y","false","AU","Web Search","2026-10-07T11:21:38.145658+00:00"
"2023-02-05","smart pet feeder","0","0","audit_a_5y","diagnostic","pet_unspecified","false","audit_a_5y","false","AU","Web Search","2026-10-07T11:21:38.145658+00:00"
"2023-02-12","smart pet feeder","0","0","audit_a_5y","diagnostic","pet_unspecified","false","audit_a_5y","false","AU","Web Search","2026-10-07T11:21:38.145658+00:00"
"2023-02-19","smart pet feeder","0","0","audit_a_5y","diagnostic","pet_unspecified","false","audit_a_5y","false","AU","Web Search","2026-10-07T11:21:38.145658+00:00"
"2023-02-26","smart pet feeder","0","0","audit_a_5y","diagnostic","pet_unspecified","false","audit_a_5y","false","AU","Web Search","2026-10-07T11:21:38.145658+00:00"
"2023-03-05","smart pet feeder","0","0","audit_a_5y","diagnostic","pet_unspecified","false","audit_a_5y","false","AU","Web Search","2026-10-07T11:21:38.145658+00:00"
"2023-03-12","smart pet feeder","0","0","audit_a_5y","diagnostic","pet_unspecified","false","audit_a_5y","false","AU","Web Search","2026-10-07T11:21:38.145658+00:00"
"2023-03-19","smart pet feeder","0","0","audit_a_5y","diagnostic","pet_unspecified","false","audit_a_5y","false","AU","Web Search","2026-10-07T11:21:38.145658+00:00"
"2023-03-26","smart pet feeder","0","0","audit_a_5y","diagnostic","pet_unspecified","false","audit_a_5y","false","AU","Web Search","2026-10-07T11:21:38.145658+00:00"
"2023-04-02","smart pet feeder","0","0","audit_a_5y","diagnostic","pet_unspecified","false","audit_a_5y","false","AU","Web Search","2026-10-07T11:21:38.145658+00:00"
"2023-04-09","smart pet feeder","0","0","audit_a_5y","diagnostic","pet_unspecified","false","audit_a_5y","false","AU","Web Search","2026-10-07T11:21:38.145658+00:00"
"2023-04-16","smart pet feeder","0","0","audit_a_5y","diagnostic","pet_unspecified","false","audit_a_5y","false","AU","Web Search","2026-10-07T11:21:38.145658+00:00"
"2023-04-23","smart pet feeder","0","0","audit_a_5y","diagnostic","pet_unspecified","false","audit_a_5y","false","AU","Web Search","2026-10-07T11:21:38.145658+00:00"
"2023-04-30","smart pet feeder","0","0","audit_a_5y","diagnostic","pet_unspecified","false","audit_a_5y","false","AU","Web Search","2026-10-07T11:21:38.145658+00:00"
"2023-05-07","smart pet feeder","0","0","audit_a_5y","diagnostic","pet_unspecified","false","audit_a_5y","false","AU","Web Search","2026-10-07T11:21:38.145658+00:00"
"2023-05-14","smart pet feeder","0","0","audit_a_5y","diagnostic","pet_unspecified","false","audit_a_5y","false","AU","Web Search","2026-10-07T11:21:38.145658+00:00"
"2023-05-21","smart pet feeder","0","0","audit_a_5y","diagnostic","pet_unspecified","false","audit_a_5y","false","AU","Web Search","2026-10-07T11:21:38.145658+00:00"
"2023-05-28","smart pet feeder","0","0","audit_a_5y","diagnostic","pet_unspecified","false","audit_a_5y","false","AU","Web Search","2026-10-07T11:21:38.145658+00:00"
"2023-06-04","smart pet feeder","0","0","audit_a_5y","diagnostic","pet_unspecified","false","audit_a_5y","false","AU","Web Search","2026-10-07T11:21:38.145658+00:00"
"2023-06-11","smart pet feeder","0","0","audit_a_5y","diagnostic","pet_unspecified","false","audit_a_5y","false","AU","Web Search","2026-10-07T11:21:38.145658+00:00"
"2023-06-18","smart pet feeder","0","0","audit_a_5y","diagnostic","pet_unspecified","false","audit_a_5y","false","AU","Web Search","2026-10-07T11:21:38.145658+00:00"
"2023-06-25","smart pet feeder","0","0","audit_a_5y","diagnostic","pet_unspecified","false","audit_a_5y","false","AU","Web Search","2026-10-07T11:21:38.145658+00:00"
"2023-07-02","smart pet feeder","0","0","audit_a_5y","diagnostic","pet_unspecified","false","audit_a_5y","false","AU","Web Search","2026-10-07T11:21:38.145658+00:00"
"2023-07-09","smart pet feeder","0","0","audit_a_5y","diagnostic","pet_unspecified","false","audit_a_5y","false","AU","Web Search","2026-10-07T11:21:38.145658+00:00"
"2023-07-16","smart pet feeder","0","0","audit_a_5y","diagnostic","pet_unspecified","false","audit_a_5y","false","AU","Web Search","2026-10-07T11:21:38.145658+00:00"
"2023-07-23","smart pet feeder","0","0","audit_a_5y","diagnostic","pet_unspecified","false","audit_a_5y","false","AU","Web Search","2026-10-07T11:21:38.145658+00:00"
"2023-07-30","smart pet feeder","0","0","audit_a_5y","diagnostic","pet_unspecified","false","audit_a_5y","false","AU","Web Search","2026-10-07T11:21:38.145658+00:00"
"2023-08-06","smart pet feeder","0","0","audit_a_5y","diagnostic","pet_unspecified","false","audit_a_5y","false","AU","Web Search","2026-10-07T11:21:38.145658+00:00"
"2023-08-13","smart pet feeder","0","0","audit_a_5y","diagnostic","pet_unspecified","false","audit_a_5y","false","AU","Web Search","2026-10-07T11:21:38.145658+00:00"
"2023-08-20","smart pet feeder","0","0","audit_a_5y","diagnostic","pet_unspecified","false","audit_a_5y","false","AU","Web Search","2026-10-07T11:21:38.145658+00:00"
"2023-08-27","smart pet feeder","0","0","audit_a_5y","diagnostic","pet_unspecified","false","audit_a_5y","false","AU","Web Search","2026-10-07T11:21:38.145658+00:00"
"2023-09-03","smart pet feeder","0","0","audit_a_5y","diagnostic","pet_unspecified","false","audit_a_5y","false","AU","Web Search","2026-10-07T11:21:38.145658+00:00"
"2023-09-10","smart pet feeder","0","0","audit_a_5y","diagnostic","pet_unspecified","false","audit_a_5y","false","AU","Web Search","2026-10-07T11:21:38.145658+00:00"
"2023-09-17","smart pet feeder","0","0","audit_a_5y","diagnostic","pet_unspecified","false","audit_a_5y","false","AU","Web Search","2026-10-07T11:21:38.145658+00:00"
"2023-09-24","smart pet feeder","0","0","audit_a_5y","diagnostic","pet_unspecified","false","audit_a_5y","false","AU","Web Search","2026-10-07T11:21:38.145658+00:00"
"2023-10-01","smart pet feeder","0","0","audit_a_5y","diagnostic","pet_unspecified","false","audit_a_5y","false","AU","Web Search","2026-10-07T11:21:38.145658+00:00"
"2023-10-08","smart pet feeder","0","0","audit_a_5y","diagnostic","pet_unspecified","false","audit_a_5y","false","AU","Web Search","2026-10-07T11:21:38.145658+00:00"
"2023-10-15","smart pet feeder","0","0","audit_a_5y","diagnostic","pet_unspecified","false","audit_a_5y","false","AU","Web Search","2026-10-07T11:21:38.145658+00:00"
"2023-10-22","smart pet feeder","0","0","audit_a_5y","diagnostic","pet_unspecified","false","audit_a_5y","false","AU","Web Search","2026-10-07T11:21:38.145658+00:00"
"2023-10-29","smart pet feeder","0","0","audit_a_5y","diagnostic","pet_unspecified","false","audit_a_5y","false","AU","Web Search","2026-10-07T11:21:38.145658+00:00"
"2023-11-05","smart pet feeder","0","0","audit_a_5y","diagnostic","pet_unspecified","false","audit_a_5y","false","AU","Web Search","2026-10-07T11:21:38.145658+00:00"
"2023-11-12","smart pet feeder","0","0","audit_a_5y","diagnostic","pet_unspecified","false","audit_a_5y","false","AU","Web Search","2026-10-07T11:21:38.145658+00:00"
"2023-11-19","smart pet feeder","0","0","audit_a_5y","diagnostic","pet_unspecified","false","audit_a_5y","false","AU","Web Search","2026-10-07T11:21:38.145658+00:00"
"2023-11-26","smart pet feeder","20","5","audit_a_5y","diagnostic","pet_unspecified","false","audit_a_5y","false","AU","Web Search","2026-10-07T11:21:38.145658+00:00"
"2023-12-03","smart pet feeder","0","5","audit_a_5y","diagnostic","pet_unspecified","false","audit_a_5y","false","AU","Web Search","2026-10-07T11:21:38.145658+00:00"
"2023-12-10","smart pet feeder","0","5","audit_a_5y","diagnostic","pet_unspecified","false","audit_a_5y","false","AU","Web Search","2026-10-07T11:21:38.145658+00:00"
"2023-12-17","smart pet feeder","0","5","audit_a_5y","diagnostic","pet_unspecified","false","audit_a_5y","false","AU","Web Search","2026-10-07T11:21:38.145658+00:00"
"2023-12-24","smart pet feeder","0","0","audit_a_5y","diagnostic","pet_unspecified","false","audit_a_5y","false","AU","Web Search","2026-10-07T11:21:38.145658+00:00"
"2023-12-31","smart pet feeder","0","0","audit_a_5y","diagnostic","pet_unspecified","false","audit_a_5y","false","AU","Web Search","2026-10-07T11:21:38.145658+00:00"
"2024-01-07","smart pet feeder","0","0","audit_a_5y","diagnostic","pet_unspecified","false","audit_a_5y","false","AU","Web Search","2026-10-07T11:21:38.145658+00:00"
"2024-01-14","smart pet feeder","0","0","audit_a_5y","diagnostic","pet_unspecified","false","audit_a_5y","false","AU","Web Search","2026-10-07T11:21:38.145658+00:00"
"2024-01-21","smart pet feeder","0","0","audit_a_5y","diagnostic","pet_unspecified","false","audit_a_5y","false","AU","Web Search","2026-10-07T11:21:38.145658+00:00"
"2024-01-28","smart pet feeder","0","0","audit_a_5y","diagnostic","pet_unspecified","false","audit_a_5y","false","AU","Web Search","2026-10-07T11:21:38.145658+00:00"
"2024-02-04","smart pet feeder","0","0","audit_a_5y","diagnostic","pet_unspecified","false","audit_a_5y","false","AU","Web Search","2026-10-07T11:21:38.145658+00:00"
"2024-02-11","smart pet feeder","0","0","audit_a_5y","diagnostic","pet_unspecified","false","audit_a_5y","false","AU","Web Search","2026-10-07T11:21:38.145658+00:00"
"2024-02-18","smart pet feeder","0","0","audit_a_5y","diagnostic","pet_unspecified","false","audit_a_5y","false","AU","Web Search","2026-10-07T11:21:38.145658+00:00"
"2024-02-25","smart pet feeder","0","0","audit_a_5y","diagnostic","pet_unspecified","false","audit_a_5y","false","AU","Web Search","2026-10-07T11:21:38.145658+00:00"
"2024-03-03","smart pet feeder","0","0","audit_a_5y","diagnostic","pet_unspecified","false","audit_a_5y","false","AU","Web Search","2026-10-07T11:21:38.145658+00:00"
"2024-03-10","smart pet feeder","0","0","audit_a_5y","diagnostic","pet_unspecified","false","audit_a_5y","false","AU","Web Search","2026-10-07T11:21:38.145658+00:00"
"2024-03-17","smart pet feeder","0","0","audit_a_5y","diagnostic","pet_unspecified","false","audit_a_5y","false","AU","Web Search","2026-10-07T11:21:38.145658+00:00"
"2024-03-24","smart pet feeder","0","0","audit_a_5y","diagnostic","pet_unspecified","false","audit_a_5y","false","AU","Web Search","2026-10-07T11:21:38.145658+00:00"
"2024-03-31","smart pet feeder","0","0","audit_a_5y","diagnostic","pet_unspecified","false","audit_a_5y","false","AU","Web Search","2026-10-07T11:21:38.145658+00:00"
"2024-04-07","smart pet feeder","0","0","audit_a_5y","diagnostic","pet_unspecified","false","audit_a_5y","false","AU","Web Search","2026-10-07T11:21:38.145658+00:00"
"2024-04-14","smart pet feeder","0","0","audit_a_5y","diagnostic","pet_unspecified","false","audit_a_5y","false","AU","Web Search","2026-10-07T11:21:38.145658+00:00"
"2024-04-21","smart pet feeder","0","0","audit_a_5y","diagnostic","pet_unspecified","false","audit_a_5y","false","AU","Web Search","2026-10-07T11:21:38.145658+00:00"
"2024-04-28","smart pet feeder","0","0","audit_a_5y","diagnostic","pet_unspecified","false","audit_a_5y","false","AU","Web Search","2026-10-07T11:21:38.145658+00:00"
"2024-05-05","smart pet feeder","0","0","audit_a_5y","diagnostic","pet_unspecified","false","audit_a_5y","false","AU","Web Search","2026-10-07T11:21:38.145658+00:00"
"2024-05-12","smart pet feeder","0","0","audit_a_5y","diagnostic","pet_unspecified","false","audit_a_5y","false","AU","Web Search","2026-10-07T11:21:38.145658+00:00"
"2024-05-19","smart pet feeder","18","4.5","audit_a_5y","diagnostic","pet_unspecified","false","audit_a_5y","false","AU","Web Search","2026-10-07T11:21:38.145658+00:00"
"2024-05-26","smart pet feeder","0","4.5","audit_a_5y","diagnostic","pet_unspecified","false","audit_a_5y","false","AU","Web Search","2026-10-07T11:21:38.145658+00:00"
"2024-06-02","smart pet feeder","0","4.5","audit_a_5y","diagnostic","pet_unspecified","false","audit_a_5y","false","AU","Web Search","2026-10-07T11:21:38.145658+00:00"
"2024-06-09","smart pet feeder","0","4.5","audit_a_5y","diagnostic","pet_unspecified","false","audit_a_5y","false","AU","Web Search","2026-10-07T11:21:38.145658+00:00"
"2024-06-16","smart pet feeder","0","0","audit_a_5y","diagnostic","pet_unspecified","false","audit_a_5y","false","AU","Web Search","2026-10-07T11:21:38.145658+00:00"
"2024-06-23","smart pet feeder","0","0","audit_a_5y","diagnostic","pet_unspecified","false","audit_a_5y","false","AU","Web Search","2026-10-07T11:21:38.145658+00:00"
"2024-06-30","smart pet feeder","0","0","audit_a_5y","diagnostic","pet_unspecified","false","audit_a_5y","false","AU","Web Search","2026-10-07T11:21:38.145658+00:00"
"2024-07-07","smart pet feeder","0","0","audit_a_5y","diagnostic","pet_unspecified","false","audit_a_5y","false","AU","Web Search","2026-10-07T11:21:38.145658+00:00"
"2024-07-14","smart pet feeder","0","0","audit_a_5y","diagnostic","pet_unspecified","false","audit_a_5y","false","AU","Web Search","2026-10-07T11:21:38.145658+00:00"
"2024-07-21","smart pet feeder","0","0","audit_a_5y","diagnostic","pet_unspecified","false","audit_a_5y","false","AU","Web Search","2026-10-07T11:21:38.145658+00:00"
"2024-07-28","smart pet feeder","0","0","audit_a_5y","diagnostic","pet_unspecified","false","audit_a_5y","false","AU","Web Search","2026-10-07T11:21:38.145658+00:00"
"2024-08-04","smart pet feeder","0","0","audit_a_5y","diagnostic","pet_unspecified","false","audit_a_5y","false","AU","Web Search","2026-10-07T11:21:38.145658+00:00"
"2024-08-11","smart pet feeder","0","0","audit_a_5y","diagnostic","pet_unspecified","false","audit_a_5y","false","AU","Web Search","2026-10-07T11:21:38.145658+00:00"
"2024-08-18","smart pet feeder","0","0","audit_a_5y","diagnostic","pet_unspecified","false","audit_a_5y","false","AU","Web Search","2026-10-07T11:21:38.145658+00:00"
"2024-08-25","smart pet feeder","0","0","audit_a_5y","diagnostic","pet_unspecified","false","audit_a_5y","false","AU","Web Search","2026-10-07T11:21:38.145658+00:00"
"2024-09-01","smart pet feeder","0","0","audit_a_5y","diagnostic","pet_unspecified","false","audit_a_5y","false","AU","Web Search","2026-10-07T11:21:38.145658+00:00"
"2024-09-08","smart pet feeder","0","0","audit_a_5y","diagnostic","pet_unspecified","false","audit_a_5y","false","AU","Web Search","2026-10-07T11:21:38.145658+00:00"
"2024-09-15","smart pet feeder","0","0","audit_a_5y","diagnostic","pet_unspecified","false","audit_a_5y","false","AU","Web Search","2026-10-07T11:21:38.145658+00:00"
"2024-09-22","smart pet feeder","0","0","audit_a_5y","diagnostic","pet_unspecified","false","audit_a_5y","false","AU","Web Search","2026-10-07T11:21:38.145658+00:00"
"2024-09-29","smart pet feeder","0","0","audit_a_5y","diagnostic","pet_unspecified","false","audit_a_5y","false","AU","Web Search","2026-10-07T11:21:38.145658+00:00"
"2024-10-06","smart pet feeder","0","0","audit_a_5y","diagnostic","pet_unspecified","false","audit_a_5y","false","AU","Web Search","2026-10-07T11:21:38.145658+00:00"
"2024-10-13","smart pet feeder","0","0","audit_a_5y","diagnostic","pet_unspecified","false","audit_a_5y","false","AU","Web Search","2026-10-07T11:21:38.145658+00:00"
"2024-10-20","smart pet feeder","0","0","audit_a_5y","diagnostic","pet_unspecified","false","audit_a_5y","false","AU","Web Search","2026-10-07T11:21:38.145658+00:00"
"2024-10-27","smart pet feeder","0","0","audit_a_5y","diagnostic","pet_unspecified","false","audit_a_5y","false","AU","Web Search","2026-10-07T11:21:38.145658+00:00"
"2024-11-03","smart pet feeder","0","0","audit_a_5y","diagnostic","pet_unspecified","false","audit_a_5y","false","AU","Web Search","2026-10-07T11:21:38.145658+00:00"
"2024-11-10","smart pet feeder","0","0","audit_a_5y","diagnostic","pet_unspecified","false","audit_a_5y","false","AU","Web Search","2026-10-07T11:21:38.145658+00:00"
"2024-11-17","smart pet feeder","0","0","audit_a_5y","diagnostic","pet_unspecified","false","audit_a_5y","false","AU","Web Search","2026-10-07T11:21:38.145658+00:00"
"2024-11-24","smart pet feeder","0","0","audit_a_5y","diagnostic","pet_unspecified","false","audit_a_5y","false","AU","Web Search","2026-10-07T11:21:38.145658+00:00"
"2024-12-01","smart pet feeder","0","0","audit_a_5y","diagnostic","pet_unspecified","false","audit_a_5y","false","AU","Web Search","2026-10-07T11:21:38.145658+00:00"
"2024-12-08","smart pet feeder","0","0","audit_a_5y","diagnostic","pet_unspecified","false","audit_a_5y","false","AU","Web Search","2026-10-07T11:21:38.145658+00:00"
"2024-12-15","smart pet feeder","0","0","audit_a_5y","diagnostic","pet_unspecified","false","audit_a_5y","false","AU","Web Search","2026-10-07T11:21:38.145658+00:00"
"2024-12-22","smart pet feeder","0","0","audit_a_5y","diagnostic","pet_unspecified","false","audit_a_5y","false","AU","Web Search","2026-10-07T11:21:38.145658+00:00"
"2024-12-29","smart pet feeder","21","5.25","audit_a_5y","diagnostic","pet_unspecified","false","audit_a_5y","false","AU","Web Search","2026-10-07T11:21:38.145658+00:00"
"2025-01-05","smart pet feeder","0","5.25","audit_a_5y","diagnostic","pet_unspecified","false","audit_a_5y","false","AU","Web Search","2026-10-07T11:21:38.145658+00:00"
"2025-01-12","smart pet feeder","0","5.25","audit_a_5y","diagnostic","pet_unspecified","false","audit_a_5y","false","AU","Web Search","2026-10-07T11:21:38.145658+00:00"
"2025-01-19","smart pet feeder","0","5.25","audit_a_5y","diagnostic","pet_unspecified","false","audit_a_5y","false","AU","Web Search","2026-10-07T11:21:38.145658+00:00"
"2025-01-26","smart pet feeder","0","0","audit_a_5y","diagnostic","pet_unspecified","false","audit_a_5y","false","AU","Web Search","2026-10-07T11:21:38.145658+00:00"
"2025-02-02","smart pet feeder","0","0","audit_a_5y","diagnostic","pet_unspecified","false","audit_a_5y","false","AU","Web Search","2026-10-07T11:21:38.145658+00:00"
"2025-02-09","smart pet feeder","0","0","audit_a_5y","diagnostic","pet_unspecified","false","audit_a_5y","false","AU","Web Search","2026-10-07T11:21:38.145658+00:00"
"2025-02-16","smart pet feeder","0","0","audit_a_5y","diagnostic","pet_unspecified","false","audit_a_5y","false","AU","Web Search","2026-10-07T11:21:38.145658+00:00"
"2025-02-23","smart pet feeder","0","0","audit_a_5y","diagnostic","pet_unspecified","false","audit_a_5y","false","AU","Web Search","2026-10-07T11:21:38.145658+00:00"
"2025-03-02","smart pet feeder","0","0","audit_a_5y","diagnostic","pet_unspecified","false","audit_a_5y","false","AU","Web Search","2026-10-07T11:21:38.145658+00:00"
"2025-03-09","smart pet feeder","0","0","audit_a_5y","diagnostic","pet_unspecified","false","audit_a_5y","false","AU","Web Search","2026-10-07T11:21:38.145658+00:00"
"2025-03-16","smart pet feeder","0","0","audit_a_5y","diagnostic","pet_unspecified","false","audit_a_5y","false","AU","Web Search","2026-10-07T11:21:38.145658+00:00"
"2025-03-23","smart pet feeder","0","0","audit_a_5y","diagnostic","pet_unspecified","false","audit_a_5y","false","AU","Web Search","2026-10-07T11:21:38.145658+00:00"
"2025-03-30","smart pet feeder","0","0","audit_a_5y","diagnostic","pet_unspecified","false","audit_a_5y","false","AU","Web Search","2026-10-07T11:21:38.145658+00:00"
"2025-04-06","smart pet feeder","0","0","audit_a_5y","diagnostic","pet_unspecified","false","audit_a_5y","false","AU","Web Search","2026-10-07T11:21:38.145658+00:00"
"2025-04-13","smart pet feeder","17","4.25","audit_a_5y","diagnostic","pet_unspecified","false","audit_a_5y","false","AU","Web Search","2026-10-07T11:21:38.145658+00:00"
"2025-04-20","smart pet feeder","0","4.25","audit_a_5y","diagnostic","pet_unspecified","false","audit_a_5y","false","AU","Web Search","2026-10-07T11:21:38.145658+00:00"
"2025-04-27","smart pet feeder","0","4.25","audit_a_5y","diagnostic","pet_unspecified","false","audit_a_5y","false","AU","Web Search","2026-10-07T11:21:38.145658+00:00"
"2025-05-04","smart pet feeder","0","4.25","audit_a_5y","diagnostic","pet_unspecified","false","audit_a_5y","false","AU","Web Search","2026-10-07T11:21:38.145658+00:00"
"2025-05-11","smart pet feeder","0","0","audit_a_5y","diagnostic","pet_unspecified","false","audit_a_5y","false","AU","Web Search","2026-10-07T11:21:38.145658+00:00"
"2025-05-18","smart pet feeder","0","0","audit_a_5y","diagnostic","pet_unspecified","false","audit_a_5y","false","AU","Web Search","2026-10-07T11:21:38.145658+00:00"
"2025-05-25","smart pet feeder","0","0","audit_a_5y","diagnostic","pet_unspecified","false","audit_a_5y","false","AU","Web Search","2026-10-07T11:21:38.145658+00:00"
"2025-06-01","smart pet feeder","0","0","audit_a_5y","diagnostic","pet_unspecified","false","audit_a_5y","false","AU","Web Search","2026-10-07T11:21:38.145658+00:00"
"2025-06-08","smart pet feeder","0","0","audit_a_5y","diagnostic","pet_unspecified","false","audit_a_5y","false","AU","Web Search","2026-10-07T11:21:38.145658+00:00"
"2025-06-15","smart pet feeder","0","0","audit_a_5y","diagnostic","pet_unspecified","false","audit_a_5y","false","AU","Web Search","2026-10-07T11:21:38.145658+00:00"
"2025-06-22","smart pet feeder","0","0","audit_a_5y","diagnostic","pet_unspecified","false","audit_a_5y","false","AU","Web Search","2026-10-07T11:21:38.145658+00:00"
"2025-06-29","smart pet feeder","0","0","audit_a_5y","diagnostic","pet_unspecified","false","audit_a_5y","false","AU","Web Search","2026-10-07T11:21:38.145658+00:00"
"2025-07-06","smart pet feeder","0","0","audit_a_5y","diagnostic","pet_unspecified","false","audit_a_5y","false","AU","Web Search","2026-10-07T11:21:38.145658+00:00"
"2025-07-13","smart pet feeder","0","0","audit_a_5y","diagnostic","pet_unspecified","false","audit_a_5y","false","AU","Web Search","2026-10-07T11:21:38.145658+00:00"
"2025-07-20","smart pet feeder","0","0","audit_a_5y","diagnostic","pet_unspecified","false","audit_a_5y","false","AU","Web Search","2026-10-07T11:21:38.145658+00:00"
"2025-07-27","smart pet feeder","0","0","audit_a_5y","diagnostic","pet_unspecified","false","audit_a_5y","false","AU","Web Search","2026-10-07T11:21:38.145658+00:00"
"2025-08-03","smart pet feeder","0","0","audit_a_5y","diagnostic","pet_unspecified","false","audit_a_5y","false","AU","Web Search","2026-10-07T11:21:38.145658+00:00"
"2025-08-10","smart pet feeder","0","0","audit_a_5y","diagnostic","pet_unspecified","false","audit_a_5y","false","AU","Web Search","2026-10-07T11:21:38.145658+00:00"
"2025-08-17","smart pet feeder","0","0","audit_a_5y","diagnostic","pet_unspecified","false","audit_a_5y","false","AU","Web Search","2026-10-07T11:21:38.145658+00:00"
"2025-08-24","smart pet feeder","0","0","audit_a_5y","diagnostic","pet_unspecified","false","audit_a_5y","false","AU","Web Search","2026-10-07T11:21:38.145658+00:00"
"2025-08-31","smart pet feeder","0","0","audit_a_5y","diagnostic","pet_unspecified","false","audit_a_5y","false","AU","Web Search","2026-10-07T11:21:38.145658+00:00"
"2025-09-07","smart pet feeder","0","0","audit_a_5y","diagnostic","pet_unspecified","false","audit_a_5y","false","AU","Web Search","2026-10-07T11:21:38.145658+00:00"
"2025-09-14","smart pet feeder","0","0","audit_a_5y","diagnostic","pet_unspecified","false","audit_a_5y","false","AU","Web Search","2026-10-07T11:21:38.145658+00:00"
"2025-09-21","smart pet feeder","0","0","audit_a_5y","diagnostic","pet_unspecified","false","audit_a_5y","false","AU","Web Search","2026-10-07T11:21:38.145658+00:00"
"2025-09-28","smart pet feeder","0","0","audit_a_5y","diagnostic","pet_unspecified","false","audit_a_5y","false","AU","Web Search","2026-10-07T11:21:38.145658+00:00"
"2025-10-05","smart pet feeder","0","0","audit_a_5y","diagnostic","pet_unspecified","false","audit_a_5y","false","AU","Web Search","2026-10-07T11:21:38.145658+00:00"
"2025-10-12","smart pet feeder","0","0","audit_a_5y","diagnostic","pet_unspecified","false","audit_a_5y","false","AU","Web Search","2026-10-07T11:21:38.145658+00:00"
"2025-10-19","smart pet feeder","0","0","audit_a_5y","diagnostic","pet_unspecified","false","audit_a_5y","false","AU","Web Search","2026-10-07T11:21:38.145658+00:00"
"2025-10-26","smart pet feeder","0","0","audit_a_5y","diagnostic","pet_unspecified","false","audit_a_5y","false","AU","Web Search","2026-10-07T11:21:38.145658+00:00"
"2025-11-02","smart pet feeder","0","0","audit_a_5y","diagnostic","pet_unspecified","false","audit_a_5y","false","AU","Web Search","2026-10-07T11:21:38.145658+00:00"
"2025-11-09","smart pet feeder","0","0","audit_a_5y","diagnostic","pet_unspecified","false","audit_a_5y","false","AU","Web Search","2026-10-07T11:21:38.145658+00:00"
"2025-11-16","smart pet feeder","0","0","audit_a_5y","diagnostic","pet_unspecified","false","audit_a_5y","false","AU","Web Search","2026-10-07T11:21:38.145658+00:00"
"2025-11-23","smart pet feeder","0","0","audit_a_5y","diagnostic","pet_unspecified","false","audit_a_5y","false","AU","Web Search","2026-10-07T11:21:38.145658+00:00"
"2025-11-30","smart pet feeder","18","4.5","audit_a_5y","diagnostic","pet_unspecified","false","audit_a_5y","false","AU","Web Search","2026-10-07T11:21:38.145658+00:00"
"2025-12-07","smart pet feeder","0","4.5","audit_a_5y","diagnostic","pet_unspecified","false","audit_a_5y","false","AU","Web Search","2026-10-07T11:21:38.145658+00:00"
"2025-12-14","smart pet feeder","0","4.5","audit_a_5y","diagnostic","pet_unspecified","false","audit_a_5y","false","AU","Web Search","2026-10-07T11:21:38.145658+00:00"
"2025-12-21","smart pet feeder","0","4.5","audit_a_5y","diagnostic","pet_unspecified","false","audit_a_5y","false","AU","Web Search","2026-10-07T11:21:38.145658+00:00"
"2025-12-28","smart pet feeder","0","0","audit_a_5y","diagnostic","pet_unspecified","false","audit_a_5y","false","AU","Web Search","2026-10-07T11:21:38.145658+00:00"
"2026-01-04","smart pet feeder","0","0","audit_a_5y","diagnostic","pet_unspecified","false","audit_a_5y","false","AU","Web Search","2026-10-07T11:21:38.145658+00:00"
"2026-01-11","smart pet feeder","16","4","audit_a_5y","diagnostic","pet_unspecified","false","audit_a_5y","false","AU","Web Search","2026-10-07T11:21:38.145658+00:00"
"2026-01-18","smart pet feeder","0","4","audit_a_5y","diagnostic","pet_unspecified","false","audit_a_5y","false","AU","Web Search","2026-10-07T11:21:38.145658+00:00"
"2026-01-25","smart pet feeder","0","4","audit_a_5y","diagnostic","pet_unspecified","false","audit_a_5y","false","AU","Web Search","2026-10-07T11:21:38.145658+00:00"
"2026-02-01","smart pet feeder","0","4","audit_a_5y","diagnostic","pet_unspecified","false","audit_a_5y","false","AU","Web Search","2026-10-07T11:21:38.145658+00:00"
"2026-02-08","smart pet feeder","16","4","audit_a_5y","diagnostic","pet_unspecified","false","audit_a_5y","false","AU","Web Search","2026-10-07T11:21:38.145658+00:00"
"2026-02-15","smart pet feeder","0","4","audit_a_5y","diagnostic","pet_unspecified","false","audit_a_5y","false","AU","Web Search","2026-10-07T11:21:38.145658+00:00"
"2026-02-22","smart pet feeder","0","4","audit_a_5y","diagnostic","pet_unspecified","false","audit_a_5y","false","AU","Web Search","2026-10-07T11:21:38.145658+00:00"
"2026-03-01","smart pet feeder","0","4","audit_a_5y","diagnostic","pet_unspecified","false","audit_a_5y","false","AU","Web Search","2026-10-07T11:21:38.145658+00:00"
"2026-03-08","smart pet feeder","0","0","audit_a_5y","diagnostic","pet_unspecified","false","audit_a_5y","false","AU","Web Search","2026-10-07T11:21:38.145658+00:00"
"2026-03-15","smart pet feeder","0","0","audit_a_5y","diagnostic","pet_unspecified","false","audit_a_5y","false","AU","Web Search","2026-10-07T11:21:38.145658+00:00"
"2026-03-22","smart pet feeder","17","4.25","audit_a_5y","diagnostic","pet_unspecified","false","audit_a_5y","false","AU","Web Search","2026-10-07T11:21:38.145658+00:00"
"2026-03-29","smart pet feeder","0","4.25","audit_a_5y","diagnostic","pet_unspecified","false","audit_a_5y","false","AU","Web Search","2026-10-07T11:21:38.145658+00:00"
"2026-04-05","smart pet feeder","0","4.25","audit_a_5y","diagnostic","pet_unspecified","false","audit_a_5y","false","AU","Web Search","2026-10-07T11:21:38.145658+00:00"
"2026-04-12","smart pet feeder","0","4.25","audit_a_5y","diagnostic","pet_unspecified","false","audit_a_5y","false","AU","Web Search","2026-10-07T11:21:38.145658+00:00"
"2026-04-19","smart pet feeder","0","0","audit_a_5y","diagnostic","pet_unspecified","false","audit_a_5y","false","AU","Web Search","2026-10-07T11:21:38.145658+00:00"
"2026-04-26","smart pet feeder","31","7.75","audit_a_5y","diagnostic","pet_unspecified","false","audit_a_5y","false","AU","Web Search","2026-10-07T11:21:38.145658+00:00"
"2026-05-03","smart pet feeder","0","7.75","audit_a_5y","diagnostic","pet_unspecified","false","audit_a_5y","false","AU","Web Search","2026-10-07T11:21:38.145658+00:00"
"2026-05-10","smart pet feeder","0","7.75","audit_a_5y","diagnostic","pet_unspecified","false","audit_a_5y","false","AU","Web Search","2026-10-07T11:21:38.145658+00:00"
"2026-05-17","smart pet feeder","0","7.75","audit_a_5y","diagnostic","pet_unspecified","false","audit_a_5y","false","AU","Web Search","2026-10-07T11:21:38.145658+00:00"
"2026-05-24","smart pet feeder","0","0","audit_a_5y","diagnostic","pet_unspecified","false","audit_a_5y","false","AU","Web Search","2026-10-07T11:21:38.145658+00:00"
"2026-05-31","smart pet feeder","0","0","audit_a_5y","diagnostic","pet_unspecified","false","audit_a_5y","false","AU","Web Search","2026-10-07T11:21:38.145658+00:00"
"2026-06-07","smart pet feeder","17","4.25","audit_a_5y","diagnostic","pet_unspecified","false","audit_a_5y","false","AU","Web Search","2026-10-07T11:21:38.145658+00:00"
"2026-06-14","smart pet feeder","0","4.25","audit_a_5y","diagnostic","pet_unspecified","false","audit_a_5y","false","AU","Web Search","2026-10-07T11:21:38.145658+00:00"
"2026-06-21","smart pet feeder","16","8.25","audit_a_5y","diagnostic","pet_unspecified","false","audit_a_5y","false","AU","Web Search","2026-10-07T11:21:38.145658+00:00"
"2026-06-28","smart pet feeder","0","8.25","audit_a_5y","diagnostic","pet_unspecified","false","audit_a_5y","false","AU","Web Search","2026-10-07T11:21:38.145658+00:00"
"2026-07-05","smart pet feeder","0","4","audit_a_5y","diagnostic","pet_unspecified","false","audit_a_5y","false","AU","Web Search","2026-10-07T11:21:38.145658+00:00"
"2026-07-12","smart pet feeder","0","4","audit_a_5y","diagnostic","pet_unspecified","false","audit_a_5y","false","AU","Web Search","2026-10-07T11:21:38.145658+00:00"
"2026-07-19","smart pet feeder","0","0","audit_a_5y","diagnostic","pet_unspecified","false","audit_a_5y","false","AU","Web Search","2026-10-07T11:21:38.145658+00:00"
"2026-07-26","smart pet feeder","0","0","audit_a_5y","diagnostic","pet_unspecified","false","audit_a_5y","false","AU","Web Search","2026-10-07T11:21:38.145658+00:00"
"2026-08-02","smart pet feeder","0","0","audit_a_5y","diagnostic","pet_unspecified","false","audit_a_5y","false","AU","Web Search","2026-10-07T11:21:38.145658+00:00"
"2026-08-09","smart pet feeder","0","0","audit_a_5y","diagnostic","pet_unspecified","false","audit_a_5y","false","AU","Web Search","2026-10-07T11:21:38.145658+00:00"
"2026-08-16","smart pet feeder","18","4.5","audit_a_5y","diagnostic","pet_unspecified","false","audit_a_5y","false","AU","Web Search","2026-10-07T11:21:38.145658+00:00"
"2026-08-23","smart pet feeder","0","4.5","audit_a_5y","diagnostic","pet_unspecified","false","audit_a_5y","false","AU","Web Search","2026-10-07T11:21:38.145658+00:00"
"2026-08-30","smart pet feeder","0","4.5","audit_a_5y","diagnostic","pet_unspecified","false","audit_a_5y","false","AU","Web Search","2026-10-07T11:21:38.145658+00:00"
"2026-09-06","smart pet feeder","0","4.5","audit_a_5y","diagnostic","pet_unspecified","false","audit_a_5y","false","AU","Web Search","2026-10-07T11:21:38.145658+00:00"
"2026-09-13","smart pet feeder","0","0","audit_a_5y","diagnostic","pet_unspecified","false","audit_a_5y","false","AU","Web Search","2026-10-07T11:21:38.145658+00:00"
"2026-09-20","smart pet feeder","6","1.5","audit_a_5y","diagnostic","pet_unspecified","false","audit_a_5y","false","AU","Web Search","2026-10-07T11:21:38.145658+00:00"
"2026-09-27","smart pet feeder","7","3.25","audit_a_5y","diagnostic","pet_unspecified","false","audit_a_5y","false","AU","Web Search","2026-10-07T11:21:38.145658+00:00"
"2026-10-04","smart pet feeder","7","5","audit_a_5y","diagnostic","pet_unspecified","false","audit_a_5y","true","AU","Web Search","2026-10-07T11:21:38.145658+00:00"
"2021-10-03","pet feeder","45",,"audit_a_5y","core","pet_unspecified","true","audit_a_5y","true","AU","Web Search","2026-10-07T11:21:38.145658+00:00"
"2021-10-10","pet feeder","0",,"audit_a_5y","core","pet_unspecified","true","audit_a_5y","false","AU","Web Search","2026-10-07T11:21:38.145658+00:00"
"2021-10-17","pet feeder","45",,"audit_a_5y","core","pet_unspecified","true","audit_a_5y","false","AU","Web Search","2026-10-07T11:21:38.145658+00:00"
"2021-10-24","pet feeder","62","38","audit_a_5y","core","pet_unspecified","true","audit_a_5y","false","AU","Web Search","2026-10-07T11:21:38.145658+00:00"
"2021-10-31","pet feeder","52","39.75","audit_a_5y","core","pet_unspecified","true","audit_a_5y","false","AU","Web Search","2026-10-07T11:21:38.145658+00:00"
"2021-11-07","pet feeder","46","51.25","audit_a_5y","core","pet_unspecified","true","audit_a_5y","false","AU","Web Search","2026-10-07T11:21:38.145658+00:00"
"2021-11-14","pet feeder","47","51.75","audit_a_5y","core","pet_unspecified","true","audit_a_5y","false","AU","Web Search","2026-10-07T11:21:38.145658+00:00"
"2021-11-21","pet feeder","68","53.25","audit_a_5y","core","pet_unspecified","true","audit_a_5y","false","AU","Web Search","2026-10-07T11:21:38.145658+00:00"
"2021-11-28","pet feeder","56","54.25","audit_a_5y","core","pet_unspecified","true","audit_a_5y","false","AU","Web Search","2026-10-07T11:21:38.145658+00:00"
"2021-12-05","pet feeder","40","52.75","audit_a_5y","core","pet_unspecified","true","audit_a_5y","false","AU","Web Search","2026-10-07T11:21:38.145658+00:00"
"2021-12-12","pet feeder","75","59.75","audit_a_5y","core","pet_unspecified","true","audit_a_5y","false","AU","Web Search","2026-10-07T11:21:38.145658+00:00"
"2021-12-19","pet feeder","83","63.5","audit_a_5y","core","pet_unspecified","true","audit_a_5y","false","AU","Web Search","2026-10-07T11:21:38.145658+00:00"
"2021-12-26","pet feeder","78","69","audit_a_5y","core","pet_unspecified","true","audit_a_5y","false","AU","Web Search","2026-10-07T11:21:38.145658+00:00"
"2022-01-02","pet feeder","66","75.5","audit_a_5y","core","pet_unspecified","true","audit_a_5y","false","AU","Web Search","2026-10-07T11:21:38.145658+00:00"
"2022-01-09","pet feeder","54","70.25","audit_a_5y","core","pet_unspecified","true","audit_a_5y","false","AU","Web Search","2026-10-07T11:21:38.145658+00:00"
"2022-01-16","pet feeder","54","63","audit_a_5y","core","pet_unspecified","true","audit_a_5y","false","AU","Web Search","2026-10-07T11:21:38.145658+00:00"
"2022-01-23","pet feeder","54","57","audit_a_5y","core","pet_unspecified","true","audit_a_5y","false","AU","Web Search","2026-10-07T11:21:38.145658+00:00"
"2022-01-30","pet feeder","54","54","audit_a_5y","core","pet_unspecified","true","audit_a_5y","false","AU","Web Search","2026-10-07T11:21:38.145658+00:00"
"2022-02-06","pet feeder","53","53.75","audit_a_5y","core","pet_unspecified","true","audit_a_5y","false","AU","Web Search","2026-10-07T11:21:38.145658+00:00"
"2022-02-13","pet feeder","68","57.25","audit_a_5y","core","pet_unspecified","true","audit_a_5y","false","AU","Web Search","2026-10-07T11:21:38.145658+00:00"
"2022-02-20","pet feeder","53","57","audit_a_5y","core","pet_unspecified","true","audit_a_5y","false","AU","Web Search","2026-10-07T11:21:38.145658+00:00"
"2022-02-27","pet feeder","56","57.5","audit_a_5y","core","pet_unspecified","true","audit_a_5y","false","AU","Web Search","2026-10-07T11:21:38.145658+00:00"
"2022-03-06","pet feeder","70","61.75","audit_a_5y","core","pet_unspecified","true","audit_a_5y","false","AU","Web Search","2026-10-07T11:21:38.145658+00:00"
"2022-03-13","pet feeder","70","62.25","audit_a_5y","core","pet_unspecified","true","audit_a_5y","false","AU","Web Search","2026-10-07T11:21:38.145658+00:00"
"2022-03-20","pet feeder","54","62.5","audit_a_5y","core","pet_unspecified","true","audit_a_5y","false","AU","Web Search","2026-10-07T11:21:38.145658+00:00"
"2022-03-27","pet feeder","67","65.25","audit_a_5y","core","pet_unspecified","true","audit_a_5y","false","AU","Web Search","2026-10-07T11:21:38.145658+00:00"
"2022-04-03","pet feeder","61","63","audit_a_5y","core","pet_unspecified","true","audit_a_5y","false","AU","Web Search","2026-10-07T11:21:38.145658+00:00"
"2022-04-10","pet feeder","80","65.5","audit_a_5y","core","pet_unspecified","true","audit_a_5y","false","AU","Web Search","2026-10-07T11:21:38.145658+00:00"
"2022-04-17","pet feeder","96","76","audit_a_5y","core","pet_unspecified","true","audit_a_5y","false","AU","Web Search","2026-10-07T11:21:38.145658+00:00"
"2022-04-24","pet feeder","72","77.25","audit_a_5y","core","pet_unspecified","true","audit_a_5y","false","AU","Web Search","2026-10-07T11:21:38.145658+00:00"
"2022-05-01","pet feeder","57","76.25","audit_a_5y","core","pet_unspecified","true","audit_a_5y","false","AU","Web Search","2026-10-07T11:21:38.145658+00:00"
"2022-05-08","pet feeder","61","71.5","audit_a_5y","core","pet_unspecified","true","audit_a_5y","false","AU","Web Search","2026-10-07T11:21:38.145658+00:00"
"2022-05-15","pet feeder","59","62.25","audit_a_5y","core","pet_unspecified","true","audit_a_5y","false","AU","Web Search","2026-10-07T11:21:38.145658+00:00"
"2022-05-22","pet feeder","53","57.5","audit_a_5y","core","pet_unspecified","true","audit_a_5y","false","AU","Web Search","2026-10-07T11:21:38.145658+00:00"
"2022-05-29","pet feeder","54","56.75","audit_a_5y","core","pet_unspecified","true","audit_a_5y","false","AU","Web Search","2026-10-07T11:21:38.145658+00:00"
"2022-06-05","pet feeder","36","50.5","audit_a_5y","core","pet_unspecified","true","audit_a_5y","false","AU","Web Search","2026-10-07T11:21:38.145658+00:00"
"2022-06-12","pet feeder","45","47","audit_a_5y","core","pet_unspecified","true","audit_a_5y","false","AU","Web Search","2026-10-07T11:21:38.145658+00:00"
"2022-06-19","pet feeder","58","48.25","audit_a_5y","core","pet_unspecified","true","audit_a_5y","false","AU","Web Search","2026-10-07T11:21:38.145658+00:00"
"2022-06-26","pet feeder","54","48.25","audit_a_5y","core","pet_unspecified","true","audit_a_5y","false","AU","Web Search","2026-10-07T11:21:38.145658+00:00"
"2022-07-03","pet feeder","71","57","audit_a_5y","core","pet_unspecified","true","audit_a_5y","false","AU","Web Search","2026-10-07T11:21:38.145658+00:00"
"2022-07-10","pet feeder","82","66.25","audit_a_5y","core","pet_unspecified","true","audit_a_5y","false","AU","Web Search","2026-10-07T11:21:38.145658+00:00"
"2022-07-17","pet feeder","70","69.25","audit_a_5y","core","pet_unspecified","true","audit_a_5y","false","AU","Web Search","2026-10-07T11:21:38.145658+00:00"
"2022-07-24","pet feeder","64","71.75","audit_a_5y","core","pet_unspecified","true","audit_a_5y","false","AU","Web Search","2026-10-07T11:21:38.145658+00:00"
"2022-07-31","pet feeder","69","71.25","audit_a_5y","core","pet_unspecified","true","audit_a_5y","false","AU","Web Search","2026-10-07T11:21:38.145658+00:00"
"2022-08-07","pet feeder","75","69.5","audit_a_5y","core","pet_unspecified","true","audit_a_5y","false","AU","Web Search","2026-10-07T11:21:38.145658+00:00"
"2022-08-14","pet feeder","71","69.75","audit_a_5y","core","pet_unspecified","true","audit_a_5y","false","AU","Web Search","2026-10-07T11:21:38.145658+00:00"
"2022-08-21","pet feeder","74","72.25","audit_a_5y","core","pet_unspecified","true","audit_a_5y","false","AU","Web Search","2026-10-07T11:21:38.145658+00:00"
"2022-08-28","pet feeder","66","71.5","audit_a_5y","core","pet_unspecified","true","audit_a_5y","false","AU","Web Search","2026-10-07T11:21:38.145658+00:00"
"2022-09-04","pet feeder","72","70.75","audit_a_5y","core","pet_unspecified","true","audit_a_5y","false","AU","Web Search","2026-10-07T11:21:38.145658+00:00"
"2022-09-11","pet feeder","81","73.25","audit_a_5y","core","pet_unspecified","true","audit_a_5y","false","AU","Web Search","2026-10-07T11:21:38.145658+00:00"
"2022-09-18","pet feeder","70","72.25","audit_a_5y","core","pet_unspecified","true","audit_a_5y","false","AU","Web Search","2026-10-07T11:21:38.145658+00:00"
"2022-09-25","pet feeder","77","75","audit_a_5y","core","pet_unspecified","true","audit_a_5y","false","AU","Web Search","2026-10-07T11:21:38.145658+00:00"
"2022-10-02","pet feeder","49","69.25","audit_a_5y","core","pet_unspecified","true","audit_a_5y","false","AU","Web Search","2026-10-07T11:21:38.145658+00:00"
"2022-10-09","pet feeder","43","59.75","audit_a_5y","core","pet_unspecified","true","audit_a_5y","false","AU","Web Search","2026-10-07T11:21:38.145658+00:00"
"2022-10-16","pet feeder","48","54.25","audit_a_5y","core","pet_unspecified","true","audit_a_5y","false","AU","Web Search","2026-10-07T11:21:38.145658+00:00"
"2022-10-23","pet feeder","48","47","audit_a_5y","core","pet_unspecified","true","audit_a_5y","false","AU","Web Search","2026-10-07T11:21:38.145658+00:00"
"2022-10-30","pet feeder","65","51","audit_a_5y","core","pet_unspecified","true","audit_a_5y","false","AU","Web Search","2026-10-07T11:21:38.145658+00:00"
"2022-11-06","pet feeder","57","54.5","audit_a_5y","core","pet_unspecified","true","audit_a_5y","false","AU","Web Search","2026-10-07T11:21:38.145658+00:00"
"2022-11-13","pet feeder","65","58.75","audit_a_5y","core","pet_unspecified","true","audit_a_5y","false","AU","Web Search","2026-10-07T11:21:38.145658+00:00"
"2022-11-20","pet feeder","59","61.5","audit_a_5y","core","pet_unspecified","true","audit_a_5y","false","AU","Web Search","2026-10-07T11:21:38.145658+00:00"
"2022-11-27","pet feeder","75","64","audit_a_5y","core","pet_unspecified","true","audit_a_5y","false","AU","Web Search","2026-10-07T11:21:38.145658+00:00"
"2022-12-04","pet feeder","58","64.25","audit_a_5y","core","pet_unspecified","true","audit_a_5y","false","AU","Web Search","2026-10-07T11:21:38.145658+00:00"
"2022-12-11","pet feeder","89","70.25","audit_a_5y","core","pet_unspecified","true","audit_a_5y","false","AU","Web Search","2026-10-07T11:21:38.145658+00:00"
"2022-12-18","pet feeder","100","80.5","audit_a_5y","core","pet_unspecified","true","audit_a_5y","false","AU","Web Search","2026-10-07T11:21:38.145658+00:00"
"2022-12-25","pet feeder","96","85.75","audit_a_5y","core","pet_unspecified","true","audit_a_5y","false","AU","Web Search","2026-10-07T11:21:38.145658+00:00"
"2023-01-01","pet feeder","90","93.75","audit_a_5y","core","pet_unspecified","true","audit_a_5y","false","AU","Web Search","2026-10-07T11:21:38.145658+00:00"
"2023-01-08","pet feeder","79","91.25","audit_a_5y","core","pet_unspecified","true","audit_a_5y","false","AU","Web Search","2026-10-07T11:21:38.145658+00:00"
"2023-01-15","pet feeder","38","75.75","audit_a_5y","core","pet_unspecified","true","audit_a_5y","false","AU","Web Search","2026-10-07T11:21:38.145658+00:00"
"2023-01-22","pet feeder","58","66.25","audit_a_5y","core","pet_unspecified","true","audit_a_5y","false","AU","Web Search","2026-10-07T11:21:38.145658+00:00"
"2023-01-29","pet feeder","63","59.5","audit_a_5y","core","pet_unspecified","true","audit_a_5y","false","AU","Web Search","2026-10-07T11:21:38.145658+00:00"
"2023-02-05","pet feeder","52","52.75","audit_a_5y","core","pet_unspecified","true","audit_a_5y","false","AU","Web Search","2026-10-07T11:21:38.145658+00:00"
"2023-02-12","pet feeder","56","57.25","audit_a_5y","core","pet_unspecified","true","audit_a_5y","false","AU","Web Search","2026-10-07T11:21:38.145658+00:00"
"2023-02-19","pet feeder","65","59","audit_a_5y","core","pet_unspecified","true","audit_a_5y","false","AU","Web Search","2026-10-07T11:21:38.145658+00:00"
"2023-02-26","pet feeder","73","61.5","audit_a_5y","core","pet_unspecified","true","audit_a_5y","false","AU","Web Search","2026-10-07T11:21:38.145658+00:00"
"2023-03-05","pet feeder","46","60","audit_a_5y","core","pet_unspecified","true","audit_a_5y","false","AU","Web Search","2026-10-07T11:21:38.145658+00:00"
"2023-03-12","pet feeder","52","59","audit_a_5y","core","pet_unspecified","true","audit_a_5y","false","AU","Web Search","2026-10-07T11:21:38.145658+00:00"
"2023-03-19","pet feeder","64","58.75","audit_a_5y","core","pet_unspecified","true","audit_a_5y","false","AU","Web Search","2026-10-07T11:21:38.145658+00:00"
"2023-03-26","pet feeder","63","56.25","audit_a_5y","core","pet_unspecified","true","audit_a_5y","false","AU","Web Search","2026-10-07T11:21:38.145658+00:00"
"2023-04-02","pet feeder","71","62.5","audit_a_5y","core","pet_unspecified","true","audit_a_5y","false","AU","Web Search","2026-10-07T11:21:38.145658+00:00"
"2023-04-09","pet feeder","85","70.75","audit_a_5y","core","pet_unspecified","true","audit_a_5y","false","AU","Web Search","2026-10-07T11:21:38.145658+00:00"
"2023-04-16","pet feeder","62","70.25","audit_a_5y","core","pet_unspecified","true","audit_a_5y","false","AU","Web Search","2026-10-07T11:21:38.145658+00:00"
"2023-04-23","pet feeder","56","68.5","audit_a_5y","core","pet_unspecified","true","audit_a_5y","false","AU","Web Search","2026-10-07T11:21:38.145658+00:00"
"2023-04-30","pet feeder","57","65","audit_a_5y","core","pet_unspecified","true","audit_a_5y","false","AU","Web Search","2026-10-07T11:21:38.145658+00:00"
"2023-05-07","pet feeder","55","57.5","audit_a_5y","core","pet_unspecified","true","audit_a_5y","false","AU","Web Search","2026-10-07T11:21:38.145658+00:00"
"2023-05-14","pet feeder","57","56.25","audit_a_5y","core","pet_unspecified","true","audit_a_5y","false","AU","Web Search","2026-10-07T11:21:38.145658+00:00"
"2023-05-21","pet feeder","49","54.5","audit_a_5y","core","pet_unspecified","true","audit_a_5y","false","AU","Web Search","2026-10-07T11:21:38.145658+00:00"
"2023-05-28","pet feeder","49","52.5","audit_a_5y","core","pet_unspecified","true","audit_a_5y","false","AU","Web Search","2026-10-07T11:21:38.145658+00:00"
"2023-06-04","pet feeder","58","53.25","audit_a_5y","core","pet_unspecified","true","audit_a_5y","false","AU","Web Search","2026-10-07T11:21:38.145658+00:00"
"2023-06-11","pet feeder","69","56.25","audit_a_5y","core","pet_unspecified","true","audit_a_5y","false","AU","Web Search","2026-10-07T11:21:38.145658+00:00"
"2023-06-18","pet feeder","67","60.75","audit_a_5y","core","pet_unspecified","true","audit_a_5y","false","AU","Web Search","2026-10-07T11:21:38.145658+00:00"
"2023-06-25","pet feeder","57","62.75","audit_a_5y","core","pet_unspecified","true","audit_a_5y","false","AU","Web Search","2026-10-07T11:21:38.145658+00:00"
"2023-07-02","pet feeder","58","62.75","audit_a_5y","core","pet_unspecified","true","audit_a_5y","false","AU","Web Search","2026-10-07T11:21:38.145658+00:00"
"2023-07-09","pet feeder","60","60.5","audit_a_5y","core","pet_unspecified","true","audit_a_5y","false","AU","Web Search","2026-10-07T11:21:38.145658+00:00"
"2023-07-16","pet feeder","49","56","audit_a_5y","core","pet_unspecified","true","audit_a_5y","false","AU","Web Search","2026-10-07T11:21:38.145658+00:00"
"2023-07-23","pet feeder","59","56.5","audit_a_5y","core","pet_unspecified","true","audit_a_5y","false","AU","Web Search","2026-10-07T11:21:38.145658+00:00"
"2023-07-30","pet feeder","53","55.25","audit_a_5y","core","pet_unspecified","true","audit_a_5y","false","AU","Web Search","2026-10-07T11:21:38.145658+00:00"
"2023-08-06","pet feeder","51","53","audit_a_5y","core","pet_unspecified","true","audit_a_5y","false","AU","Web Search","2026-10-07T11:21:38.145658+00:00"
"2023-08-13","pet feeder","40","50.75","audit_a_5y","core","pet_unspecified","true","audit_a_5y","false","AU","Web Search","2026-10-07T11:21:38.145658+00:00"
"2023-08-20","pet feeder","45","47.25","audit_a_5y","core","pet_unspecified","true","audit_a_5y","false","AU","Web Search","2026-10-07T11:21:38.145658+00:00"
"2023-08-27","pet feeder","55","47.75","audit_a_5y","core","pet_unspecified","true","audit_a_5y","false","AU","Web Search","2026-10-07T11:21:38.145658+00:00"
"2023-09-03","pet feeder","59","49.75","audit_a_5y","core","pet_unspecified","true","audit_a_5y","false","AU","Web Search","2026-10-07T11:21:38.145658+00:00"
"2023-09-10","pet feeder","52","52.75","audit_a_5y","core","pet_unspecified","true","audit_a_5y","false","AU","Web Search","2026-10-07T11:21:38.145658+00:00"
"2023-09-17","pet feeder","52","54.5","audit_a_5y","core","pet_unspecified","true","audit_a_5y","false","AU","Web Search","2026-10-07T11:21:38.145658+00:00"
"2023-09-24","pet feeder","83","61.5","audit_a_5y","core","pet_unspecified","true","audit_a_5y","false","AU","Web Search","2026-10-07T11:21:38.145658+00:00"
"2023-10-01","pet feeder","81","67","audit_a_5y","core","pet_unspecified","true","audit_a_5y","false","AU","Web Search","2026-10-07T11:21:38.145658+00:00"
"2023-10-08","pet feeder","45","65.25","audit_a_5y","core","pet_unspecified","true","audit_a_5y","false","AU","Web Search","2026-10-07T11:21:38.145658+00:00"
"2023-10-15","pet feeder","52","65.25","audit_a_5y","core","pet_unspecified","true","audit_a_5y","false","AU","Web Search","2026-10-07T11:21:38.145658+00:00"
"2023-10-22","pet feeder","44","55.5","audit_a_5y","core","pet_unspecified","true","audit_a_5y","false","AU","Web Search","2026-10-07T11:21:38.145658+00:00"
"2023-10-29","pet feeder","49","47.5","audit_a_5y","core","pet_unspecified","true","audit_a_5y","false","AU","Web Search","2026-10-07T11:21:38.145658+00:00"
"2023-11-05","pet feeder","56","50.25","audit_a_5y","core","pet_unspecified","true","audit_a_5y","false","AU","Web Search","2026-10-07T11:21:38.145658+00:00"
"2023-11-12","pet feeder","51","50","audit_a_5y","core","pet_unspecified","true","audit_a_5y","false","AU","Web Search","2026-10-07T11:21:38.145658+00:00"
"2023-11-19","pet feeder","72","57","audit_a_5y","core","pet_unspecified","true","audit_a_5y","false","AU","Web Search","2026-10-07T11:21:38.145658+00:00"
"2023-11-26","pet feeder","52","57.75","audit_a_5y","core","pet_unspecified","true","audit_a_5y","false","AU","Web Search","2026-10-07T11:21:38.145658+00:00"
"2023-12-03","pet feeder","91","66.5","audit_a_5y","core","pet_unspecified","true","audit_a_5y","false","AU","Web Search","2026-10-07T11:21:38.145658+00:00"
"2023-12-10","pet feeder","63","69.5","audit_a_5y","core","pet_unspecified","true","audit_a_5y","false","AU","Web Search","2026-10-07T11:21:38.145658+00:00"
"2023-12-17","pet feeder","91","74.25","audit_a_5y","core","pet_unspecified","true","audit_a_5y","false","AU","Web Search","2026-10-07T11:21:38.145658+00:00"
"2023-12-24","pet feeder","93","84.5","audit_a_5y","core","pet_unspecified","true","audit_a_5y","false","AU","Web Search","2026-10-07T11:21:38.145658+00:00"
"2023-12-31","pet feeder","61","77","audit_a_5y","core","pet_unspecified","true","audit_a_5y","false","AU","Web Search","2026-10-07T11:21:38.145658+00:00"
"2024-01-07","pet feeder","59","76","audit_a_5y","core","pet_unspecified","true","audit_a_5y","false","AU","Web Search","2026-10-07T11:21:38.145658+00:00"
"2024-01-14","pet feeder","59","68","audit_a_5y","core","pet_unspecified","true","audit_a_5y","false","AU","Web Search","2026-10-07T11:21:38.145658+00:00"
"2024-01-21","pet feeder","65","61","audit_a_5y","core","pet_unspecified","true","audit_a_5y","false","AU","Web Search","2026-10-07T11:21:38.145658+00:00"
"2024-01-28","pet feeder","59","60.5","audit_a_5y","core","pet_unspecified","true","audit_a_5y","false","AU","Web Search","2026-10-07T11:21:38.145658+00:00"
"2024-02-04","pet feeder","44","56.75","audit_a_5y","core","pet_unspecified","true","audit_a_5y","false","AU","Web Search","2026-10-07T11:21:38.145658+00:00"
"2024-02-11","pet feeder","53","55.25","audit_a_5y","core","pet_unspecified","true","audit_a_5y","false","AU","Web Search","2026-10-07T11:21:38.145658+00:00"
"2024-02-18","pet feeder","66","55.5","audit_a_5y","core","pet_unspecified","true","audit_a_5y","false","AU","Web Search","2026-10-07T11:21:38.145658+00:00"
"2024-02-25","pet feeder","46","52.25","audit_a_5y","core","pet_unspecified","true","audit_a_5y","false","AU","Web Search","2026-10-07T11:21:38.145658+00:00"
"2024-03-03","pet feeder","63","57","audit_a_5y","core","pet_unspecified","true","audit_a_5y","false","AU","Web Search","2026-10-07T11:21:38.145658+00:00"
"2024-03-10","pet feeder","51","56.5","audit_a_5y","core","pet_unspecified","true","audit_a_5y","false","AU","Web Search","2026-10-07T11:21:38.145658+00:00"
"2024-03-17","pet feeder","57","54.25","audit_a_5y","core","pet_unspecified","true","audit_a_5y","false","AU","Web Search","2026-10-07T11:21:38.145658+00:00"
"2024-03-24","pet feeder","52","55.75","audit_a_5y","core","pet_unspecified","true","audit_a_5y","false","AU","Web Search","2026-10-07T11:21:38.145658+00:00"
"2024-03-31","pet feeder","46","51.5","audit_a_5y","core","pet_unspecified","true","audit_a_5y","false","AU","Web Search","2026-10-07T11:21:38.145658+00:00"
"2024-04-07","pet feeder","68","55.75","audit_a_5y","core","pet_unspecified","true","audit_a_5y","false","AU","Web Search","2026-10-07T11:21:38.145658+00:00"
"2024-04-14","pet feeder","54","55","audit_a_5y","core","pet_unspecified","true","audit_a_5y","false","AU","Web Search","2026-10-07T11:21:38.145658+00:00"
"2024-04-21","pet feeder","56","56","audit_a_5y","core","pet_unspecified","true","audit_a_5y","false","AU","Web Search","2026-10-07T11:21:38.145658+00:00"
"2024-04-28","pet feeder","50","57","audit_a_5y","core","pet_unspecified","true","audit_a_5y","false","AU","Web Search","2026-10-07T11:21:38.145658+00:00"
"2024-05-05","pet feeder","63","55.75","audit_a_5y","core","pet_unspecified","true","audit_a_5y","false","AU","Web Search","2026-10-07T11:21:38.145658+00:00"
"2024-05-12","pet feeder","61","57.5","audit_a_5y","core","pet_unspecified","true","audit_a_5y","false","AU","Web Search","2026-10-07T11:21:38.145658+00:00"
"2024-05-19","pet feeder","45","54.75","audit_a_5y","core","pet_unspecified","true","audit_a_5y","false","AU","Web Search","2026-10-07T11:21:38.145658+00:00"
"2024-05-26","pet feeder","59","57","audit_a_5y","core","pet_unspecified","true","audit_a_5y","false","AU","Web Search","2026-10-07T11:21:38.145658+00:00"
"2024-06-02","pet feeder","51","54","audit_a_5y","core","pet_unspecified","true","audit_a_5y","false","AU","Web Search","2026-10-07T11:21:38.145658+00:00"
"2024-06-09","pet feeder","69","56","audit_a_5y","core","pet_unspecified","true","audit_a_5y","false","AU","Web Search","2026-10-07T11:21:38.145658+00:00"
"2024-06-16","pet feeder","61","60","audit_a_5y","core","pet_unspecified","true","audit_a_5y","false","AU","Web Search","2026-10-07T11:21:38.145658+00:00"
"2024-06-23","pet feeder","52","58.25","audit_a_5y","core","pet_unspecified","true","audit_a_5y","false","AU","Web Search","2026-10-07T11:21:38.145658+00:00"
"2024-06-30","pet feeder","54","59","audit_a_5y","core","pet_unspecified","true","audit_a_5y","false","AU","Web Search","2026-10-07T11:21:38.145658+00:00"
"2024-07-07","pet feeder","75","60.5","audit_a_5y","core","pet_unspecified","true","audit_a_5y","false","AU","Web Search","2026-10-07T11:21:38.145658+00:00"
"2024-07-14","pet feeder","58","59.75","audit_a_5y","core","pet_unspecified","true","audit_a_5y","false","AU","Web Search","2026-10-07T11:21:38.145658+00:00"
"2024-07-21","pet feeder","59","61.5","audit_a_5y","core","pet_unspecified","true","audit_a_5y","false","AU","Web Search","2026-10-07T11:21:38.145658+00:00"
"2024-07-28","pet feeder","45","59.25","audit_a_5y","core","pet_unspecified","true","audit_a_5y","false","AU","Web Search","2026-10-07T11:21:38.145658+00:00"
"2024-08-04","pet feeder","62","56","audit_a_5y","core","pet_unspecified","true","audit_a_5y","false","AU","Web Search","2026-10-07T11:21:38.145658+00:00"
"2024-08-11","pet feeder","56","55.5","audit_a_5y","core","pet_unspecified","true","audit_a_5y","false","AU","Web Search","2026-10-07T11:21:38.145658+00:00"
"2024-08-18","pet feeder","57","55","audit_a_5y","core","pet_unspecified","true","audit_a_5y","false","AU","Web Search","2026-10-07T11:21:38.145658+00:00"
"2024-08-25","pet feeder","50","56.25","audit_a_5y","core","pet_unspecified","true","audit_a_5y","false","AU","Web Search","2026-10-07T11:21:38.145658+00:00"
"2024-09-01","pet feeder","44","51.75","audit_a_5y","core","pet_unspecified","true","audit_a_5y","false","AU","Web Search","2026-10-07T11:21:38.145658+00:00"
"2024-09-08","pet feeder","39","47.5","audit_a_5y","core","pet_unspecified","true","audit_a_5y","false","AU","Web Search","2026-10-07T11:21:38.145658+00:00"
"2024-09-15","pet feeder","57","47.5","audit_a_5y","core","pet_unspecified","true","audit_a_5y","false","AU","Web Search","2026-10-07T11:21:38.145658+00:00"
"2024-09-22","pet feeder","72","53","audit_a_5y","core","pet_unspecified","true","audit_a_5y","false","AU","Web Search","2026-10-07T11:21:38.145658+00:00"
"2024-09-29","pet feeder","76","61","audit_a_5y","core","pet_unspecified","true","audit_a_5y","false","AU","Web Search","2026-10-07T11:21:38.145658+00:00"
"2024-10-06","pet feeder","47","63","audit_a_5y","core","pet_unspecified","true","audit_a_5y","false","AU","Web Search","2026-10-07T11:21:38.145658+00:00"
"2024-10-13","pet feeder","78","68.25","audit_a_5y","core","pet_unspecified","true","audit_a_5y","false","AU","Web Search","2026-10-07T11:21:38.145658+00:00"
"2024-10-20","pet feeder","56","64.25","audit_a_5y","core","pet_unspecified","true","audit_a_5y","false","AU","Web Search","2026-10-07T11:21:38.145658+00:00"
"2024-10-27","pet feeder","47","57","audit_a_5y","core","pet_unspecified","true","audit_a_5y","false","AU","Web Search","2026-10-07T11:21:38.145658+00:00"
"2024-11-03","pet feeder","66","61.75","audit_a_5y","core","pet_unspecified","true","audit_a_5y","false","AU","Web Search","2026-10-07T11:21:38.145658+00:00"
"2024-11-10","pet feeder","73","60.5","audit_a_5y","core","pet_unspecified","true","audit_a_5y","false","AU","Web Search","2026-10-07T11:21:38.145658+00:00"
"2024-11-17","pet feeder","64","62.5","audit_a_5y","core","pet_unspecified","true","audit_a_5y","false","AU","Web Search","2026-10-07T11:21:38.145658+00:00"
"2024-11-24","pet feeder","64","66.75","audit_a_5y","core","pet_unspecified","true","audit_a_5y","false","AU","Web Search","2026-10-07T11:21:38.145658+00:00"
"2024-12-01","pet feeder","80","70.25","audit_a_5y","core","pet_unspecified","true","audit_a_5y","false","AU","Web Search","2026-10-07T11:21:38.145658+00:00"
"2024-12-08","pet feeder","83","72.75","audit_a_5y","core","pet_unspecified","true","audit_a_5y","false","AU","Web Search","2026-10-07T11:21:38.145658+00:00"
"2024-12-15","pet feeder","81","77","audit_a_5y","core","pet_unspecified","true","audit_a_5y","false","AU","Web Search","2026-10-07T11:21:38.145658+00:00"
"2024-12-22","pet feeder","82","81.5","audit_a_5y","core","pet_unspecified","true","audit_a_5y","false","AU","Web Search","2026-10-07T11:21:38.145658+00:00"
"2024-12-29","pet feeder","66","78","audit_a_5y","core","pet_unspecified","true","audit_a_5y","false","AU","Web Search","2026-10-07T11:21:38.145658+00:00"
"2025-01-05","pet feeder","69","74.5","audit_a_5y","core","pet_unspecified","true","audit_a_5y","false","AU","Web Search","2026-10-07T11:21:38.145658+00:00"
"2025-01-12","pet feeder","80","74.25","audit_a_5y","core","pet_unspecified","true","audit_a_5y","false","AU","Web Search","2026-10-07T11:21:38.145658+00:00"
"2025-01-19","pet feeder","59","68.5","audit_a_5y","core","pet_unspecified","true","audit_a_5y","false","AU","Web Search","2026-10-07T11:21:38.145658+00:00"
"2025-01-26","pet feeder","68","69","audit_a_5y","core","pet_unspecified","true","audit_a_5y","false","AU","Web Search","2026-10-07T11:21:38.145658+00:00"
"2025-02-02","pet feeder","48","63.75","audit_a_5y","core","pet_unspecified","true","audit_a_5y","false","AU","Web Search","2026-10-07T11:21:38.145658+00:00"
"2025-02-09","pet feeder","58","58.25","audit_a_5y","core","pet_unspecified","true","audit_a_5y","false","AU","Web Search","2026-10-07T11:21:38.145658+00:00"
"2025-02-16","pet feeder","47","55.25","audit_a_5y","core","pet_unspecified","true","audit_a_5y","false","AU","Web Search","2026-10-07T11:21:38.145658+00:00"
"2025-02-23","pet feeder","46","49.75","audit_a_5y","core","pet_unspecified","true","audit_a_5y","false","AU","Web Search","2026-10-07T11:21:38.145658+00:00"
"2025-03-02","pet feeder","57","52","audit_a_5y","core","pet_unspecified","true","audit_a_5y","false","AU","Web Search","2026-10-07T11:21:38.145658+00:00"
"2025-03-09","pet feeder","50","50","audit_a_5y","core","pet_unspecified","true","audit_a_5y","false","AU","Web Search","2026-10-07T11:21:38.145658+00:00"
"2025-03-16","pet feeder","55","52","audit_a_5y","core","pet_unspecified","true","audit_a_5y","false","AU","Web Search","2026-10-07T11:21:38.145658+00:00"
"2025-03-23","pet feeder","84","61.5","audit_a_5y","core","pet_unspecified","true","audit_a_5y","false","AU","Web Search","2026-10-07T11:21:38.145658+00:00"
"2025-03-30","pet feeder","41","57.5","audit_a_5y","core","pet_unspecified","true","audit_a_5y","false","AU","Web Search","2026-10-07T11:21:38.145658+00:00"
"2025-04-06","pet feeder","70","62.5","audit_a_5y","core","pet_unspecified","true","audit_a_5y","false","AU","Web Search","2026-10-07T11:21:38.145658+00:00"
"2025-04-13","pet feeder","80","68.75","audit_a_5y","core","pet_unspecified","true","audit_a_5y","false","AU","Web Search","2026-10-07T11:21:38.145658+00:00"
"2025-04-20","pet feeder","50","60.25","audit_a_5y","core","pet_unspecified","true","audit_a_5y","false","AU","Web Search","2026-10-07T11:21:38.145658+00:00"
"2025-04-27","pet feeder","63","65.75","audit_a_5y","core","pet_unspecified","true","audit_a_5y","false","AU","Web Search","2026-10-07T11:21:38.145658+00:00"
"2025-05-04","pet feeder","54","61.75","audit_a_5y","core","pet_unspecified","true","audit_a_5y","false","AU","Web Search","2026-10-07T11:21:38.145658+00:00"
"2025-05-11","pet feeder","58","56.25","audit_a_5y","core","pet_unspecified","true","audit_a_5y","false","AU","Web Search","2026-10-07T11:21:38.145658+00:00"
"2025-05-18","pet feeder","55","57.5","audit_a_5y","core","pet_unspecified","true","audit_a_5y","false","AU","Web Search","2026-10-07T11:21:38.145658+00:00"
"2025-05-25","pet feeder","52","54.75","audit_a_5y","core","pet_unspecified","true","audit_a_5y","false","AU","Web Search","2026-10-07T11:21:38.145658+00:00"
"2025-06-01","pet feeder","57","55.5","audit_a_5y","core","pet_unspecified","true","audit_a_5y","false","AU","Web Search","2026-10-07T11:21:38.145658+00:00"
"2025-06-08","pet feeder","54","54.5","audit_a_5y","core","pet_unspecified","true","audit_a_5y","false","AU","Web Search","2026-10-07T11:21:38.145658+00:00"
"2025-06-15","pet feeder","55","54.5","audit_a_5y","core","pet_unspecified","true","audit_a_5y","false","AU","Web Search","2026-10-07T11:21:38.145658+00:00"
"2025-06-22","pet feeder","61","56.75","audit_a_5y","core","pet_unspecified","true","audit_a_5y","false","AU","Web Search","2026-10-07T11:21:38.145658+00:00"
"2025-06-29","pet feeder","59","57.25","audit_a_5y","core","pet_unspecified","true","audit_a_5y","false","AU","Web Search","2026-10-07T11:21:38.145658+00:00"
"2025-07-06","pet feeder","45","55","audit_a_5y","core","pet_unspecified","true","audit_a_5y","false","AU","Web Search","2026-10-07T11:21:38.145658+00:00"
"2025-07-13","pet feeder","57","55.5","audit_a_5y","core","pet_unspecified","true","audit_a_5y","false","AU","Web Search","2026-10-07T11:21:38.145658+00:00"
"2025-07-20","pet feeder","47","52","audit_a_5y","core","pet_unspecified","true","audit_a_5y","false","AU","Web Search","2026-10-07T11:21:38.145658+00:00"
"2025-07-27","pet feeder","49","49.5","audit_a_5y","core","pet_unspecified","true","audit_a_5y","false","AU","Web Search","2026-10-07T11:21:38.145658+00:00"
"2025-08-03","pet feeder","61","53.5","audit_a_5y","core","pet_unspecified","true","audit_a_5y","false","AU","Web Search","2026-10-07T11:21:38.145658+00:00"
"2025-08-10","pet feeder","55","53","audit_a_5y","core","pet_unspecified","true","audit_a_5y","false","AU","Web Search","2026-10-07T11:21:38.145658+00:00"
"2025-08-17","pet feeder","58","55.75","audit_a_5y","core","pet_unspecified","true","audit_a_5y","false","AU","Web Search","2026-10-07T11:21:38.145658+00:00"
"2025-08-24","pet feeder","59","58.25","audit_a_5y","core","pet_unspecified","true","audit_a_5y","false","AU","Web Search","2026-10-07T11:21:38.145658+00:00"
"2025-08-31","pet feeder","68","60","audit_a_5y","core","pet_unspecified","true","audit_a_5y","false","AU","Web Search","2026-10-07T11:21:38.145658+00:00"
"2025-09-07","pet feeder","50","58.75","audit_a_5y","core","pet_unspecified","true","audit_a_5y","false","AU","Web Search","2026-10-07T11:21:38.145658+00:00"
"2025-09-14","pet feeder","53","57.5","audit_a_5y","core","pet_unspecified","true","audit_a_5y","false","AU","Web Search","2026-10-07T11:21:38.145658+00:00"
"2025-09-21","pet feeder","64","58.75","audit_a_5y","core","pet_unspecified","true","audit_a_5y","false","AU","Web Search","2026-10-07T11:21:38.145658+00:00"
"2025-09-28","pet feeder","64","57.75","audit_a_5y","core","pet_unspecified","true","audit_a_5y","false","AU","Web Search","2026-10-07T11:21:38.145658+00:00"
"2025-10-05","pet feeder","70","62.75","audit_a_5y","core","pet_unspecified","true","audit_a_5y","false","AU","Web Search","2026-10-07T11:21:38.145658+00:00"
"2025-10-12","pet feeder","59","64.25","audit_a_5y","core","pet_unspecified","true","audit_a_5y","false","AU","Web Search","2026-10-07T11:21:38.145658+00:00"
"2025-10-19","pet feeder","43","59","audit_a_5y","core","pet_unspecified","true","audit_a_5y","false","AU","Web Search","2026-10-07T11:21:38.145658+00:00"
"2025-10-26","pet feeder","73","61.25","audit_a_5y","core","pet_unspecified","true","audit_a_5y","false","AU","Web Search","2026-10-07T11:21:38.145658+00:00"
"2025-11-02","pet feeder","74","62.25","audit_a_5y","core","pet_unspecified","true","audit_a_5y","false","AU","Web Search","2026-10-07T11:21:38.145658+00:00"
"2025-11-09","pet feeder","60","62.5","audit_a_5y","core","pet_unspecified","true","audit_a_5y","false","AU","Web Search","2026-10-07T11:21:38.145658+00:00"
"2025-11-16","pet feeder","83","72.5","audit_a_5y","core","pet_unspecified","true","audit_a_5y","false","AU","Web Search","2026-10-07T11:21:38.145658+00:00"
"2025-11-23","pet feeder","75","73","audit_a_5y","core","pet_unspecified","true","audit_a_5y","false","AU","Web Search","2026-10-07T11:21:38.145658+00:00"
"2025-11-30","pet feeder","84","75.5","audit_a_5y","core","pet_unspecified","true","audit_a_5y","false","AU","Web Search","2026-10-07T11:21:38.145658+00:00"
"2025-12-07","pet feeder","80","80.5","audit_a_5y","core","pet_unspecified","true","audit_a_5y","false","AU","Web Search","2026-10-07T11:21:38.145658+00:00"
"2025-12-14","pet feeder","67","76.5","audit_a_5y","core","pet_unspecified","true","audit_a_5y","false","AU","Web Search","2026-10-07T11:21:38.145658+00:00"
"2025-12-21","pet feeder","97","82","audit_a_5y","core","pet_unspecified","true","audit_a_5y","false","AU","Web Search","2026-10-07T11:21:38.145658+00:00"
"2025-12-28","pet feeder","85","82.25","audit_a_5y","core","pet_unspecified","true","audit_a_5y","false","AU","Web Search","2026-10-07T11:21:38.145658+00:00"
"2026-01-04","pet feeder","73","80.5","audit_a_5y","core","pet_unspecified","true","audit_a_5y","false","AU","Web Search","2026-10-07T11:21:38.145658+00:00"
"2026-01-11","pet feeder","75","82.5","audit_a_5y","core","pet_unspecified","true","audit_a_5y","false","AU","Web Search","2026-10-07T11:21:38.145658+00:00"
"2026-01-18","pet feeder","59","73","audit_a_5y","core","pet_unspecified","true","audit_a_5y","false","AU","Web Search","2026-10-07T11:21:38.145658+00:00"
"2026-01-25","pet feeder","63","67.5","audit_a_5y","core","pet_unspecified","true","audit_a_5y","false","AU","Web Search","2026-10-07T11:21:38.145658+00:00"
"2026-02-01","pet feeder","57","63.5","audit_a_5y","core","pet_unspecified","true","audit_a_5y","false","AU","Web Search","2026-10-07T11:21:38.145658+00:00"
"2026-02-08","pet feeder","73","63","audit_a_5y","core","pet_unspecified","true","audit_a_5y","false","AU","Web Search","2026-10-07T11:21:38.145658+00:00"
"2026-02-15","pet feeder","82","68.75","audit_a_5y","core","pet_unspecified","true","audit_a_5y","false","AU","Web Search","2026-10-07T11:21:38.145658+00:00"
"2026-02-22","pet feeder","60","68","audit_a_5y","core","pet_unspecified","true","audit_a_5y","false","AU","Web Search","2026-10-07T11:21:38.145658+00:00"
"2026-03-01","pet feeder","58","68.25","audit_a_5y","core","pet_unspecified","true","audit_a_5y","false","AU","Web Search","2026-10-07T11:21:38.145658+00:00"
"2026-03-08","pet feeder","63","65.75","audit_a_5y","core","pet_unspecified","true","audit_a_5y","false","AU","Web Search","2026-10-07T11:21:38.145658+00:00"
"2026-03-15","pet feeder","52","58.25","audit_a_5y","core","pet_unspecified","true","audit_a_5y","false","AU","Web Search","2026-10-07T11:21:38.145658+00:00"
"2026-03-22","pet feeder","69","60.5","audit_a_5y","core","pet_unspecified","true","audit_a_5y","false","AU","Web Search","2026-10-07T11:21:38.145658+00:00"
"2026-03-29","pet feeder","66","62.5","audit_a_5y","core","pet_unspecified","true","audit_a_5y","false","AU","Web Search","2026-10-07T11:21:38.145658+00:00"
"2026-04-05","pet feeder","56","60.75","audit_a_5y","core","pet_unspecified","true","audit_a_5y","false","AU","Web Search","2026-10-07T11:21:38.145658+00:00"
"2026-04-12","pet feeder","69","65","audit_a_5y","core","pet_unspecified","true","audit_a_5y","false","AU","Web Search","2026-10-07T11:21:38.145658+00:00"
"2026-04-19","pet feeder","53","61","audit_a_5y","core","pet_unspecified","true","audit_a_5y","false","AU","Web Search","2026-10-07T11:21:38.145658+00:00"
"2026-04-26","pet feeder","56","58.5","audit_a_5y","core","pet_unspecified","true","audit_a_5y","false","AU","Web Search","2026-10-07T11:21:38.145658+00:00"
"2026-05-03","pet feeder","70","62","audit_a_5y","core","pet_unspecified","true","audit_a_5y","false","AU","Web Search","2026-10-07T11:21:38.145658+00:00"
"2026-05-10","pet feeder","76","63.75","audit_a_5y","core","pet_unspecified","true","audit_a_5y","false","AU","Web Search","2026-10-07T11:21:38.145658+00:00"
"2026-05-17","pet feeder","78","70","audit_a_5y","core","pet_unspecified","true","audit_a_5y","false","AU","Web Search","2026-10-07T11:21:38.145658+00:00"
"2026-05-24","pet feeder","83","76.75","audit_a_5y","core","pet_unspecified","true","audit_a_5y","false","AU","Web Search","2026-10-07T11:21:38.145658+00:00"
"2026-05-31","pet feeder","65","75.5","audit_a_5y","core","pet_unspecified","true","audit_a_5y","false","AU","Web Search","2026-10-07T11:21:38.145658+00:00"
"2026-06-07","pet feeder","51","69.25","audit_a_5y","core","pet_unspecified","true","audit_a_5y","false","AU","Web Search","2026-10-07T11:21:38.145658+00:00"
"2026-06-14","pet feeder","76","68.75","audit_a_5y","core","pet_unspecified","true","audit_a_5y","false","AU","Web Search","2026-10-07T11:21:38.145658+00:00"
"2026-06-21","pet feeder","74","66.5","audit_a_5y","core","pet_unspecified","true","audit_a_5y","false","AU","Web Search","2026-10-07T11:21:38.145658+00:00"
"2026-06-28","pet feeder","57","64.5","audit_a_5y","core","pet_unspecified","true","audit_a_5y","false","AU","Web Search","2026-10-07T11:21:38.145658+00:00"
"2026-07-05","pet feeder","76","70.75","audit_a_5y","core","pet_unspecified","true","audit_a_5y","false","AU","Web Search","2026-10-07T11:21:38.145658+00:00"
"2026-07-12","pet feeder","77","71","audit_a_5y","core","pet_unspecified","true","audit_a_5y","false","AU","Web Search","2026-10-07T11:21:38.145658+00:00"
"2026-07-19","pet feeder","69","69.75","audit_a_5y","core","pet_unspecified","true","audit_a_5y","false","AU","Web Search","2026-10-07T11:21:38.145658+00:00"
"2026-07-26","pet feeder","54","69","audit_a_5y","core","pet_unspecified","true","audit_a_5y","false","AU","Web Search","2026-10-07T11:21:38.145658+00:00"
"2026-08-02","pet feeder","54","63.5","audit_a_5y","core","pet_unspecified","true","audit_a_5y","false","AU","Web Search","2026-10-07T11:21:38.145658+00:00"
"2026-08-09","pet feeder","63","60","audit_a_5y","core","pet_unspecified","true","audit_a_5y","false","AU","Web Search","2026-10-07T11:21:38.145658+00:00"
"2026-08-16","pet feeder","63","58.5","audit_a_5y","core","pet_unspecified","true","audit_a_5y","false","AU","Web Search","2026-10-07T11:21:38.145658+00:00"
"2026-08-23","pet feeder","52","58","audit_a_5y","core","pet_unspecified","true","audit_a_5y","false","AU","Web Search","2026-10-07T11:21:38.145658+00:00"
"2026-08-30","pet feeder","45","55.75","audit_a_5y","core","pet_unspecified","true","audit_a_5y","false","AU","Web Search","2026-10-07T11:21:38.145658+00:00"
"2026-09-06","pet feeder","50","52.5","audit_a_5y","core","pet_unspecified","true","audit_a_5y","false","AU","Web Search","2026-10-07T11:21:38.145658+00:00"
"2026-09-13","pet feeder","56","50.75","audit_a_5y","core","pet_unspecified","true","audit_a_5y","false","AU","Web Search","2026-10-07T11:21:38.145658+00:00"
"2026-09-20","pet feeder","53","51","audit_a_5y","core","pet_unspecified","true","audit_a_5y","false","AU","Web Search","2026-10-07T11:21:38.145658+00:00"
"2026-09-27","pet feeder","66","56.25","audit_a_5y","core","pet_unspecified","true","audit_a_5y","false","AU","Web Search","2026-10-07T11:21:38.145658+00:00"
"2026-10-04","pet feeder","59","58.5","audit_a_5y","core","pet_unspecified","true","audit_a_5y","true","AU","Web Search","2026-10-07T11:21:38.145658+00:00"
"2021-10-03","automatic pet feeder","0",,"audit_b_5y","core","pet_unspecified","true","audit_b_5y","true","AU","Web Search","2026-10-07T11:21:38.145658+00:00"
"2021-10-10","automatic pet feeder","0",,"audit_b_5y","core","pet_unspecified","true","audit_b_5y","false","AU","Web Search","2026-10-07T11:21:38.145658+00:00"
"2021-10-17","automatic pet feeder","0",,"audit_b_5y","core","pet_unspecified","true","audit_b_5y","false","AU","Web Search","2026-10-07T11:21:38.145658+00:00"
"2021-10-24","automatic pet feeder","0","0","audit_b_5y","core","pet_unspecified","true","audit_b_5y","false","AU","Web Search","2026-10-07T11:21:38.145658+00:00"
"2021-10-31","automatic pet feeder","0","0","audit_b_5y","core","pet_unspecified","true","audit_b_5y","false","AU","Web Search","2026-10-07T11:21:38.145658+00:00"
"2021-11-07","automatic pet feeder","18","4.5","audit_b_5y","core","pet_unspecified","true","audit_b_5y","false","AU","Web Search","2026-10-07T11:21:38.145658+00:00"
"2021-11-14","automatic pet feeder","0","4.5","audit_b_5y","core","pet_unspecified","true","audit_b_5y","false","AU","Web Search","2026-10-07T11:21:38.145658+00:00"
"2021-11-21","automatic pet feeder","19","9.25","audit_b_5y","core","pet_unspecified","true","audit_b_5y","false","AU","Web Search","2026-10-07T11:21:38.145658+00:00"
"2021-11-28","automatic pet feeder","23","15","audit_b_5y","core","pet_unspecified","true","audit_b_5y","false","AU","Web Search","2026-10-07T11:21:38.145658+00:00"
"2021-12-05","automatic pet feeder","0","10.5","audit_b_5y","core","pet_unspecified","true","audit_b_5y","false","AU","Web Search","2026-10-07T11:21:38.145658+00:00"
"2021-12-12","automatic pet feeder","25","16.75","audit_b_5y","core","pet_unspecified","true","audit_b_5y","false","AU","Web Search","2026-10-07T11:21:38.145658+00:00"
"2021-12-19","automatic pet feeder","25","18.25","audit_b_5y","core","pet_unspecified","true","audit_b_5y","false","AU","Web Search","2026-10-07T11:21:38.145658+00:00"
"2021-12-26","automatic pet feeder","20","17.5","audit_b_5y","core","pet_unspecified","true","audit_b_5y","false","AU","Web Search","2026-10-07T11:21:38.145658+00:00"
"2022-01-02","automatic pet feeder","18","22","audit_b_5y","core","pet_unspecified","true","audit_b_5y","false","AU","Web Search","2026-10-07T11:21:38.145658+00:00"
"2022-01-09","automatic pet feeder","0","15.75","audit_b_5y","core","pet_unspecified","true","audit_b_5y","false","AU","Web Search","2026-10-07T11:21:38.145658+00:00"
"2022-01-16","automatic pet feeder","15","13.25","audit_b_5y","core","pet_unspecified","true","audit_b_5y","false","AU","Web Search","2026-10-07T11:21:38.145658+00:00"
"2022-01-23","automatic pet feeder","15","12","audit_b_5y","core","pet_unspecified","true","audit_b_5y","false","AU","Web Search","2026-10-07T11:21:38.145658+00:00"
"2022-01-30","automatic pet feeder","18","12","audit_b_5y","core","pet_unspecified","true","audit_b_5y","false","AU","Web Search","2026-10-07T11:21:38.145658+00:00"
"2022-02-06","automatic pet feeder","19","16.75","audit_b_5y","core","pet_unspecified","true","audit_b_5y","false","AU","Web Search","2026-10-07T11:21:38.145658+00:00"
"2022-02-13","automatic pet feeder","0","13","audit_b_5y","core","pet_unspecified","true","audit_b_5y","false","AU","Web Search","2026-10-07T11:21:38.145658+00:00"
"2022-02-20","automatic pet feeder","15","13","audit_b_5y","core","pet_unspecified","true","audit_b_5y","false","AU","Web Search","2026-10-07T11:21:38.145658+00:00"
"2022-02-27","automatic pet feeder","18","13","audit_b_5y","core","pet_unspecified","true","audit_b_5y","false","AU","Web Search","2026-10-07T11:21:38.145658+00:00"
"2022-03-06","automatic pet feeder","18","12.75","audit_b_5y","core","pet_unspecified","true","audit_b_5y","false","AU","Web Search","2026-10-07T11:21:38.145658+00:00"
"2022-03-13","automatic pet feeder","13","16","audit_b_5y","core","pet_unspecified","true","audit_b_5y","false","AU","Web Search","2026-10-07T11:21:38.145658+00:00"
"2022-03-20","automatic pet feeder","14","15.75","audit_b_5y","core","pet_unspecified","true","audit_b_5y","false","AU","Web Search","2026-10-07T11:21:38.145658+00:00"
"2022-03-27","automatic pet feeder","0","11.25","audit_b_5y","core","pet_unspecified","true","audit_b_5y","false","AU","Web Search","2026-10-07T11:21:38.145658+00:00"
"2022-04-03","automatic pet feeder","19","11.5","audit_b_5y","core","pet_unspecified","true","audit_b_5y","false","AU","Web Search","2026-10-07T11:21:38.145658+00:00"
"2022-04-10","automatic pet feeder","31","16","audit_b_5y","core","pet_unspecified","true","audit_b_5y","false","AU","Web Search","2026-10-07T11:21:38.145658+00:00"
"2022-04-17","automatic pet feeder","22","18","audit_b_5y","core","pet_unspecified","true","audit_b_5y","false","AU","Web Search","2026-10-07T11:21:38.145658+00:00"
"2022-04-24","automatic pet feeder","15","21.75","audit_b_5y","core","pet_unspecified","true","audit_b_5y","false","AU","Web Search","2026-10-07T11:21:38.145658+00:00"
"2022-05-01","automatic pet feeder","0","17","audit_b_5y","core","pet_unspecified","true","audit_b_5y","false","AU","Web Search","2026-10-07T11:21:38.145658+00:00"
"2022-05-08","automatic pet feeder","20","14.25","audit_b_5y","core","pet_unspecified","true","audit_b_5y","false","AU","Web Search","2026-10-07T11:21:38.145658+00:00"
"2022-05-15","automatic pet feeder","14","12.25","audit_b_5y","core","pet_unspecified","true","audit_b_5y","false","AU","Web Search","2026-10-07T11:21:38.145658+00:00"
"2022-05-22","automatic pet feeder","0","8.5","audit_b_5y","core","pet_unspecified","true","audit_b_5y","false","AU","Web Search","2026-10-07T11:21:38.145658+00:00"
"2022-05-29","automatic pet feeder","0","8.5","audit_b_5y","core","pet_unspecified","true","audit_b_5y","false","AU","Web Search","2026-10-07T11:21:38.145658+00:00"
"2022-06-05","automatic pet feeder","18","8","audit_b_5y","core","pet_unspecified","true","audit_b_5y","false","AU","Web Search","2026-10-07T11:21:38.145658+00:00"
"2022-06-12","automatic pet feeder","18","9","audit_b_5y","core","pet_unspecified","true","audit_b_5y","false","AU","Web Search","2026-10-07T11:21:38.145658+00:00"
"2022-06-19","automatic pet feeder","15","12.75","audit_b_5y","core","pet_unspecified","true","audit_b_5y","false","AU","Web Search","2026-10-07T11:21:38.145658+00:00"
"2022-06-26","automatic pet feeder","16","16.75","audit_b_5y","core","pet_unspecified","true","audit_b_5y","false","AU","Web Search","2026-10-07T11:21:38.145658+00:00"
"2022-07-03","automatic pet feeder","0","12.25","audit_b_5y","core","pet_unspecified","true","audit_b_5y","false","AU","Web Search","2026-10-07T11:21:38.145658+00:00"
"2022-07-10","automatic pet feeder","23","13.5","audit_b_5y","core","pet_unspecified","true","audit_b_5y","false","AU","Web Search","2026-10-07T11:21:38.145658+00:00"
"2022-07-17","automatic pet feeder","26","16.25","audit_b_5y","core","pet_unspecified","true","audit_b_5y","false","AU","Web Search","2026-10-07T11:21:38.145658+00:00"
"2022-07-24","automatic pet feeder","18","16.75","audit_b_5y","core","pet_unspecified","true","audit_b_5y","false","AU","Web Search","2026-10-07T11:21:38.145658+00:00"
"2022-07-31","automatic pet feeder","21","22","audit_b_5y","core","pet_unspecified","true","audit_b_5y","false","AU","Web Search","2026-10-07T11:21:38.145658+00:00"
"2022-08-07","automatic pet feeder","21","21.5","audit_b_5y","core","pet_unspecified","true","audit_b_5y","false","AU","Web Search","2026-10-07T11:21:38.145658+00:00"
"2022-08-14","automatic pet feeder","21","20.25","audit_b_5y","core","pet_unspecified","true","audit_b_5y","false","AU","Web Search","2026-10-07T11:21:38.145658+00:00"
"2022-08-21","automatic pet feeder","18","20.25","audit_b_5y","core","pet_unspecified","true","audit_b_5y","false","AU","Web Search","2026-10-07T11:21:38.145658+00:00"
"2022-08-28","automatic pet feeder","14","18.5","audit_b_5y","core","pet_unspecified","true","audit_b_5y","false","AU","Web Search","2026-10-07T11:21:38.145658+00:00"
"2022-09-04","automatic pet feeder","25","19.5","audit_b_5y","core","pet_unspecified","true","audit_b_5y","false","AU","Web Search","2026-10-07T11:21:38.145658+00:00"
"2022-09-11","automatic pet feeder","23","20","audit_b_5y","core","pet_unspecified","true","audit_b_5y","false","AU","Web Search","2026-10-07T11:21:38.145658+00:00"
"2022-09-18","automatic pet feeder","0","15.5","audit_b_5y","core","pet_unspecified","true","audit_b_5y","false","AU","Web Search","2026-10-07T11:21:38.145658+00:00"
"2022-09-25","automatic pet feeder","24","18","audit_b_5y","core","pet_unspecified","true","audit_b_5y","false","AU","Web Search","2026-10-07T11:21:38.145658+00:00"
"2022-10-02","automatic pet feeder","0","11.75","audit_b_5y","core","pet_unspecified","true","audit_b_5y","false","AU","Web Search","2026-10-07T11:21:38.145658+00:00"
"2022-10-09","automatic pet feeder","18","10.5","audit_b_5y","core","pet_unspecified","true","audit_b_5y","false","AU","Web Search","2026-10-07T11:21:38.145658+00:00"
"2022-10-16","automatic pet feeder","14","14","audit_b_5y","core","pet_unspecified","true","audit_b_5y","false","AU","Web Search","2026-10-07T11:21:38.145658+00:00"
"2022-10-23","automatic pet feeder","0","8","audit_b_5y","core","pet_unspecified","true","audit_b_5y","false","AU","Web Search","2026-10-07T11:21:38.145658+00:00"
"2022-10-30","automatic pet feeder","14","11.5","audit_b_5y","core","pet_unspecified","true","audit_b_5y","false","AU","Web Search","2026-10-07T11:21:38.145658+00:00"
"2022-11-06","automatic pet feeder","21","12.25","audit_b_5y","core","pet_unspecified","true","audit_b_5y","false","AU","Web Search","2026-10-07T11:21:38.145658+00:00"
"2022-11-13","automatic pet feeder","22","14.25","audit_b_5y","core","pet_unspecified","true","audit_b_5y","false","AU","Web Search","2026-10-07T11:21:38.145658+00:00"
"2022-11-20","automatic pet feeder","21","19.5","audit_b_5y","core","pet_unspecified","true","audit_b_5y","false","AU","Web Search","2026-10-07T11:21:38.145658+00:00"
"2022-11-27","automatic pet feeder","26","22.5","audit_b_5y","core","pet_unspecified","true","audit_b_5y","false","AU","Web Search","2026-10-07T11:21:38.145658+00:00"
"2022-12-04","automatic pet feeder","23","23","audit_b_5y","core","pet_unspecified","true","audit_b_5y","false","AU","Web Search","2026-10-07T11:21:38.145658+00:00"
"2022-12-11","automatic pet feeder","29","24.75","audit_b_5y","core","pet_unspecified","true","audit_b_5y","false","AU","Web Search","2026-10-07T11:21:38.145658+00:00"
"2022-12-18","automatic pet feeder","29","26.75","audit_b_5y","core","pet_unspecified","true","audit_b_5y","false","AU","Web Search","2026-10-07T11:21:38.145658+00:00"
"2022-12-25","automatic pet feeder","0","20.25","audit_b_5y","core","pet_unspecified","true","audit_b_5y","false","AU","Web Search","2026-10-07T11:21:38.145658+00:00"
"2023-01-01","automatic pet feeder","20","19.5","audit_b_5y","core","pet_unspecified","true","audit_b_5y","false","AU","Web Search","2026-10-07T11:21:38.145658+00:00"
"2023-01-08","automatic pet feeder","0","12.25","audit_b_5y","core","pet_unspecified","true","audit_b_5y","false","AU","Web Search","2026-10-07T11:21:38.145658+00:00"
"2023-01-15","automatic pet feeder","0","5","audit_b_5y","core","pet_unspecified","true","audit_b_5y","false","AU","Web Search","2026-10-07T11:21:38.145658+00:00"
"2023-01-22","automatic pet feeder","14","8.5","audit_b_5y","core","pet_unspecified","true","audit_b_5y","false","AU","Web Search","2026-10-07T11:21:38.145658+00:00"
"2023-01-29","automatic pet feeder","14","7","audit_b_5y","core","pet_unspecified","true","audit_b_5y","false","AU","Web Search","2026-10-07T11:21:38.145658+00:00"
"2023-02-05","automatic pet feeder","0","7","audit_b_5y","core","pet_unspecified","true","audit_b_5y","false","AU","Web Search","2026-10-07T11:21:38.145658+00:00"
"2023-02-12","automatic pet feeder","0","7","audit_b_5y","core","pet_unspecified","true","audit_b_5y","false","AU","Web Search","2026-10-07T11:21:38.145658+00:00"
"2023-02-19","automatic pet feeder","16","7.5","audit_b_5y","core","pet_unspecified","true","audit_b_5y","false","AU","Web Search","2026-10-07T11:21:38.145658+00:00"
"2023-02-26","automatic pet feeder","20","9","audit_b_5y","core","pet_unspecified","true","audit_b_5y","false","AU","Web Search","2026-10-07T11:21:38.145658+00:00"
"2023-03-05","automatic pet feeder","17","13.25","audit_b_5y","core","pet_unspecified","true","audit_b_5y","false","AU","Web Search","2026-10-07T11:21:38.145658+00:00"
"2023-03-12","automatic pet feeder","13","16.5","audit_b_5y","core","pet_unspecified","true","audit_b_5y","false","AU","Web Search","2026-10-07T11:21:38.145658+00:00"
"2023-03-19","automatic pet feeder","0","12.5","audit_b_5y","core","pet_unspecified","true","audit_b_5y","false","AU","Web Search","2026-10-07T11:21:38.145658+00:00"
"2023-03-26","automatic pet feeder","0","7.5","audit_b_5y","core","pet_unspecified","true","audit_b_5y","false","AU","Web Search","2026-10-07T11:21:38.145658+00:00"
"2023-04-02","automatic pet feeder","0","3.25","audit_b_5y","core","pet_unspecified","true","audit_b_5y","false","AU","Web Search","2026-10-07T11:21:38.145658+00:00"
"2023-04-09","automatic pet feeder","0","0","audit_b_5y","core","pet_unspecified","true","audit_b_5y","false","AU","Web Search","2026-10-07T11:21:38.145658+00:00"
"2023-04-16","automatic pet feeder","14","3.5","audit_b_5y","core","pet_unspecified","true","audit_b_5y","false","AU","Web Search","2026-10-07T11:21:38.145658+00:00"
"2023-04-23","automatic pet feeder","15","7.25","audit_b_5y","core","pet_unspecified","true","audit_b_5y","false","AU","Web Search","2026-10-07T11:21:38.145658+00:00"
"2023-04-30","automatic pet feeder","0","7.25","audit_b_5y","core","pet_unspecified","true","audit_b_5y","false","AU","Web Search","2026-10-07T11:21:38.145658+00:00"
"2023-05-07","automatic pet feeder","15","11","audit_b_5y","core","pet_unspecified","true","audit_b_5y","false","AU","Web Search","2026-10-07T11:21:38.145658+00:00"
"2023-05-14","automatic pet feeder","0","7.5","audit_b_5y","core","pet_unspecified","true","audit_b_5y","false","AU","Web Search","2026-10-07T11:21:38.145658+00:00"
"2023-05-21","automatic pet feeder","15","7.5","audit_b_5y","core","pet_unspecified","true","audit_b_5y","false","AU","Web Search","2026-10-07T11:21:38.145658+00:00"
"2023-05-28","automatic pet feeder","15","11.25","audit_b_5y","core","pet_unspecified","true","audit_b_5y","false","AU","Web Search","2026-10-07T11:21:38.145658+00:00"
"2023-06-04","automatic pet feeder","0","7.5","audit_b_5y","core","pet_unspecified","true","audit_b_5y","false","AU","Web Search","2026-10-07T11:21:38.145658+00:00"
"2023-06-11","automatic pet feeder","24","13.5","audit_b_5y","core","pet_unspecified","true","audit_b_5y","false","AU","Web Search","2026-10-07T11:21:38.145658+00:00"
"2023-06-18","automatic pet feeder","13","13","audit_b_5y","core","pet_unspecified","true","audit_b_5y","false","AU","Web Search","2026-10-07T11:21:38.145658+00:00"
"2023-06-25","automatic pet feeder","0","9.25","audit_b_5y","core","pet_unspecified","true","audit_b_5y","false","AU","Web Search","2026-10-07T11:21:38.145658+00:00"
"2023-07-02","automatic pet feeder","21","14.5","audit_b_5y","core","pet_unspecified","true","audit_b_5y","false","AU","Web Search","2026-10-07T11:21:38.145658+00:00"
"2023-07-09","automatic pet feeder","0","8.5","audit_b_5y","core","pet_unspecified","true","audit_b_5y","false","AU","Web Search","2026-10-07T11:21:38.145658+00:00"
"2023-07-16","automatic pet feeder","15","9","audit_b_5y","core","pet_unspecified","true","audit_b_5y","false","AU","Web Search","2026-10-07T11:21:38.145658+00:00"
"2023-07-23","automatic pet feeder","18","13.5","audit_b_5y","core","pet_unspecified","true","audit_b_5y","false","AU","Web Search","2026-10-07T11:21:38.145658+00:00"
"2023-07-30","automatic pet feeder","0","8.25","audit_b_5y","core","pet_unspecified","true","audit_b_5y","false","AU","Web Search","2026-10-07T11:21:38.145658+00:00"
"2023-08-06","automatic pet feeder","0","8.25","audit_b_5y","core","pet_unspecified","true","audit_b_5y","false","AU","Web Search","2026-10-07T11:21:38.145658+00:00"
"2023-08-13","automatic pet feeder","17","8.75","audit_b_5y","core","pet_unspecified","true","audit_b_5y","false","AU","Web Search","2026-10-07T11:21:38.145658+00:00"
"2023-08-20","automatic pet feeder","0","4.25","audit_b_5y","core","pet_unspecified","true","audit_b_5y","false","AU","Web Search","2026-10-07T11:21:38.145658+00:00"
"2023-08-27","automatic pet feeder","16","8.25","audit_b_5y","core","pet_unspecified","true","audit_b_5y","false","AU","Web Search","2026-10-07T11:21:38.145658+00:00"
"2023-09-03","automatic pet feeder","0","8.25","audit_b_5y","core","pet_unspecified","true","audit_b_5y","false","AU","Web Search","2026-10-07T11:21:38.145658+00:00"
"2023-09-10","automatic pet feeder","17","8.25","audit_b_5y","core","pet_unspecified","true","audit_b_5y","false","AU","Web Search","2026-10-07T11:21:38.145658+00:00"
"2023-09-17","automatic pet feeder","0","8.25","audit_b_5y","core","pet_unspecified","true","audit_b_5y","false","AU","Web Search","2026-10-07T11:21:38.145658+00:00"
"2023-09-24","automatic pet feeder","16","8.25","audit_b_5y","core","pet_unspecified","true","audit_b_5y","false","AU","Web Search","2026-10-07T11:21:38.145658+00:00"
"2023-10-01","automatic pet feeder","30","15.75","audit_b_5y","core","pet_unspecified","true","audit_b_5y","false","AU","Web Search","2026-10-07T11:21:38.145658+00:00"
"2023-10-08","automatic pet feeder","0","11.5","audit_b_5y","core","pet_unspecified","true","audit_b_5y","false","AU","Web Search","2026-10-07T11:21:38.145658+00:00"
"2023-10-15","automatic pet feeder","16","15.5","audit_b_5y","core","pet_unspecified","true","audit_b_5y","false","AU","Web Search","2026-10-07T11:21:38.145658+00:00"
"2023-10-22","automatic pet feeder","0","11.5","audit_b_5y","core","pet_unspecified","true","audit_b_5y","false","AU","Web Search","2026-10-07T11:21:38.145658+00:00"
"2023-10-29","automatic pet feeder","16","8","audit_b_5y","core","pet_unspecified","true","audit_b_5y","false","AU","Web Search","2026-10-07T11:21:38.145658+00:00"
"2023-11-05","automatic pet feeder","0","8","audit_b_5y","core","pet_unspecified","true","audit_b_5y","false","AU","Web Search","2026-10-07T11:21:38.145658+00:00"
"2023-11-12","automatic pet feeder","15","7.75","audit_b_5y","core","pet_unspecified","true","audit_b_5y","false","AU","Web Search","2026-10-07T11:21:38.145658+00:00"
"2023-11-19","automatic pet feeder","18","12.25","audit_b_5y","core","pet_unspecified","true","audit_b_5y","false","AU","Web Search","2026-10-07T11:21:38.145658+00:00"
"2023-11-26","automatic pet feeder","19","13","audit_b_5y","core","pet_unspecified","true","audit_b_5y","false","AU","Web Search","2026-10-07T11:21:38.145658+00:00"
"2023-12-03","automatic pet feeder","35","21.75","audit_b_5y","core","pet_unspecified","true","audit_b_5y","false","AU","Web Search","2026-10-07T11:21:38.145658+00:00"
"2023-12-10","automatic pet feeder","19","22.75","audit_b_5y","core","pet_unspecified","true","audit_b_5y","false","AU","Web Search","2026-10-07T11:21:38.145658+00:00"
"2023-12-17","automatic pet feeder","22","23.75","audit_b_5y","core","pet_unspecified","true","audit_b_5y","false","AU","Web Search","2026-10-07T11:21:38.145658+00:00"
"2023-12-24","automatic pet feeder","27","25.75","audit_b_5y","core","pet_unspecified","true","audit_b_5y","false","AU","Web Search","2026-10-07T11:21:38.145658+00:00"
"2023-12-31","automatic pet feeder","17","21.25","audit_b_5y","core","pet_unspecified","true","audit_b_5y","false","AU","Web Search","2026-10-07T11:21:38.145658+00:00"
"2024-01-07","automatic pet feeder","16","20.5","audit_b_5y","core","pet_unspecified","true","audit_b_5y","false","AU","Web Search","2026-10-07T11:21:38.145658+00:00"
"2024-01-14","automatic pet feeder","17","19.25","audit_b_5y","core","pet_unspecified","true","audit_b_5y","false","AU","Web Search","2026-10-07T11:21:38.145658+00:00"
"2024-01-21","automatic pet feeder","21","17.75","audit_b_5y","core","pet_unspecified","true","audit_b_5y","false","AU","Web Search","2026-10-07T11:21:38.145658+00:00"
"2024-01-28","automatic pet feeder","14","17","audit_b_5y","core","pet_unspecified","true","audit_b_5y","false","AU","Web Search","2026-10-07T11:21:38.145658+00:00"
"2024-02-04","automatic pet feeder","18","17.5","audit_b_5y","core","pet_unspecified","true","audit_b_5y","false","AU","Web Search","2026-10-07T11:21:38.145658+00:00"
"2024-02-11","automatic pet feeder","16","17.25","audit_b_5y","core","pet_unspecified","true","audit_b_5y","false","AU","Web Search","2026-10-07T11:21:38.145658+00:00"
"2024-02-18","automatic pet feeder","17","16.25","audit_b_5y","core","pet_unspecified","true","audit_b_5y","false","AU","Web Search","2026-10-07T11:21:38.145658+00:00"
"2024-02-25","automatic pet feeder","0","12.75","audit_b_5y","core","pet_unspecified","true","audit_b_5y","false","AU","Web Search","2026-10-07T11:21:38.145658+00:00"
"2024-03-03","automatic pet feeder","17","12.5","audit_b_5y","core","pet_unspecified","true","audit_b_5y","false","AU","Web Search","2026-10-07T11:21:38.145658+00:00"
"2024-03-10","automatic pet feeder","17","12.75","audit_b_5y","core","pet_unspecified","true","audit_b_5y","false","AU","Web Search","2026-10-07T11:21:38.145658+00:00"
"2024-03-17","automatic pet feeder","21","13.75","audit_b_5y","core","pet_unspecified","true","audit_b_5y","false","AU","Web Search","2026-10-07T11:21:38.145658+00:00"
"2024-03-24","automatic pet feeder","0","13.75","audit_b_5y","core","pet_unspecified","true","audit_b_5y","false","AU","Web Search","2026-10-07T11:21:38.145658+00:00"
"2024-03-31","automatic pet feeder","0","9.5","audit_b_5y","core","pet_unspecified","true","audit_b_5y","false","AU","Web Search","2026-10-07T11:21:38.145658+00:00"
"2024-04-07","automatic pet feeder","17","9.5","audit_b_5y","core","pet_unspecified","true","audit_b_5y","false","AU","Web Search","2026-10-07T11:21:38.145658+00:00"
"2024-04-14","automatic pet feeder","23","10","audit_b_5y","core","pet_unspecified","true","audit_b_5y","false","AU","Web Search","2026-10-07T11:21:38.145658+00:00"
"2024-04-21","automatic pet feeder","0","10","audit_b_5y","core","pet_unspecified","true","audit_b_5y","false","AU","Web Search","2026-10-07T11:21:38.145658+00:00"
"2024-04-28","automatic pet feeder","0","10","audit_b_5y","core","pet_unspecified","true","audit_b_5y","false","AU","Web Search","2026-10-07T11:21:38.145658+00:00"
"2024-05-05","automatic pet feeder","18","10.25","audit_b_5y","core","pet_unspecified","true","audit_b_5y","false","AU","Web Search","2026-10-07T11:21:38.145658+00:00"
"2024-05-12","automatic pet feeder","17","8.75","audit_b_5y","core","pet_unspecified","true","audit_b_5y","false","AU","Web Search","2026-10-07T11:21:38.145658+00:00"
"2024-05-19","automatic pet feeder","16","12.75","audit_b_5y","core","pet_unspecified","true","audit_b_5y","false","AU","Web Search","2026-10-07T11:21:38.145658+00:00"
"2024-05-26","automatic pet feeder","17","17","audit_b_5y","core","pet_unspecified","true","audit_b_5y","false","AU","Web Search","2026-10-07T11:21:38.145658+00:00"
"2024-06-02","automatic pet feeder","18","17","audit_b_5y","core","pet_unspecified","true","audit_b_5y","false","AU","Web Search","2026-10-07T11:21:38.145658+00:00"
"2024-06-09","automatic pet feeder","0","12.75","audit_b_5y","core","pet_unspecified","true","audit_b_5y","false","AU","Web Search","2026-10-07T11:21:38.145658+00:00"
"2024-06-16","automatic pet feeder","24","14.75","audit_b_5y","core","pet_unspecified","true","audit_b_5y","false","AU","Web Search","2026-10-07T11:21:38.145658+00:00"
"2024-06-23","automatic pet feeder","16","14.5","audit_b_5y","core","pet_unspecified","true","audit_b_5y","false","AU","Web Search","2026-10-07T11:21:38.145658+00:00"
"2024-06-30","automatic pet feeder","20","15","audit_b_5y","core","pet_unspecified","true","audit_b_5y","false","AU","Web Search","2026-10-07T11:21:38.145658+00:00"
"2024-07-07","automatic pet feeder","25","21.25","audit_b_5y","core","pet_unspecified","true","audit_b_5y","false","AU","Web Search","2026-10-07T11:21:38.145658+00:00"
"2024-07-14","automatic pet feeder","17","19.5","audit_b_5y","core","pet_unspecified","true","audit_b_5y","false","AU","Web Search","2026-10-07T11:21:38.145658+00:00"
"2024-07-21","automatic pet feeder","0","15.5","audit_b_5y","core","pet_unspecified","true","audit_b_5y","false","AU","Web Search","2026-10-07T11:21:38.145658+00:00"
"2024-07-28","automatic pet feeder","17","14.75","audit_b_5y","core","pet_unspecified","true","audit_b_5y","false","AU","Web Search","2026-10-07T11:21:38.145658+00:00"
"2024-08-04","automatic pet feeder","0","8.5","audit_b_5y","core","pet_unspecified","true","audit_b_5y","false","AU","Web Search","2026-10-07T11:21:38.145658+00:00"
"2024-08-11","automatic pet feeder","19","9","audit_b_5y","core","pet_unspecified","true","audit_b_5y","false","AU","Web Search","2026-10-07T11:21:38.145658+00:00"
"2024-08-18","automatic pet feeder","0","9","audit_b_5y","core","pet_unspecified","true","audit_b_5y","false","AU","Web Search","2026-10-07T11:21:38.145658+00:00"
"2024-08-25","automatic pet feeder","14","8.25","audit_b_5y","core","pet_unspecified","true","audit_b_5y","false","AU","Web Search","2026-10-07T11:21:38.145658+00:00"
"2024-09-01","automatic pet feeder","0","8.25","audit_b_5y","core","pet_unspecified","true","audit_b_5y","false","AU","Web Search","2026-10-07T11:21:38.145658+00:00"
"2024-09-08","automatic pet feeder","0","3.5","audit_b_5y","core","pet_unspecified","true","audit_b_5y","false","AU","Web Search","2026-10-07T11:21:38.145658+00:00"
"2024-09-15","automatic pet feeder","26","10","audit_b_5y","core","pet_unspecified","true","audit_b_5y","false","AU","Web Search","2026-10-07T11:21:38.145658+00:00"
"2024-09-22","automatic pet feeder","16","10.5","audit_b_5y","core","pet_unspecified","true","audit_b_5y","false","AU","Web Search","2026-10-07T11:21:38.145658+00:00"
"2024-09-29","automatic pet feeder","26","17","audit_b_5y","core","pet_unspecified","true","audit_b_5y","false","AU","Web Search","2026-10-07T11:21:38.145658+00:00"
"2024-10-06","automatic pet feeder","0","17","audit_b_5y","core","pet_unspecified","true","audit_b_5y","false","AU","Web Search","2026-10-07T11:21:38.145658+00:00"
"2024-10-13","automatic pet feeder","26","17","audit_b_5y","core","pet_unspecified","true","audit_b_5y","false","AU","Web Search","2026-10-07T11:21:38.145658+00:00"
"2024-10-20","automatic pet feeder","19","17.75","audit_b_5y","core","pet_unspecified","true","audit_b_5y","false","AU","Web Search","2026-10-07T11:21:38.145658+00:00"
"2024-10-27","automatic pet feeder","15","15","audit_b_5y","core","pet_unspecified","true","audit_b_5y","false","AU","Web Search","2026-10-07T11:21:38.145658+00:00"
"2024-11-03","automatic pet feeder","18","19.5","audit_b_5y","core","pet_unspecified","true","audit_b_5y","false","AU","Web Search","2026-10-07T11:21:38.145658+00:00"
"2024-11-10","automatic pet feeder","39","22.75","audit_b_5y","core","pet_unspecified","true","audit_b_5y","false","AU","Web Search","2026-10-07T11:21:38.145658+00:00"
"2024-11-17","automatic pet feeder","25","24.25","audit_b_5y","core","pet_unspecified","true","audit_b_5y","false","AU","Web Search","2026-10-07T11:21:38.145658+00:00"
"2024-11-24","automatic pet feeder","24","26.5","audit_b_5y","core","pet_unspecified","true","audit_b_5y","false","AU","Web Search","2026-10-07T11:21:38.145658+00:00"
"2024-12-01","automatic pet feeder","31","29.75","audit_b_5y","core","pet_unspecified","true","audit_b_5y","false","AU","Web Search","2026-10-07T11:21:38.145658+00:00"
"2024-12-08","automatic pet feeder","18","24.5","audit_b_5y","core","pet_unspecified","true","audit_b_5y","false","AU","Web Search","2026-10-07T11:21:38.145658+00:00"
"2024-12-15","automatic pet feeder","22","23.75","audit_b_5y","core","pet_unspecified","true","audit_b_5y","false","AU","Web Search","2026-10-07T11:21:38.145658+00:00"
"2024-12-22","automatic pet feeder","35","26.5","audit_b_5y","core","pet_unspecified","true","audit_b_5y","false","AU","Web Search","2026-10-07T11:21:38.145658+00:00"
"2024-12-29","automatic pet feeder","26","25.25","audit_b_5y","core","pet_unspecified","true","audit_b_5y","false","AU","Web Search","2026-10-07T11:21:38.145658+00:00"
"2025-01-05","automatic pet feeder","0","20.75","audit_b_5y","core","pet_unspecified","true","audit_b_5y","false","AU","Web Search","2026-10-07T11:21:38.145658+00:00"
"2025-01-12","automatic pet feeder","35","24","audit_b_5y","core","pet_unspecified","true","audit_b_5y","false","AU","Web Search","2026-10-07T11:21:38.145658+00:00"
"2025-01-19","automatic pet feeder","0","15.25","audit_b_5y","core","pet_unspecified","true","audit_b_5y","false","AU","Web Search","2026-10-07T11:21:38.145658+00:00"
"2025-01-26","automatic pet feeder","27","15.5","audit_b_5y","core","pet_unspecified","true","audit_b_5y","false","AU","Web Search","2026-10-07T11:21:38.145658+00:00"
"2025-02-02","automatic pet feeder","18","20","audit_b_5y","core","pet_unspecified","true","audit_b_5y","false","AU","Web Search","2026-10-07T11:21:38.145658+00:00"
"2025-02-09","automatic pet feeder","14","14.75","audit_b_5y","core","pet_unspecified","true","audit_b_5y","false","AU","Web Search","2026-10-07T11:21:38.145658+00:00"
"2025-02-16","automatic pet feeder","0","14.75","audit_b_5y","core","pet_unspecified","true","audit_b_5y","false","AU","Web Search","2026-10-07T11:21:38.145658+00:00"
"2025-02-23","automatic pet feeder","21","13.25","audit_b_5y","core","pet_unspecified","true","audit_b_5y","false","AU","Web Search","2026-10-07T11:21:38.145658+00:00"
"2025-03-02","automatic pet feeder","0","8.75","audit_b_5y","core","pet_unspecified","true","audit_b_5y","false","AU","Web Search","2026-10-07T11:21:38.145658+00:00"
"2025-03-09","automatic pet feeder","15","9","audit_b_5y","core","pet_unspecified","true","audit_b_5y","false","AU","Web Search","2026-10-07T11:21:38.145658+00:00"
"2025-03-16","automatic pet feeder","0","9","audit_b_5y","core","pet_unspecified","true","audit_b_5y","false","AU","Web Search","2026-10-07T11:21:38.145658+00:00"
"2025-03-23","automatic pet feeder","21","9","audit_b_5y","core","pet_unspecified","true","audit_b_5y","false","AU","Web Search","2026-10-07T11:21:38.145658+00:00"
"2025-03-30","automatic pet feeder","0","9","audit_b_5y","core","pet_unspecified","true","audit_b_5y","false","AU","Web Search","2026-10-07T11:21:38.145658+00:00"
"2025-04-06","automatic pet feeder","15","9","audit_b_5y","core","pet_unspecified","true","audit_b_5y","false","AU","Web Search","2026-10-07T11:21:38.145658+00:00"
"2025-04-13","automatic pet feeder","27","15.75","audit_b_5y","core","pet_unspecified","true","audit_b_5y","false","AU","Web Search","2026-10-07T11:21:38.145658+00:00"
"2025-04-20","automatic pet feeder","20","15.5","audit_b_5y","core","pet_unspecified","true","audit_b_5y","false","AU","Web Search","2026-10-07T11:21:38.145658+00:00"
"2025-04-27","automatic pet feeder","16","19.5","audit_b_5y","core","pet_unspecified","true","audit_b_5y","false","AU","Web Search","2026-10-07T11:21:38.145658+00:00"
"2025-05-04","automatic pet feeder","14","19.25","audit_b_5y","core","pet_unspecified","true","audit_b_5y","false","AU","Web Search","2026-10-07T11:21:38.145658+00:00"
"2025-05-11","automatic pet feeder","0","12.5","audit_b_5y","core","pet_unspecified","true","audit_b_5y","false","AU","Web Search","2026-10-07T11:21:38.145658+00:00"
"2025-05-18","automatic pet feeder","0","7.5","audit_b_5y","core","pet_unspecified","true","audit_b_5y","false","AU","Web Search","2026-10-07T11:21:38.145658+00:00"
"2025-05-25","automatic pet feeder","0","3.5","audit_b_5y","core","pet_unspecified","true","audit_b_5y","false","AU","Web Search","2026-10-07T11:21:38.145658+00:00"
"2025-06-01","automatic pet feeder","0","0","audit_b_5y","core","pet_unspecified","true","audit_b_5y","false","AU","Web Search","2026-10-07T11:21:38.145658+00:00"
"2025-06-08","automatic pet feeder","0","0","audit_b_5y","core","pet_unspecified","true","audit_b_5y","false","AU","Web Search","2026-10-07T11:21:38.145658+00:00"
"2025-06-15","automatic pet feeder","0","0","audit_b_5y","core","pet_unspecified","true","audit_b_5y","false","AU","Web Search","2026-10-07T11:21:38.145658+00:00"
"2025-06-22","automatic pet feeder","15","3.75","audit_b_5y","core","pet_unspecified","true","audit_b_5y","false","AU","Web Search","2026-10-07T11:21:38.145658+00:00"
"2025-06-29","automatic pet feeder","0","3.75","audit_b_5y","core","pet_unspecified","true","audit_b_5y","false","AU","Web Search","2026-10-07T11:21:38.145658+00:00"
"2025-07-06","automatic pet feeder","0","3.75","audit_b_5y","core","pet_unspecified","true","audit_b_5y","false","AU","Web Search","2026-10-07T11:21:38.145658+00:00"
"2025-07-13","automatic pet feeder","0","3.75","audit_b_5y","core","pet_unspecified","true","audit_b_5y","false","AU","Web Search","2026-10-07T11:21:38.145658+00:00"
"2025-07-20","automatic pet feeder","21","5.25","audit_b_5y","core","pet_unspecified","true","audit_b_5y","false","AU","Web Search","2026-10-07T11:21:38.145658+00:00"
"2025-07-27","automatic pet feeder","22","10.75","audit_b_5y","core","pet_unspecified","true","audit_b_5y","false","AU","Web Search","2026-10-07T11:21:38.145658+00:00"
"2025-08-03","automatic pet feeder","0","10.75","audit_b_5y","core","pet_unspecified","true","audit_b_5y","false","AU","Web Search","2026-10-07T11:21:38.145658+00:00"
"2025-08-10","automatic pet feeder","16","14.75","audit_b_5y","core","pet_unspecified","true","audit_b_5y","false","AU","Web Search","2026-10-07T11:21:38.145658+00:00"
"2025-08-17","automatic pet feeder","14","13","audit_b_5y","core","pet_unspecified","true","audit_b_5y","false","AU","Web Search","2026-10-07T11:21:38.145658+00:00"
"2025-08-24","automatic pet feeder","27","14.25","audit_b_5y","core","pet_unspecified","true","audit_b_5y","false","AU","Web Search","2026-10-07T11:21:38.145658+00:00"
"2025-08-31","automatic pet feeder","0","14.25","audit_b_5y","core","pet_unspecified","true","audit_b_5y","false","AU","Web Search","2026-10-07T11:21:38.145658+00:00"
"2025-09-07","automatic pet feeder","0","10.25","audit_b_5y","core","pet_unspecified","true","audit_b_5y","false","AU","Web Search","2026-10-07T11:21:38.145658+00:00"
"2025-09-14","automatic pet feeder","18","11.25","audit_b_5y","core","pet_unspecified","true","audit_b_5y","false","AU","Web Search","2026-10-07T11:21:38.145658+00:00"
"2025-09-21","automatic pet feeder","16","8.5","audit_b_5y","core","pet_unspecified","true","audit_b_5y","false","AU","Web Search","2026-10-07T11:21:38.145658+00:00"
"2025-09-28","automatic pet feeder","28","15.5","audit_b_5y","core","pet_unspecified","true","audit_b_5y","false","AU","Web Search","2026-10-07T11:21:38.145658+00:00"
"2025-10-05","automatic pet feeder","0","15.5","audit_b_5y","core","pet_unspecified","true","audit_b_5y","false","AU","Web Search","2026-10-07T11:21:38.145658+00:00"
"2025-10-12","automatic pet feeder","20","16","audit_b_5y","core","pet_unspecified","true","audit_b_5y","false","AU","Web Search","2026-10-07T11:21:38.145658+00:00"
"2025-10-19","automatic pet feeder","28","19","audit_b_5y","core","pet_unspecified","true","audit_b_5y","false","AU","Web Search","2026-10-07T11:21:38.145658+00:00"
"2025-10-26","automatic pet feeder","0","12","audit_b_5y","core","pet_unspecified","true","audit_b_5y","false","AU","Web Search","2026-10-07T11:21:38.145658+00:00"
"2025-11-02","automatic pet feeder","14","15.5","audit_b_5y","core","pet_unspecified","true","audit_b_5y","false","AU","Web Search","2026-10-07T11:21:38.145658+00:00"
"2025-11-09","automatic pet feeder","19","15.25","audit_b_5y","core","pet_unspecified","true","audit_b_5y","false","AU","Web Search","2026-10-07T11:21:38.145658+00:00"
"2025-11-16","automatic pet feeder","21","13.5","audit_b_5y","core","pet_unspecified","true","audit_b_5y","false","AU","Web Search","2026-10-07T11:21:38.145658+00:00"
"2025-11-23","automatic pet feeder","19","18.25","audit_b_5y","core","pet_unspecified","true","audit_b_5y","false","AU","Web Search","2026-10-07T11:21:38.145658+00:00"
"2025-11-30","automatic pet feeder","25","21","audit_b_5y","core","pet_unspecified","true","audit_b_5y","false","AU","Web Search","2026-10-07T11:21:38.145658+00:00"
"2025-12-07","automatic pet feeder","26","22.75","audit_b_5y","core","pet_unspecified","true","audit_b_5y","false","AU","Web Search","2026-10-07T11:21:38.145658+00:00"
"2025-12-14","automatic pet feeder","0","17.5","audit_b_5y","core","pet_unspecified","true","audit_b_5y","false","AU","Web Search","2026-10-07T11:21:38.145658+00:00"
"2025-12-21","automatic pet feeder","24","18.75","audit_b_5y","core","pet_unspecified","true","audit_b_5y","false","AU","Web Search","2026-10-07T11:21:38.145658+00:00"
"2025-12-28","automatic pet feeder","24","18.5","audit_b_5y","core","pet_unspecified","true","audit_b_5y","false","AU","Web Search","2026-10-07T11:21:38.145658+00:00"
"2026-01-04","automatic pet feeder","23","17.75","audit_b_5y","core","pet_unspecified","true","audit_b_5y","false","AU","Web Search","2026-10-07T11:21:38.145658+00:00"
"2026-01-11","automatic pet feeder","25","24","audit_b_5y","core","pet_unspecified","true","audit_b_5y","false","AU","Web Search","2026-10-07T11:21:38.145658+00:00"
"2026-01-18","automatic pet feeder","17","22.25","audit_b_5y","core","pet_unspecified","true","audit_b_5y","false","AU","Web Search","2026-10-07T11:21:38.145658+00:00"
"2026-01-25","automatic pet feeder","16","20.25","audit_b_5y","core","pet_unspecified","true","audit_b_5y","false","AU","Web Search","2026-10-07T11:21:38.145658+00:00"
"2026-02-01","automatic pet feeder","17","18.75","audit_b_5y","core","pet_unspecified","true","audit_b_5y","false","AU","Web Search","2026-10-07T11:21:38.145658+00:00"
"2026-02-08","automatic pet feeder","17","16.75","audit_b_5y","core","pet_unspecified","true","audit_b_5y","false","AU","Web Search","2026-10-07T11:21:38.145658+00:00"
"2026-02-15","automatic pet feeder","24","18.5","audit_b_5y","core","pet_unspecified","true","audit_b_5y","false","AU","Web Search","2026-10-07T11:21:38.145658+00:00"
"2026-02-22","automatic pet feeder","15","18.25","audit_b_5y","core","pet_unspecified","true","audit_b_5y","false","AU","Web Search","2026-10-07T11:21:38.145658+00:00"
"2026-03-01","automatic pet feeder","17","18.25","audit_b_5y","core","pet_unspecified","true","audit_b_5y","false","AU","Web Search","2026-10-07T11:21:38.145658+00:00"
"2026-03-08","automatic pet feeder","0","14","audit_b_5y","core","pet_unspecified","true","audit_b_5y","false","AU","Web Search","2026-10-07T11:21:38.145658+00:00"
"2026-03-15","automatic pet feeder","0","8","audit_b_5y","core","pet_unspecified","true","audit_b_5y","false","AU","Web Search","2026-10-07T11:21:38.145658+00:00"
"2026-03-22","automatic pet feeder","0","4.25","audit_b_5y","core","pet_unspecified","true","audit_b_5y","false","AU","Web Search","2026-10-07T11:21:38.145658+00:00"
"2026-03-29","automatic pet feeder","14","3.5","audit_b_5y","core","pet_unspecified","true","audit_b_5y","false","AU","Web Search","2026-10-07T11:21:38.145658+00:00"
"2026-04-05","automatic pet feeder","24","9.5","audit_b_5y","core","pet_unspecified","true","audit_b_5y","false","AU","Web Search","2026-10-07T11:21:38.145658+00:00"
"2026-04-12","automatic pet feeder","22","15","audit_b_5y","core","pet_unspecified","true","audit_b_5y","false","AU","Web Search","2026-10-07T11:21:38.145658+00:00"
"2026-04-19","automatic pet feeder","0","15","audit_b_5y","core","pet_unspecified","true","audit_b_5y","false","AU","Web Search","2026-10-07T11:21:38.145658+00:00"
"2026-04-26","automatic pet feeder","23","17.25","audit_b_5y","core","pet_unspecified","true","audit_b_5y","false","AU","Web Search","2026-10-07T11:21:38.145658+00:00"
"2026-05-03","automatic pet feeder","0","11.25","audit_b_5y","core","pet_unspecified","true","audit_b_5y","false","AU","Web Search","2026-10-07T11:21:38.145658+00:00"
"2026-05-10","automatic pet feeder","20","10.75","audit_b_5y","core","pet_unspecified","true","audit_b_5y","false","AU","Web Search","2026-10-07T11:21:38.145658+00:00"
"2026-05-17","automatic pet feeder","18","15.25","audit_b_5y","core","pet_unspecified","true","audit_b_5y","false","AU","Web Search","2026-10-07T11:21:38.145658+00:00"
"2026-05-24","automatic pet feeder","0","9.5","audit_b_5y","core","pet_unspecified","true","audit_b_5y","false","AU","Web Search","2026-10-07T11:21:38.145658+00:00"
"2026-05-31","automatic pet feeder","0","9.5","audit_b_5y","core","pet_unspecified","true","audit_b_5y","false","AU","Web Search","2026-10-07T11:21:38.145658+00:00"
"2026-06-07","automatic pet feeder","0","4.5","audit_b_5y","core","pet_unspecified","true","audit_b_5y","false","AU","Web Search","2026-10-07T11:21:38.145658+00:00"
"2026-06-14","automatic pet feeder","23","5.75","audit_b_5y","core","pet_unspecified","true","audit_b_5y","false","AU","Web Search","2026-10-07T11:21:38.145658+00:00"
"2026-06-21","automatic pet feeder","0","5.75","audit_b_5y","core","pet_unspecified","true","audit_b_5y","false","AU","Web Search","2026-10-07T11:21:38.145658+00:00"
"2026-06-28","automatic pet feeder","16","9.75","audit_b_5y","core","pet_unspecified","true","audit_b_5y","false","AU","Web Search","2026-10-07T11:21:38.145658+00:00"
"2026-07-05","automatic pet feeder","22","15.25","audit_b_5y","core","pet_unspecified","true","audit_b_5y","false","AU","Web Search","2026-10-07T11:21:38.145658+00:00"
"2026-07-12","automatic pet feeder","20","14.5","audit_b_5y","core","pet_unspecified","true","audit_b_5y","false","AU","Web Search","2026-10-07T11:21:38.145658+00:00"
"2026-07-19","automatic pet feeder","23","20.25","audit_b_5y","core","pet_unspecified","true","audit_b_5y","false","AU","Web Search","2026-10-07T11:21:38.145658+00:00"
"2026-07-26","automatic pet feeder","14","19.75","audit_b_5y","core","pet_unspecified","true","audit_b_5y","false","AU","Web Search","2026-10-07T11:21:38.145658+00:00"
"2026-08-02","automatic pet feeder","0","14.25","audit_b_5y","core","pet_unspecified","true","audit_b_5y","false","AU","Web Search","2026-10-07T11:21:38.145658+00:00"
"2026-08-09","automatic pet feeder","0","9.25","audit_b_5y","core","pet_unspecified","true","audit_b_5y","false","AU","Web Search","2026-10-07T11:21:38.145658+00:00"
"2026-08-16","automatic pet feeder","15","7.25","audit_b_5y","core","pet_unspecified","true","audit_b_5y","false","AU","Web Search","2026-10-07T11:21:38.145658+00:00"
"2026-08-23","automatic pet feeder","17","8","audit_b_5y","core","pet_unspecified","true","audit_b_5y","false","AU","Web Search","2026-10-07T11:21:38.145658+00:00"
"2026-08-30","automatic pet feeder","0","8","audit_b_5y","core","pet_unspecified","true","audit_b_5y","false","AU","Web Search","2026-10-07T11:21:38.145658+00:00"
"2026-09-06","automatic pet feeder","0","8","audit_b_5y","core","pet_unspecified","true","audit_b_5y","false","AU","Web Search","2026-10-07T11:21:38.145658+00:00"
"2026-09-13","automatic pet feeder","23","10","audit_b_5y","core","pet_unspecified","true","audit_b_5y","false","AU","Web Search","2026-10-07T11:21:38.145658+00:00"
"2026-09-20","automatic pet feeder","16","9.75","audit_b_5y","core","pet_unspecified","true","audit_b_5y","false","AU","Web Search","2026-10-07T11:21:38.145658+00:00"
"2026-09-27","automatic pet feeder","16","13.75","audit_b_5y","core","pet_unspecified","true","audit_b_5y","false","AU","Web Search","2026-10-07T11:21:38.145658+00:00"
"2026-10-04","automatic pet feeder","14","17.25","audit_b_5y","core","pet_unspecified","true","audit_b_5y","true","AU","Web Search","2026-10-07T11:21:38.145658+00:00"
"2021-10-03","smart cat feeder","0",,"audit_b_5y","diagnostic","cat","false","audit_b_5y","true","AU","Web Search","2026-10-07T11:21:38.145658+00:00"
"2021-10-10","smart cat feeder","0",,"audit_b_5y","diagnostic","cat","false","audit_b_5y","false","AU","Web Search","2026-10-07T11:21:38.145658+00:00"
"2021-10-17","smart cat feeder","0",,"audit_b_5y","diagnostic","cat","false","audit_b_5y","false","AU","Web Search","2026-10-07T11:21:38.145658+00:00"
"2021-10-24","smart cat feeder","0","0","audit_b_5y","diagnostic","cat","false","audit_b_5y","false","AU","Web Search","2026-10-07T11:21:38.145658+00:00"
"2021-10-31","smart cat feeder","0","0","audit_b_5y","diagnostic","cat","false","audit_b_5y","false","AU","Web Search","2026-10-07T11:21:38.145658+00:00"
"2021-11-07","smart cat feeder","0","0","audit_b_5y","diagnostic","cat","false","audit_b_5y","false","AU","Web Search","2026-10-07T11:21:38.145658+00:00"
"2021-11-14","smart cat feeder","0","0","audit_b_5y","diagnostic","cat","false","audit_b_5y","false","AU","Web Search","2026-10-07T11:21:38.145658+00:00"
"2021-11-21","smart cat feeder","0","0","audit_b_5y","diagnostic","cat","false","audit_b_5y","false","AU","Web Search","2026-10-07T11:21:38.145658+00:00"
"2021-11-28","smart cat feeder","0","0","audit_b_5y","diagnostic","cat","false","audit_b_5y","false","AU","Web Search","2026-10-07T11:21:38.145658+00:00"
"2021-12-05","smart cat feeder","0","0","audit_b_5y","diagnostic","cat","false","audit_b_5y","false","AU","Web Search","2026-10-07T11:21:38.145658+00:00"
"2021-12-12","smart cat feeder","0","0","audit_b_5y","diagnostic","cat","false","audit_b_5y","false","AU","Web Search","2026-10-07T11:21:38.145658+00:00"
"2021-12-19","smart cat feeder","0","0","audit_b_5y","diagnostic","cat","false","audit_b_5y","false","AU","Web Search","2026-10-07T11:21:38.145658+00:00"
"2021-12-26","smart cat feeder","0","0","audit_b_5y","diagnostic","cat","false","audit_b_5y","false","AU","Web Search","2026-10-07T11:21:38.145658+00:00"
"2022-01-02","smart cat feeder","0","0","audit_b_5y","diagnostic","cat","false","audit_b_5y","false","AU","Web Search","2026-10-07T11:21:38.145658+00:00"
"2022-01-09","smart cat feeder","0","0","audit_b_5y","diagnostic","cat","false","audit_b_5y","false","AU","Web Search","2026-10-07T11:21:38.145658+00:00"
"2022-01-16","smart cat feeder","0","0","audit_b_5y","diagnostic","cat","false","audit_b_5y","false","AU","Web Search","2026-10-07T11:21:38.145658+00:00"
"2022-01-23","smart cat feeder","0","0","audit_b_5y","diagnostic","cat","false","audit_b_5y","false","AU","Web Search","2026-10-07T11:21:38.145658+00:00"
"2022-01-30","smart cat feeder","0","0","audit_b_5y","diagnostic","cat","false","audit_b_5y","false","AU","Web Search","2026-10-07T11:21:38.145658+00:00"
"2022-02-06","smart cat feeder","0","0","audit_b_5y","diagnostic","cat","false","audit_b_5y","false","AU","Web Search","2026-10-07T11:21:38.145658+00:00"
"2022-02-13","smart cat feeder","0","0","audit_b_5y","diagnostic","cat","false","audit_b_5y","false","AU","Web Search","2026-10-07T11:21:38.145658+00:00"
"2022-02-20","smart cat feeder","0","0","audit_b_5y","diagnostic","cat","false","audit_b_5y","false","AU","Web Search","2026-10-07T11:21:38.145658+00:00"
"2022-02-27","smart cat feeder","0","0","audit_b_5y","diagnostic","cat","false","audit_b_5y","false","AU","Web Search","2026-10-07T11:21:38.145658+00:00"
"2022-03-06","smart cat feeder","0","0","audit_b_5y","diagnostic","cat","false","audit_b_5y","false","AU","Web Search","2026-10-07T11:21:38.145658+00:00"
"2022-03-13","smart cat feeder","0","0","audit_b_5y","diagnostic","cat","false","audit_b_5y","false","AU","Web Search","2026-10-07T11:21:38.145658+00:00"
"2022-03-20","smart cat feeder","0","0","audit_b_5y","diagnostic","cat","false","audit_b_5y","false","AU","Web Search","2026-10-07T11:21:38.145658+00:00"
"2022-03-27","smart cat feeder","0","0","audit_b_5y","diagnostic","cat","false","audit_b_5y","false","AU","Web Search","2026-10-07T11:21:38.145658+00:00"
"2022-04-03","smart cat feeder","0","0","audit_b_5y","diagnostic","cat","false","audit_b_5y","false","AU","Web Search","2026-10-07T11:21:38.145658+00:00"
"2022-04-10","smart cat feeder","0","0","audit_b_5y","diagnostic","cat","false","audit_b_5y","false","AU","Web Search","2026-10-07T11:21:38.145658+00:00"
"2022-04-17","smart cat feeder","0","0","audit_b_5y","diagnostic","cat","false","audit_b_5y","false","AU","Web Search","2026-10-07T11:21:38.145658+00:00"
"2022-04-24","smart cat feeder","0","0","audit_b_5y","diagnostic","cat","false","audit_b_5y","false","AU","Web Search","2026-10-07T11:21:38.145658+00:00"
"2022-05-01","smart cat feeder","0","0","audit_b_5y","diagnostic","cat","false","audit_b_5y","false","AU","Web Search","2026-10-07T11:21:38.145658+00:00"
"2022-05-08","smart cat feeder","0","0","audit_b_5y","diagnostic","cat","false","audit_b_5y","false","AU","Web Search","2026-10-07T11:21:38.145658+00:00"
"2022-05-15","smart cat feeder","0","0","audit_b_5y","diagnostic","cat","false","audit_b_5y","false","AU","Web Search","2026-10-07T11:21:38.145658+00:00"
"2022-05-22","smart cat feeder","0","0","audit_b_5y","diagnostic","cat","false","audit_b_5y","false","AU","Web Search","2026-10-07T11:21:38.145658+00:00"
"2022-05-29","smart cat feeder","0","0","audit_b_5y","diagnostic","cat","false","audit_b_5y","false","AU","Web Search","2026-10-07T11:21:38.145658+00:00"
"2022-06-05","smart cat feeder","0","0","audit_b_5y","diagnostic","cat","false","audit_b_5y","false","AU","Web Search","2026-10-07T11:21:38.145658+00:00"
"2022-06-12","smart cat feeder","0","0","audit_b_5y","diagnostic","cat","false","audit_b_5y","false","AU","Web Search","2026-10-07T11:21:38.145658+00:00"
"2022-06-19","smart cat feeder","0","0","audit_b_5y","diagnostic","cat","false","audit_b_5y","false","AU","Web Search","2026-10-07T11:21:38.145658+00:00"
"2022-06-26","smart cat feeder","0","0","audit_b_5y","diagnostic","cat","false","audit_b_5y","false","AU","Web Search","2026-10-07T11:21:38.145658+00:00"
"2022-07-03","smart cat feeder","0","0","audit_b_5y","diagnostic","cat","false","audit_b_5y","false","AU","Web Search","2026-10-07T11:21:38.145658+00:00"
"2022-07-10","smart cat feeder","0","0","audit_b_5y","diagnostic","cat","false","audit_b_5y","false","AU","Web Search","2026-10-07T11:21:38.145658+00:00"
"2022-07-17","smart cat feeder","0","0","audit_b_5y","diagnostic","cat","false","audit_b_5y","false","AU","Web Search","2026-10-07T11:21:38.145658+00:00"
"2022-07-24","smart cat feeder","0","0","audit_b_5y","diagnostic","cat","false","audit_b_5y","false","AU","Web Search","2026-10-07T11:21:38.145658+00:00"
"2022-07-31","smart cat feeder","0","0","audit_b_5y","diagnostic","cat","false","audit_b_5y","false","AU","Web Search","2026-10-07T11:21:38.145658+00:00"
"2022-08-07","smart cat feeder","0","0","audit_b_5y","diagnostic","cat","false","audit_b_5y","false","AU","Web Search","2026-10-07T11:21:38.145658+00:00"
"2022-08-14","smart cat feeder","0","0","audit_b_5y","diagnostic","cat","false","audit_b_5y","false","AU","Web Search","2026-10-07T11:21:38.145658+00:00"
"2022-08-21","smart cat feeder","0","0","audit_b_5y","diagnostic","cat","false","audit_b_5y","false","AU","Web Search","2026-10-07T11:21:38.145658+00:00"
"2022-08-28","smart cat feeder","0","0","audit_b_5y","diagnostic","cat","false","audit_b_5y","false","AU","Web Search","2026-10-07T11:21:38.145658+00:00"
"2022-09-04","smart cat feeder","0","0","audit_b_5y","diagnostic","cat","false","audit_b_5y","false","AU","Web Search","2026-10-07T11:21:38.145658+00:00"
"2022-09-11","smart cat feeder","0","0","audit_b_5y","diagnostic","cat","false","audit_b_5y","false","AU","Web Search","2026-10-07T11:21:38.145658+00:00"
"2022-09-18","smart cat feeder","0","0","audit_b_5y","diagnostic","cat","false","audit_b_5y","false","AU","Web Search","2026-10-07T11:21:38.145658+00:00"
"2022-09-25","smart cat feeder","0","0","audit_b_5y","diagnostic","cat","false","audit_b_5y","false","AU","Web Search","2026-10-07T11:21:38.145658+00:00"
"2022-10-02","smart cat feeder","0","0","audit_b_5y","diagnostic","cat","false","audit_b_5y","false","AU","Web Search","2026-10-07T11:21:38.145658+00:00"
"2022-10-09","smart cat feeder","0","0","audit_b_5y","diagnostic","cat","false","audit_b_5y","false","AU","Web Search","2026-10-07T11:21:38.145658+00:00"
"2022-10-16","smart cat feeder","0","0","audit_b_5y","diagnostic","cat","false","audit_b_5y","false","AU","Web Search","2026-10-07T11:21:38.145658+00:00"
"2022-10-23","smart cat feeder","0","0","audit_b_5y","diagnostic","cat","false","audit_b_5y","false","AU","Web Search","2026-10-07T11:21:38.145658+00:00"
"2022-10-30","smart cat feeder","0","0","audit_b_5y","diagnostic","cat","false","audit_b_5y","false","AU","Web Search","2026-10-07T11:21:38.145658+00:00"
"2022-11-06","smart cat feeder","0","0","audit_b_5y","diagnostic","cat","false","audit_b_5y","false","AU","Web Search","2026-10-07T11:21:38.145658+00:00"
"2022-11-13","smart cat feeder","0","0","audit_b_5y","diagnostic","cat","false","audit_b_5y","false","AU","Web Search","2026-10-07T11:21:38.145658+00:00"
"2022-11-20","smart cat feeder","0","0","audit_b_5y","diagnostic","cat","false","audit_b_5y","false","AU","Web Search","2026-10-07T11:21:38.145658+00:00"
"2022-11-27","smart cat feeder","0","0","audit_b_5y","diagnostic","cat","false","audit_b_5y","false","AU","Web Search","2026-10-07T11:21:38.145658+00:00"
"2022-12-04","smart cat feeder","0","0","audit_b_5y","diagnostic","cat","false","audit_b_5y","false","AU","Web Search","2026-10-07T11:21:38.145658+00:00"
"2022-12-11","smart cat feeder","0","0","audit_b_5y","diagnostic","cat","false","audit_b_5y","false","AU","Web Search","2026-10-07T11:21:38.145658+00:00"
"2022-12-18","smart cat feeder","0","0","audit_b_5y","diagnostic","cat","false","audit_b_5y","false","AU","Web Search","2026-10-07T11:21:38.145658+00:00"
"2022-12-25","smart cat feeder","0","0","audit_b_5y","diagnostic","cat","false","audit_b_5y","false","AU","Web Search","2026-10-07T11:21:38.145658+00:00"
"2023-01-01","smart cat feeder","0","0","audit_b_5y","diagnostic","cat","false","audit_b_5y","false","AU","Web Search","2026-10-07T11:21:38.145658+00:00"
"2023-01-08","smart cat feeder","0","0","audit_b_5y","diagnostic","cat","false","audit_b_5y","false","AU","Web Search","2026-10-07T11:21:38.145658+00:00"
"2023-01-15","smart cat feeder","0","0","audit_b_5y","diagnostic","cat","false","audit_b_5y","false","AU","Web Search","2026-10-07T11:21:38.145658+00:00"
"2023-01-22","smart cat feeder","0","0","audit_b_5y","diagnostic","cat","false","audit_b_5y","false","AU","Web Search","2026-10-07T11:21:38.145658+00:00"
"2023-01-29","smart cat feeder","0","0","audit_b_5y","diagnostic","cat","false","audit_b_5y","false","AU","Web Search","2026-10-07T11:21:38.145658+00:00"
"2023-02-05","smart cat feeder","0","0","audit_b_5y","diagnostic","cat","false","audit_b_5y","false","AU","Web Search","2026-10-07T11:21:38.145658+00:00"
"2023-02-12","smart cat feeder","0","0","audit_b_5y","diagnostic","cat","false","audit_b_5y","false","AU","Web Search","2026-10-07T11:21:38.145658+00:00"
"2023-02-19","smart cat feeder","0","0","audit_b_5y","diagnostic","cat","false","audit_b_5y","false","AU","Web Search","2026-10-07T11:21:38.145658+00:00"
"2023-02-26","smart cat feeder","0","0","audit_b_5y","diagnostic","cat","false","audit_b_5y","false","AU","Web Search","2026-10-07T11:21:38.145658+00:00"
"2023-03-05","smart cat feeder","0","0","audit_b_5y","diagnostic","cat","false","audit_b_5y","false","AU","Web Search","2026-10-07T11:21:38.145658+00:00"
"2023-03-12","smart cat feeder","0","0","audit_b_5y","diagnostic","cat","false","audit_b_5y","false","AU","Web Search","2026-10-07T11:21:38.145658+00:00"
"2023-03-19","smart cat feeder","0","0","audit_b_5y","diagnostic","cat","false","audit_b_5y","false","AU","Web Search","2026-10-07T11:21:38.145658+00:00"
"2023-03-26","smart cat feeder","0","0","audit_b_5y","diagnostic","cat","false","audit_b_5y","false","AU","Web Search","2026-10-07T11:21:38.145658+00:00"
"2023-04-02","smart cat feeder","0","0","audit_b_5y","diagnostic","cat","false","audit_b_5y","false","AU","Web Search","2026-10-07T11:21:38.145658+00:00"
"2023-04-09","smart cat feeder","0","0","audit_b_5y","diagnostic","cat","false","audit_b_5y","false","AU","Web Search","2026-10-07T11:21:38.145658+00:00"
"2023-04-16","smart cat feeder","0","0","audit_b_5y","diagnostic","cat","false","audit_b_5y","false","AU","Web Search","2026-10-07T11:21:38.145658+00:00"
"2023-04-23","smart cat feeder","0","0","audit_b_5y","diagnostic","cat","false","audit_b_5y","false","AU","Web Search","2026-10-07T11:21:38.145658+00:00"
"2023-04-30","smart cat feeder","0","0","audit_b_5y","diagnostic","cat","false","audit_b_5y","false","AU","Web Search","2026-10-07T11:21:38.145658+00:00"
"2023-05-07","smart cat feeder","0","0","audit_b_5y","diagnostic","cat","false","audit_b_5y","false","AU","Web Search","2026-10-07T11:21:38.145658+00:00"
"2023-05-14","smart cat feeder","0","0","audit_b_5y","diagnostic","cat","false","audit_b_5y","false","AU","Web Search","2026-10-07T11:21:38.145658+00:00"
"2023-05-21","smart cat feeder","0","0","audit_b_5y","diagnostic","cat","false","audit_b_5y","false","AU","Web Search","2026-10-07T11:21:38.145658+00:00"
"2023-05-28","smart cat feeder","0","0","audit_b_5y","diagnostic","cat","false","audit_b_5y","false","AU","Web Search","2026-10-07T11:21:38.145658+00:00"
"2023-06-04","smart cat feeder","0","0","audit_b_5y","diagnostic","cat","false","audit_b_5y","false","AU","Web Search","2026-10-07T11:21:38.145658+00:00"
"2023-06-11","smart cat feeder","0","0","audit_b_5y","diagnostic","cat","false","audit_b_5y","false","AU","Web Search","2026-10-07T11:21:38.145658+00:00"
"2023-06-18","smart cat feeder","0","0","audit_b_5y","diagnostic","cat","false","audit_b_5y","false","AU","Web Search","2026-10-07T11:21:38.145658+00:00"
"2023-06-25","smart cat feeder","0","0","audit_b_5y","diagnostic","cat","false","audit_b_5y","false","AU","Web Search","2026-10-07T11:21:38.145658+00:00"
"2023-07-02","smart cat feeder","0","0","audit_b_5y","diagnostic","cat","false","audit_b_5y","false","AU","Web Search","2026-10-07T11:21:38.145658+00:00"
"2023-07-09","smart cat feeder","0","0","audit_b_5y","diagnostic","cat","false","audit_b_5y","false","AU","Web Search","2026-10-07T11:21:38.145658+00:00"
"2023-07-16","smart cat feeder","0","0","audit_b_5y","diagnostic","cat","false","audit_b_5y","false","AU","Web Search","2026-10-07T11:21:38.145658+00:00"
"2023-07-23","smart cat feeder","0","0","audit_b_5y","diagnostic","cat","false","audit_b_5y","false","AU","Web Search","2026-10-07T11:21:38.145658+00:00"
"2023-07-30","smart cat feeder","0","0","audit_b_5y","diagnostic","cat","false","audit_b_5y","false","AU","Web Search","2026-10-07T11:21:38.145658+00:00"
"2023-08-06","smart cat feeder","0","0","audit_b_5y","diagnostic","cat","false","audit_b_5y","false","AU","Web Search","2026-10-07T11:21:38.145658+00:00"
"2023-08-13","smart cat feeder","0","0","audit_b_5y","diagnostic","cat","false","audit_b_5y","false","AU","Web Search","2026-10-07T11:21:38.145658+00:00"
"2023-08-20","smart cat feeder","0","0","audit_b_5y","diagnostic","cat","false","audit_b_5y","false","AU","Web Search","2026-10-07T11:21:38.145658+00:00"
"2023-08-27","smart cat feeder","0","0","audit_b_5y","diagnostic","cat","false","audit_b_5y","false","AU","Web Search","2026-10-07T11:21:38.145658+00:00"
"2023-09-03","smart cat feeder","0","0","audit_b_5y","diagnostic","cat","false","audit_b_5y","false","AU","Web Search","2026-10-07T11:21:38.145658+00:00"
"2023-09-10","smart cat feeder","0","0","audit_b_5y","diagnostic","cat","false","audit_b_5y","false","AU","Web Search","2026-10-07T11:21:38.145658+00:00"
"2023-09-17","smart cat feeder","0","0","audit_b_5y","diagnostic","cat","false","audit_b_5y","false","AU","Web Search","2026-10-07T11:21:38.145658+00:00"
"2023-09-24","smart cat feeder","0","0","audit_b_5y","diagnostic","cat","false","audit_b_5y","false","AU","Web Search","2026-10-07T11:21:38.145658+00:00"
"2023-10-01","smart cat feeder","0","0","audit_b_5y","diagnostic","cat","false","audit_b_5y","false","AU","Web Search","2026-10-07T11:21:38.145658+00:00"
"2023-10-08","smart cat feeder","0","0","audit_b_5y","diagnostic","cat","false","audit_b_5y","false","AU","Web Search","2026-10-07T11:21:38.145658+00:00"
"2023-10-15","smart cat feeder","0","0","audit_b_5y","diagnostic","cat","false","audit_b_5y","false","AU","Web Search","2026-10-07T11:21:38.145658+00:00"
"2023-10-22","smart cat feeder","0","0","audit_b_5y","diagnostic","cat","false","audit_b_5y","false","AU","Web Search","2026-10-07T11:21:38.145658+00:00"
"2023-10-29","smart cat feeder","0","0","audit_b_5y","diagnostic","cat","false","audit_b_5y","false","AU","Web Search","2026-10-07T11:21:38.145658+00:00"
"2023-11-05","smart cat feeder","0","0","audit_b_5y","diagnostic","cat","false","audit_b_5y","false","AU","Web Search","2026-10-07T11:21:38.145658+00:00"
"2023-11-12","smart cat feeder","0","0","audit_b_5y","diagnostic","cat","false","audit_b_5y","false","AU","Web Search","2026-10-07T11:21:38.145658+00:00"
"2023-11-19","smart cat feeder","0","0","audit_b_5y","diagnostic","cat","false","audit_b_5y","false","AU","Web Search","2026-10-07T11:21:38.145658+00:00"
"2023-11-26","smart cat feeder","0","0","audit_b_5y","diagnostic","cat","false","audit_b_5y","false","AU","Web Search","2026-10-07T11:21:38.145658+00:00"
"2023-12-03","smart cat feeder","16","4","audit_b_5y","diagnostic","cat","false","audit_b_5y","false","AU","Web Search","2026-10-07T11:21:38.145658+00:00"
"2023-12-10","smart cat feeder","0","4","audit_b_5y","diagnostic","cat","false","audit_b_5y","false","AU","Web Search","2026-10-07T11:21:38.145658+00:00"
"2023-12-17","smart cat feeder","0","4","audit_b_5y","diagnostic","cat","false","audit_b_5y","false","AU","Web Search","2026-10-07T11:21:38.145658+00:00"
"2023-12-24","smart cat feeder","0","4","audit_b_5y","diagnostic","cat","false","audit_b_5y","false","AU","Web Search","2026-10-07T11:21:38.145658+00:00"
"2023-12-31","smart cat feeder","0","0","audit_b_5y","diagnostic","cat","false","audit_b_5y","false","AU","Web Search","2026-10-07T11:21:38.145658+00:00"
"2024-01-07","smart cat feeder","0","0","audit_b_5y","diagnostic","cat","false","audit_b_5y","false","AU","Web Search","2026-10-07T11:21:38.145658+00:00"
"2024-01-14","smart cat feeder","0","0","audit_b_5y","diagnostic","cat","false","audit_b_5y","false","AU","Web Search","2026-10-07T11:21:38.145658+00:00"
"2024-01-21","smart cat feeder","0","0","audit_b_5y","diagnostic","cat","false","audit_b_5y","false","AU","Web Search","2026-10-07T11:21:38.145658+00:00"
"2024-01-28","smart cat feeder","0","0","audit_b_5y","diagnostic","cat","false","audit_b_5y","false","AU","Web Search","2026-10-07T11:21:38.145658+00:00"
"2024-02-04","smart cat feeder","0","0","audit_b_5y","diagnostic","cat","false","audit_b_5y","false","AU","Web Search","2026-10-07T11:21:38.145658+00:00"
"2024-02-11","smart cat feeder","0","0","audit_b_5y","diagnostic","cat","false","audit_b_5y","false","AU","Web Search","2026-10-07T11:21:38.145658+00:00"
"2024-02-18","smart cat feeder","0","0","audit_b_5y","diagnostic","cat","false","audit_b_5y","false","AU","Web Search","2026-10-07T11:21:38.145658+00:00"
"2024-02-25","smart cat feeder","0","0","audit_b_5y","diagnostic","cat","false","audit_b_5y","false","AU","Web Search","2026-10-07T11:21:38.145658+00:00"
"2024-03-03","smart cat feeder","0","0","audit_b_5y","diagnostic","cat","false","audit_b_5y","false","AU","Web Search","2026-10-07T11:21:38.145658+00:00"
"2024-03-10","smart cat feeder","0","0","audit_b_5y","diagnostic","cat","false","audit_b_5y","false","AU","Web Search","2026-10-07T11:21:38.145658+00:00"
"2024-03-17","smart cat feeder","0","0","audit_b_5y","diagnostic","cat","false","audit_b_5y","false","AU","Web Search","2026-10-07T11:21:38.145658+00:00"
"2024-03-24","smart cat feeder","0","0","audit_b_5y","diagnostic","cat","false","audit_b_5y","false","AU","Web Search","2026-10-07T11:21:38.145658+00:00"
"2024-03-31","smart cat feeder","0","0","audit_b_5y","diagnostic","cat","false","audit_b_5y","false","AU","Web Search","2026-10-07T11:21:38.145658+00:00"
"2024-04-07","smart cat feeder","0","0","audit_b_5y","diagnostic","cat","false","audit_b_5y","false","AU","Web Search","2026-10-07T11:21:38.145658+00:00"
"2024-04-14","smart cat feeder","0","0","audit_b_5y","diagnostic","cat","false","audit_b_5y","false","AU","Web Search","2026-10-07T11:21:38.145658+00:00"
"2024-04-21","smart cat feeder","0","0","audit_b_5y","diagnostic","cat","false","audit_b_5y","false","AU","Web Search","2026-10-07T11:21:38.145658+00:00"
"2024-04-28","smart cat feeder","0","0","audit_b_5y","diagnostic","cat","false","audit_b_5y","false","AU","Web Search","2026-10-07T11:21:38.145658+00:00"
"2024-05-05","smart cat feeder","0","0","audit_b_5y","diagnostic","cat","false","audit_b_5y","false","AU","Web Search","2026-10-07T11:21:38.145658+00:00"
"2024-05-12","smart cat feeder","0","0","audit_b_5y","diagnostic","cat","false","audit_b_5y","false","AU","Web Search","2026-10-07T11:21:38.145658+00:00"
"2024-05-19","smart cat feeder","0","0","audit_b_5y","diagnostic","cat","false","audit_b_5y","false","AU","Web Search","2026-10-07T11:21:38.145658+00:00"
"2024-05-26","smart cat feeder","0","0","audit_b_5y","diagnostic","cat","false","audit_b_5y","false","AU","Web Search","2026-10-07T11:21:38.145658+00:00"
"2024-06-02","smart cat feeder","0","0","audit_b_5y","diagnostic","cat","false","audit_b_5y","false","AU","Web Search","2026-10-07T11:21:38.145658+00:00"
"2024-06-09","smart cat feeder","0","0","audit_b_5y","diagnostic","cat","false","audit_b_5y","false","AU","Web Search","2026-10-07T11:21:38.145658+00:00"
"2024-06-16","smart cat feeder","0","0","audit_b_5y","diagnostic","cat","false","audit_b_5y","false","AU","Web Search","2026-10-07T11:21:38.145658+00:00"
"2024-06-23","smart cat feeder","0","0","audit_b_5y","diagnostic","cat","false","audit_b_5y","false","AU","Web Search","2026-10-07T11:21:38.145658+00:00"
"2024-06-30","smart cat feeder","0","0","audit_b_5y","diagnostic","cat","false","audit_b_5y","false","AU","Web Search","2026-10-07T11:21:38.145658+00:00"
"2024-07-07","smart cat feeder","0","0","audit_b_5y","diagnostic","cat","false","audit_b_5y","false","AU","Web Search","2026-10-07T11:21:38.145658+00:00"
"2024-07-14","smart cat feeder","0","0","audit_b_5y","diagnostic","cat","false","audit_b_5y","false","AU","Web Search","2026-10-07T11:21:38.145658+00:00"
"2024-07-21","smart cat feeder","0","0","audit_b_5y","diagnostic","cat","false","audit_b_5y","false","AU","Web Search","2026-10-07T11:21:38.145658+00:00"
"2024-07-28","smart cat feeder","0","0","audit_b_5y","diagnostic","cat","false","audit_b_5y","false","AU","Web Search","2026-10-07T11:21:38.145658+00:00"
"2024-08-04","smart cat feeder","0","0","audit_b_5y","diagnostic","cat","false","audit_b_5y","false","AU","Web Search","2026-10-07T11:21:38.145658+00:00"
"2024-08-11","smart cat feeder","0","0","audit_b_5y","diagnostic","cat","false","audit_b_5y","false","AU","Web Search","2026-10-07T11:21:38.145658+00:00"
"2024-08-18","smart cat feeder","0","0","audit_b_5y","diagnostic","cat","false","audit_b_5y","false","AU","Web Search","2026-10-07T11:21:38.145658+00:00"
"2024-08-25","smart cat feeder","0","0","audit_b_5y","diagnostic","cat","false","audit_b_5y","false","AU","Web Search","2026-10-07T11:21:38.145658+00:00"
"2024-09-01","smart cat feeder","0","0","audit_b_5y","diagnostic","cat","false","audit_b_5y","false","AU","Web Search","2026-10-07T11:21:38.145658+00:00"
"2024-09-08","smart cat feeder","0","0","audit_b_5y","diagnostic","cat","false","audit_b_5y","false","AU","Web Search","2026-10-07T11:21:38.145658+00:00"
"2024-09-15","smart cat feeder","15","3.75","audit_b_5y","diagnostic","cat","false","audit_b_5y","false","AU","Web Search","2026-10-07T11:21:38.145658+00:00"
"2024-09-22","smart cat feeder","0","3.75","audit_b_5y","diagnostic","cat","false","audit_b_5y","false","AU","Web Search","2026-10-07T11:21:38.145658+00:00"
"2024-09-29","smart cat feeder","0","3.75","audit_b_5y","diagnostic","cat","false","audit_b_5y","false","AU","Web Search","2026-10-07T11:21:38.145658+00:00"
"2024-10-06","smart cat feeder","0","3.75","audit_b_5y","diagnostic","cat","false","audit_b_5y","false","AU","Web Search","2026-10-07T11:21:38.145658+00:00"
"2024-10-13","smart cat feeder","0","0","audit_b_5y","diagnostic","cat","false","audit_b_5y","false","AU","Web Search","2026-10-07T11:21:38.145658+00:00"
"2024-10-20","smart cat feeder","0","0","audit_b_5y","diagnostic","cat","false","audit_b_5y","false","AU","Web Search","2026-10-07T11:21:38.145658+00:00"
"2024-10-27","smart cat feeder","0","0","audit_b_5y","diagnostic","cat","false","audit_b_5y","false","AU","Web Search","2026-10-07T11:21:38.145658+00:00"
"2024-11-03","smart cat feeder","0","0","audit_b_5y","diagnostic","cat","false","audit_b_5y","false","AU","Web Search","2026-10-07T11:21:38.145658+00:00"
"2024-11-10","smart cat feeder","0","0","audit_b_5y","diagnostic","cat","false","audit_b_5y","false","AU","Web Search","2026-10-07T11:21:38.145658+00:00"
"2024-11-17","smart cat feeder","0","0","audit_b_5y","diagnostic","cat","false","audit_b_5y","false","AU","Web Search","2026-10-07T11:21:38.145658+00:00"
"2024-11-24","smart cat feeder","0","0","audit_b_5y","diagnostic","cat","false","audit_b_5y","false","AU","Web Search","2026-10-07T11:21:38.145658+00:00"
"2024-12-01","smart cat feeder","0","0","audit_b_5y","diagnostic","cat","false","audit_b_5y","false","AU","Web Search","2026-10-07T11:21:38.145658+00:00"
"2024-12-08","smart cat feeder","0","0","audit_b_5y","diagnostic","cat","false","audit_b_5y","false","AU","Web Search","2026-10-07T11:21:38.145658+00:00"
"2024-12-15","smart cat feeder","0","0","audit_b_5y","diagnostic","cat","false","audit_b_5y","false","AU","Web Search","2026-10-07T11:21:38.145658+00:00"
"2024-12-22","smart cat feeder","0","0","audit_b_5y","diagnostic","cat","false","audit_b_5y","false","AU","Web Search","2026-10-07T11:21:38.145658+00:00"
"2024-12-29","smart cat feeder","0","0","audit_b_5y","diagnostic","cat","false","audit_b_5y","false","AU","Web Search","2026-10-07T11:21:38.145658+00:00"
"2025-01-05","smart cat feeder","0","0","audit_b_5y","diagnostic","cat","false","audit_b_5y","false","AU","Web Search","2026-10-07T11:21:38.145658+00:00"
"2025-01-12","smart cat feeder","0","0","audit_b_5y","diagnostic","cat","false","audit_b_5y","false","AU","Web Search","2026-10-07T11:21:38.145658+00:00"
"2025-01-19","smart cat feeder","0","0","audit_b_5y","diagnostic","cat","false","audit_b_5y","false","AU","Web Search","2026-10-07T11:21:38.145658+00:00"
"2025-01-26","smart cat feeder","0","0","audit_b_5y","diagnostic","cat","false","audit_b_5y","false","AU","Web Search","2026-10-07T11:21:38.145658+00:00"
"2025-02-02","smart cat feeder","0","0","audit_b_5y","diagnostic","cat","false","audit_b_5y","false","AU","Web Search","2026-10-07T11:21:38.145658+00:00"
"2025-02-09","smart cat feeder","0","0","audit_b_5y","diagnostic","cat","false","audit_b_5y","false","AU","Web Search","2026-10-07T11:21:38.145658+00:00"
"2025-02-16","smart cat feeder","0","0","audit_b_5y","diagnostic","cat","false","audit_b_5y","false","AU","Web Search","2026-10-07T11:21:38.145658+00:00"
"2025-02-23","smart cat feeder","0","0","audit_b_5y","diagnostic","cat","false","audit_b_5y","false","AU","Web Search","2026-10-07T11:21:38.145658+00:00"
"2025-03-02","smart cat feeder","0","0","audit_b_5y","diagnostic","cat","false","audit_b_5y","false","AU","Web Search","2026-10-07T11:21:38.145658+00:00"
"2025-03-09","smart cat feeder","0","0","audit_b_5y","diagnostic","cat","false","audit_b_5y","false","AU","Web Search","2026-10-07T11:21:38.145658+00:00"
"2025-03-16","smart cat feeder","0","0","audit_b_5y","diagnostic","cat","false","audit_b_5y","false","AU","Web Search","2026-10-07T11:21:38.145658+00:00"
"2025-03-23","smart cat feeder","0","0","audit_b_5y","diagnostic","cat","false","audit_b_5y","false","AU","Web Search","2026-10-07T11:21:38.145658+00:00"
"2025-03-30","smart cat feeder","0","0","audit_b_5y","diagnostic","cat","false","audit_b_5y","false","AU","Web Search","2026-10-07T11:21:38.145658+00:00"
"2025-04-06","smart cat feeder","0","0","audit_b_5y","diagnostic","cat","false","audit_b_5y","false","AU","Web Search","2026-10-07T11:21:38.145658+00:00"
"2025-04-13","smart cat feeder","0","0","audit_b_5y","diagnostic","cat","false","audit_b_5y","false","AU","Web Search","2026-10-07T11:21:38.145658+00:00"
"2025-04-20","smart cat feeder","0","0","audit_b_5y","diagnostic","cat","false","audit_b_5y","false","AU","Web Search","2026-10-07T11:21:38.145658+00:00"
"2025-04-27","smart cat feeder","0","0","audit_b_5y","diagnostic","cat","false","audit_b_5y","false","AU","Web Search","2026-10-07T11:21:38.145658+00:00"
"2025-05-04","smart cat feeder","0","0","audit_b_5y","diagnostic","cat","false","audit_b_5y","false","AU","Web Search","2026-10-07T11:21:38.145658+00:00"
"2025-05-11","smart cat feeder","0","0","audit_b_5y","diagnostic","cat","false","audit_b_5y","false","AU","Web Search","2026-10-07T11:21:38.145658+00:00"
"2025-05-18","smart cat feeder","0","0","audit_b_5y","diagnostic","cat","false","audit_b_5y","false","AU","Web Search","2026-10-07T11:21:38.145658+00:00"
"2025-05-25","smart cat feeder","0","0","audit_b_5y","diagnostic","cat","false","audit_b_5y","false","AU","Web Search","2026-10-07T11:21:38.145658+00:00"
"2025-06-01","smart cat feeder","0","0","audit_b_5y","diagnostic","cat","false","audit_b_5y","false","AU","Web Search","2026-10-07T11:21:38.145658+00:00"
"2025-06-08","smart cat feeder","0","0","audit_b_5y","diagnostic","cat","false","audit_b_5y","false","AU","Web Search","2026-10-07T11:21:38.145658+00:00"
"2025-06-15","smart cat feeder","0","0","audit_b_5y","diagnostic","cat","false","audit_b_5y","false","AU","Web Search","2026-10-07T11:21:38.145658+00:00"
"2025-06-22","smart cat feeder","0","0","audit_b_5y","diagnostic","cat","false","audit_b_5y","false","AU","Web Search","2026-10-07T11:21:38.145658+00:00"
"2025-06-29","smart cat feeder","0","0","audit_b_5y","diagnostic","cat","false","audit_b_5y","false","AU","Web Search","2026-10-07T11:21:38.145658+00:00"
"2025-07-06","smart cat feeder","0","0","audit_b_5y","diagnostic","cat","false","audit_b_5y","false","AU","Web Search","2026-10-07T11:21:38.145658+00:00"
"2025-07-13","smart cat feeder","0","0","audit_b_5y","diagnostic","cat","false","audit_b_5y","false","AU","Web Search","2026-10-07T11:21:38.145658+00:00"
"2025-07-20","smart cat feeder","0","0","audit_b_5y","diagnostic","cat","false","audit_b_5y","false","AU","Web Search","2026-10-07T11:21:38.145658+00:00"
"2025-07-27","smart cat feeder","0","0","audit_b_5y","diagnostic","cat","false","audit_b_5y","false","AU","Web Search","2026-10-07T11:21:38.145658+00:00"
"2025-08-03","smart cat feeder","0","0","audit_b_5y","diagnostic","cat","false","audit_b_5y","false","AU","Web Search","2026-10-07T11:21:38.145658+00:00"
"2025-08-10","smart cat feeder","0","0","audit_b_5y","diagnostic","cat","false","audit_b_5y","false","AU","Web Search","2026-10-07T11:21:38.145658+00:00"
"2025-08-17","smart cat feeder","0","0","audit_b_5y","diagnostic","cat","false","audit_b_5y","false","AU","Web Search","2026-10-07T11:21:38.145658+00:00"
"2025-08-24","smart cat feeder","0","0","audit_b_5y","diagnostic","cat","false","audit_b_5y","false","AU","Web Search","2026-10-07T11:21:38.145658+00:00"
"2025-08-31","smart cat feeder","0","0","audit_b_5y","diagnostic","cat","false","audit_b_5y","false","AU","Web Search","2026-10-07T11:21:38.145658+00:00"
"2025-09-07","smart cat feeder","0","0","audit_b_5y","diagnostic","cat","false","audit_b_5y","false","AU","Web Search","2026-10-07T11:21:38.145658+00:00"
"2025-09-14","smart cat feeder","0","0","audit_b_5y","diagnostic","cat","false","audit_b_5y","false","AU","Web Search","2026-10-07T11:21:38.145658+00:00"
"2025-09-21","smart cat feeder","0","0","audit_b_5y","diagnostic","cat","false","audit_b_5y","false","AU","Web Search","2026-10-07T11:21:38.145658+00:00"
"2025-09-28","smart cat feeder","0","0","audit_b_5y","diagnostic","cat","false","audit_b_5y","false","AU","Web Search","2026-10-07T11:21:38.145658+00:00"
"2025-10-05","smart cat feeder","0","0","audit_b_5y","diagnostic","cat","false","audit_b_5y","false","AU","Web Search","2026-10-07T11:21:38.145658+00:00"
"2025-10-12","smart cat feeder","0","0","audit_b_5y","diagnostic","cat","false","audit_b_5y","false","AU","Web Search","2026-10-07T11:21:38.145658+00:00"
"2025-10-19","smart cat feeder","0","0","audit_b_5y","diagnostic","cat","false","audit_b_5y","false","AU","Web Search","2026-10-07T11:21:38.145658+00:00"
"2025-10-26","smart cat feeder","0","0","audit_b_5y","diagnostic","cat","false","audit_b_5y","false","AU","Web Search","2026-10-07T11:21:38.145658+00:00"
"2025-11-02","smart cat feeder","0","0","audit_b_5y","diagnostic","cat","false","audit_b_5y","false","AU","Web Search","2026-10-07T11:21:38.145658+00:00"
"2025-11-09","smart cat feeder","16","4","audit_b_5y","diagnostic","cat","false","audit_b_5y","false","AU","Web Search","2026-10-07T11:21:38.145658+00:00"
"2025-11-16","smart cat feeder","0","4","audit_b_5y","diagnostic","cat","false","audit_b_5y","false","AU","Web Search","2026-10-07T11:21:38.145658+00:00"
"2025-11-23","smart cat feeder","0","4","audit_b_5y","diagnostic","cat","false","audit_b_5y","false","AU","Web Search","2026-10-07T11:21:38.145658+00:00"
"2025-11-30","smart cat feeder","0","4","audit_b_5y","diagnostic","cat","false","audit_b_5y","false","AU","Web Search","2026-10-07T11:21:38.145658+00:00"
"2025-12-07","smart cat feeder","0","0","audit_b_5y","diagnostic","cat","false","audit_b_5y","false","AU","Web Search","2026-10-07T11:21:38.145658+00:00"
"2025-12-14","smart cat feeder","0","0","audit_b_5y","diagnostic","cat","false","audit_b_5y","false","AU","Web Search","2026-10-07T11:21:38.145658+00:00"
"2025-12-21","smart cat feeder","0","0","audit_b_5y","diagnostic","cat","false","audit_b_5y","false","AU","Web Search","2026-10-07T11:21:38.145658+00:00"
"2025-12-28","smart cat feeder","0","0","audit_b_5y","diagnostic","cat","false","audit_b_5y","false","AU","Web Search","2026-10-07T11:21:38.145658+00:00"
"2026-01-04","smart cat feeder","0","0","audit_b_5y","diagnostic","cat","false","audit_b_5y","false","AU","Web Search","2026-10-07T11:21:38.145658+00:00"
"2026-01-11","smart cat feeder","0","0","audit_b_5y","diagnostic","cat","false","audit_b_5y","false","AU","Web Search","2026-10-07T11:21:38.145658+00:00"
"2026-01-18","smart cat feeder","0","0","audit_b_5y","diagnostic","cat","false","audit_b_5y","false","AU","Web Search","2026-10-07T11:21:38.145658+00:00"
"2026-01-25","smart cat feeder","0","0","audit_b_5y","diagnostic","cat","false","audit_b_5y","false","AU","Web Search","2026-10-07T11:21:38.145658+00:00"
"2026-02-01","smart cat feeder","0","0","audit_b_5y","diagnostic","cat","false","audit_b_5y","false","AU","Web Search","2026-10-07T11:21:38.145658+00:00"
"2026-02-08","smart cat feeder","0","0","audit_b_5y","diagnostic","cat","false","audit_b_5y","false","AU","Web Search","2026-10-07T11:21:38.145658+00:00"
"2026-02-15","smart cat feeder","0","0","audit_b_5y","diagnostic","cat","false","audit_b_5y","false","AU","Web Search","2026-10-07T11:21:38.145658+00:00"
"2026-02-22","smart cat feeder","0","0","audit_b_5y","diagnostic","cat","false","audit_b_5y","false","AU","Web Search","2026-10-07T11:21:38.145658+00:00"
"2026-03-01","smart cat feeder","0","0","audit_b_5y","diagnostic","cat","false","audit_b_5y","false","AU","Web Search","2026-10-07T11:21:38.145658+00:00"
"2026-03-08","smart cat feeder","0","0","audit_b_5y","diagnostic","cat","false","audit_b_5y","false","AU","Web Search","2026-10-07T11:21:38.145658+00:00"
"2026-03-15","smart cat feeder","0","0","audit_b_5y","diagnostic","cat","false","audit_b_5y","false","AU","Web Search","2026-10-07T11:21:38.145658+00:00"
"2026-03-22","smart cat feeder","0","0","audit_b_5y","diagnostic","cat","false","audit_b_5y","false","AU","Web Search","2026-10-07T11:21:38.145658+00:00"
"2026-03-29","smart cat feeder","0","0","audit_b_5y","diagnostic","cat","false","audit_b_5y","false","AU","Web Search","2026-10-07T11:21:38.145658+00:00"
"2026-04-05","smart cat feeder","0","0","audit_b_5y","diagnostic","cat","false","audit_b_5y","false","AU","Web Search","2026-10-07T11:21:38.145658+00:00"
"2026-04-12","smart cat feeder","0","0","audit_b_5y","diagnostic","cat","false","audit_b_5y","false","AU","Web Search","2026-10-07T11:21:38.145658+00:00"
"2026-04-19","smart cat feeder","0","0","audit_b_5y","diagnostic","cat","false","audit_b_5y","false","AU","Web Search","2026-10-07T11:21:38.145658+00:00"
"2026-04-26","smart cat feeder","0","0","audit_b_5y","diagnostic","cat","false","audit_b_5y","false","AU","Web Search","2026-10-07T11:21:38.145658+00:00"
"2026-05-03","smart cat feeder","0","0","audit_b_5y","diagnostic","cat","false","audit_b_5y","false","AU","Web Search","2026-10-07T11:21:38.145658+00:00"
"2026-05-10","smart cat feeder","0","0","audit_b_5y","diagnostic","cat","false","audit_b_5y","false","AU","Web Search","2026-10-07T11:21:38.145658+00:00"
"2026-05-17","smart cat feeder","0","0","audit_b_5y","diagnostic","cat","false","audit_b_5y","false","AU","Web Search","2026-10-07T11:21:38.145658+00:00"
"2026-05-24","smart cat feeder","0","0","audit_b_5y","diagnostic","cat","false","audit_b_5y","false","AU","Web Search","2026-10-07T11:21:38.145658+00:00"
"2026-05-31","smart cat feeder","0","0","audit_b_5y","diagnostic","cat","false","audit_b_5y","false","AU","Web Search","2026-10-07T11:21:38.145658+00:00"
"2026-06-07","smart cat feeder","0","0","audit_b_5y","diagnostic","cat","false","audit_b_5y","false","AU","Web Search","2026-10-07T11:21:38.145658+00:00"
"2026-06-14","smart cat feeder","0","0","audit_b_5y","diagnostic","cat","false","audit_b_5y","false","AU","Web Search","2026-10-07T11:21:38.145658+00:00"
"2026-06-21","smart cat feeder","0","0","audit_b_5y","diagnostic","cat","false","audit_b_5y","false","AU","Web Search","2026-10-07T11:21:38.145658+00:00"
"2026-06-28","smart cat feeder","0","0","audit_b_5y","diagnostic","cat","false","audit_b_5y","false","AU","Web Search","2026-10-07T11:21:38.145658+00:00"
"2026-07-05","smart cat feeder","0","0","audit_b_5y","diagnostic","cat","false","audit_b_5y","false","AU","Web Search","2026-10-07T11:21:38.145658+00:00"
"2026-07-12","smart cat feeder","0","0","audit_b_5y","diagnostic","cat","false","audit_b_5y","false","AU","Web Search","2026-10-07T11:21:38.145658+00:00"
"2026-07-19","smart cat feeder","0","0","audit_b_5y","diagnostic","cat","false","audit_b_5y","false","AU","Web Search","2026-10-07T11:21:38.145658+00:00"
"2026-07-26","smart cat feeder","0","0","audit_b_5y","diagnostic","cat","false","audit_b_5y","false","AU","Web Search","2026-10-07T11:21:38.145658+00:00"
"2026-08-02","smart cat feeder","0","0","audit_b_5y","diagnostic","cat","false","audit_b_5y","false","AU","Web Search","2026-10-07T11:21:38.145658+00:00"
"2026-08-09","smart cat feeder","0","0","audit_b_5y","diagnostic","cat","false","audit_b_5y","false","AU","Web Search","2026-10-07T11:21:38.145658+00:00"
"2026-08-16","smart cat feeder","0","0","audit_b_5y","diagnostic","cat","false","audit_b_5y","false","AU","Web Search","2026-10-07T11:21:38.145658+00:00"
"2026-08-23","smart cat feeder","0","0","audit_b_5y","diagnostic","cat","false","audit_b_5y","false","AU","Web Search","2026-10-07T11:21:38.145658+00:00"
"2026-08-30","smart cat feeder","0","0","audit_b_5y","diagnostic","cat","false","audit_b_5y","false","AU","Web Search","2026-10-07T11:21:38.145658+00:00"
"2026-09-06","smart cat feeder","0","0","audit_b_5y","diagnostic","cat","false","audit_b_5y","false","AU","Web Search","2026-10-07T11:21:38.145658+00:00"
"2026-09-13","smart cat feeder","0","0","audit_b_5y","diagnostic","cat","false","audit_b_5y","false","AU","Web Search","2026-10-07T11:21:38.145658+00:00"
"2026-09-20","smart cat feeder","3","0.75","audit_b_5y","diagnostic","cat","false","audit_b_5y","false","AU","Web Search","2026-10-07T11:21:38.145658+00:00"
"2026-09-27","smart cat feeder","3","1.5","audit_b_5y","diagnostic","cat","false","audit_b_5y","false","AU","Web Search","2026-10-07T11:21:38.145658+00:00"
"2026-10-04","smart cat feeder","3","2.25","audit_b_5y","diagnostic","cat","false","audit_b_5y","true","AU","Web Search","2026-10-07T11:21:38.145658+00:00"
"2021-10-03","smart dog feeder","0",,"audit_b_5y","diagnostic","dog","false","audit_b_5y","true","AU","Web Search","2026-10-07T11:21:38.145658+00:00"
"2021-10-10","smart dog feeder","0",,"audit_b_5y","diagnostic","dog","false","audit_b_5y","false","AU","Web Search","2026-10-07T11:21:38.145658+00:00"
"2021-10-17","smart dog feeder","0",,"audit_b_5y","diagnostic","dog","false","audit_b_5y","false","AU","Web Search","2026-10-07T11:21:38.145658+00:00"
"2021-10-24","smart dog feeder","0","0","audit_b_5y","diagnostic","dog","false","audit_b_5y","false","AU","Web Search","2026-10-07T11:21:38.145658+00:00"
"2021-10-31","smart dog feeder","0","0","audit_b_5y","diagnostic","dog","false","audit_b_5y","false","AU","Web Search","2026-10-07T11:21:38.145658+00:00"
"2021-11-07","smart dog feeder","0","0","audit_b_5y","diagnostic","dog","false","audit_b_5y","false","AU","Web Search","2026-10-07T11:21:38.145658+00:00"
"2021-11-14","smart dog feeder","0","0","audit_b_5y","diagnostic","dog","false","audit_b_5y","false","AU","Web Search","2026-10-07T11:21:38.145658+00:00"
"2021-11-21","smart dog feeder","0","0","audit_b_5y","diagnostic","dog","false","audit_b_5y","false","AU","Web Search","2026-10-07T11:21:38.145658+00:00"
"2021-11-28","smart dog feeder","0","0","audit_b_5y","diagnostic","dog","false","audit_b_5y","false","AU","Web Search","2026-10-07T11:21:38.145658+00:00"
"2021-12-05","smart dog feeder","0","0","audit_b_5y","diagnostic","dog","false","audit_b_5y","false","AU","Web Search","2026-10-07T11:21:38.145658+00:00"
"2021-12-12","smart dog feeder","0","0","audit_b_5y","diagnostic","dog","false","audit_b_5y","false","AU","Web Search","2026-10-07T11:21:38.145658+00:00"
"2021-12-19","smart dog feeder","0","0","audit_b_5y","diagnostic","dog","false","audit_b_5y","false","AU","Web Search","2026-10-07T11:21:38.145658+00:00"
"2021-12-26","smart dog feeder","0","0","audit_b_5y","diagnostic","dog","false","audit_b_5y","false","AU","Web Search","2026-10-07T11:21:38.145658+00:00"
"2022-01-02","smart dog feeder","0","0","audit_b_5y","diagnostic","dog","false","audit_b_5y","false","AU","Web Search","2026-10-07T11:21:38.145658+00:00"
"2022-01-09","smart dog feeder","0","0","audit_b_5y","diagnostic","dog","false","audit_b_5y","false","AU","Web Search","2026-10-07T11:21:38.145658+00:00"
"2022-01-16","smart dog feeder","0","0","audit_b_5y","diagnostic","dog","false","audit_b_5y","false","AU","Web Search","2026-10-07T11:21:38.145658+00:00"
"2022-01-23","smart dog feeder","0","0","audit_b_5y","diagnostic","dog","false","audit_b_5y","false","AU","Web Search","2026-10-07T11:21:38.145658+00:00"
"2022-01-30","smart dog feeder","0","0","audit_b_5y","diagnostic","dog","false","audit_b_5y","false","AU","Web Search","2026-10-07T11:21:38.145658+00:00"
"2022-02-06","smart dog feeder","0","0","audit_b_5y","diagnostic","dog","false","audit_b_5y","false","AU","Web Search","2026-10-07T11:21:38.145658+00:00"
"2022-02-13","smart dog feeder","0","0","audit_b_5y","diagnostic","dog","false","audit_b_5y","false","AU","Web Search","2026-10-07T11:21:38.145658+00:00"
"2022-02-20","smart dog feeder","0","0","audit_b_5y","diagnostic","dog","false","audit_b_5y","false","AU","Web Search","2026-10-07T11:21:38.145658+00:00"
"2022-02-27","smart dog feeder","0","0","audit_b_5y","diagnostic","dog","false","audit_b_5y","false","AU","Web Search","2026-10-07T11:21:38.145658+00:00"
"2022-03-06","smart dog feeder","0","0","audit_b_5y","diagnostic","dog","false","audit_b_5y","false","AU","Web Search","2026-10-07T11:21:38.145658+00:00"
"2022-03-13","smart dog feeder","0","0","audit_b_5y","diagnostic","dog","false","audit_b_5y","false","AU","Web Search","2026-10-07T11:21:38.145658+00:00"
"2022-03-20","smart dog feeder","0","0","audit_b_5y","diagnostic","dog","false","audit_b_5y","false","AU","Web Search","2026-10-07T11:21:38.145658+00:00"
"2022-03-27","smart dog feeder","0","0","audit_b_5y","diagnostic","dog","false","audit_b_5y","false","AU","Web Search","2026-10-07T11:21:38.145658+00:00"
"2022-04-03","smart dog feeder","0","0","audit_b_5y","diagnostic","dog","false","audit_b_5y","false","AU","Web Search","2026-10-07T11:21:38.145658+00:00"
"2022-04-10","smart dog feeder","0","0","audit_b_5y","diagnostic","dog","false","audit_b_5y","false","AU","Web Search","2026-10-07T11:21:38.145658+00:00"
"2022-04-17","smart dog feeder","0","0","audit_b_5y","diagnostic","dog","false","audit_b_5y","false","AU","Web Search","2026-10-07T11:21:38.145658+00:00"
"2022-04-24","smart dog feeder","0","0","audit_b_5y","diagnostic","dog","false","audit_b_5y","false","AU","Web Search","2026-10-07T11:21:38.145658+00:00"
"2022-05-01","smart dog feeder","0","0","audit_b_5y","diagnostic","dog","false","audit_b_5y","false","AU","Web Search","2026-10-07T11:21:38.145658+00:00"
"2022-05-08","smart dog feeder","0","0","audit_b_5y","diagnostic","dog","false","audit_b_5y","false","AU","Web Search","2026-10-07T11:21:38.145658+00:00"
"2022-05-15","smart dog feeder","0","0","audit_b_5y","diagnostic","dog","false","audit_b_5y","false","AU","Web Search","2026-10-07T11:21:38.145658+00:00"
"2022-05-22","smart dog feeder","0","0","audit_b_5y","diagnostic","dog","false","audit_b_5y","false","AU","Web Search","2026-10-07T11:21:38.145658+00:00"
"2022-05-29","smart dog feeder","0","0","audit_b_5y","diagnostic","dog","false","audit_b_5y","false","AU","Web Search","2026-10-07T11:21:38.145658+00:00"
"2022-06-05","smart dog feeder","0","0","audit_b_5y","diagnostic","dog","false","audit_b_5y","false","AU","Web Search","2026-10-07T11:21:38.145658+00:00"
"2022-06-12","smart dog feeder","0","0","audit_b_5y","diagnostic","dog","false","audit_b_5y","false","AU","Web Search","2026-10-07T11:21:38.145658+00:00"
"2022-06-19","smart dog feeder","0","0","audit_b_5y","diagnostic","dog","false","audit_b_5y","false","AU","Web Search","2026-10-07T11:21:38.145658+00:00"
"2022-06-26","smart dog feeder","0","0","audit_b_5y","diagnostic","dog","false","audit_b_5y","false","AU","Web Search","2026-10-07T11:21:38.145658+00:00"
"2022-07-03","smart dog feeder","0","0","audit_b_5y","diagnostic","dog","false","audit_b_5y","false","AU","Web Search","2026-10-07T11:21:38.145658+00:00"
"2022-07-10","smart dog feeder","0","0","audit_b_5y","diagnostic","dog","false","audit_b_5y","false","AU","Web Search","2026-10-07T11:21:38.145658+00:00"
"2022-07-17","smart dog feeder","0","0","audit_b_5y","diagnostic","dog","false","audit_b_5y","false","AU","Web Search","2026-10-07T11:21:38.145658+00:00"
"2022-07-24","smart dog feeder","0","0","audit_b_5y","diagnostic","dog","false","audit_b_5y","false","AU","Web Search","2026-10-07T11:21:38.145658+00:00"
"2022-07-31","smart dog feeder","0","0","audit_b_5y","diagnostic","dog","false","audit_b_5y","false","AU","Web Search","2026-10-07T11:21:38.145658+00:00"
"2022-08-07","smart dog feeder","0","0","audit_b_5y","diagnostic","dog","false","audit_b_5y","false","AU","Web Search","2026-10-07T11:21:38.145658+00:00"
"2022-08-14","smart dog feeder","0","0","audit_b_5y","diagnostic","dog","false","audit_b_5y","false","AU","Web Search","2026-10-07T11:21:38.145658+00:00"
"2022-08-21","smart dog feeder","0","0","audit_b_5y","diagnostic","dog","false","audit_b_5y","false","AU","Web Search","2026-10-07T11:21:38.145658+00:00"
"2022-08-28","smart dog feeder","0","0","audit_b_5y","diagnostic","dog","false","audit_b_5y","false","AU","Web Search","2026-10-07T11:21:38.145658+00:00"
"2022-09-04","smart dog feeder","0","0","audit_b_5y","diagnostic","dog","false","audit_b_5y","false","AU","Web Search","2026-10-07T11:21:38.145658+00:00"
"2022-09-11","smart dog feeder","0","0","audit_b_5y","diagnostic","dog","false","audit_b_5y","false","AU","Web Search","2026-10-07T11:21:38.145658+00:00"
"2022-09-18","smart dog feeder","0","0","audit_b_5y","diagnostic","dog","false","audit_b_5y","false","AU","Web Search","2026-10-07T11:21:38.145658+00:00"
"2022-09-25","smart dog feeder","0","0","audit_b_5y","diagnostic","dog","false","audit_b_5y","false","AU","Web Search","2026-10-07T11:21:38.145658+00:00"
"2022-10-02","smart dog feeder","0","0","audit_b_5y","diagnostic","dog","false","audit_b_5y","false","AU","Web Search","2026-10-07T11:21:38.145658+00:00"
"2022-10-09","smart dog feeder","0","0","audit_b_5y","diagnostic","dog","false","audit_b_5y","false","AU","Web Search","2026-10-07T11:21:38.145658+00:00"
"2022-10-16","smart dog feeder","0","0","audit_b_5y","diagnostic","dog","false","audit_b_5y","false","AU","Web Search","2026-10-07T11:21:38.145658+00:00"
"2022-10-23","smart dog feeder","0","0","audit_b_5y","diagnostic","dog","false","audit_b_5y","false","AU","Web Search","2026-10-07T11:21:38.145658+00:00"
"2022-10-30","smart dog feeder","0","0","audit_b_5y","diagnostic","dog","false","audit_b_5y","false","AU","Web Search","2026-10-07T11:21:38.145658+00:00"
"2022-11-06","smart dog feeder","0","0","audit_b_5y","diagnostic","dog","false","audit_b_5y","false","AU","Web Search","2026-10-07T11:21:38.145658+00:00"
"2022-11-13","smart dog feeder","0","0","audit_b_5y","diagnostic","dog","false","audit_b_5y","false","AU","Web Search","2026-10-07T11:21:38.145658+00:00"
"2022-11-20","smart dog feeder","0","0","audit_b_5y","diagnostic","dog","false","audit_b_5y","false","AU","Web Search","2026-10-07T11:21:38.145658+00:00"
"2022-11-27","smart dog feeder","0","0","audit_b_5y","diagnostic","dog","false","audit_b_5y","false","AU","Web Search","2026-10-07T11:21:38.145658+00:00"
"2022-12-04","smart dog feeder","0","0","audit_b_5y","diagnostic","dog","false","audit_b_5y","false","AU","Web Search","2026-10-07T11:21:38.145658+00:00"
"2022-12-11","smart dog feeder","0","0","audit_b_5y","diagnostic","dog","false","audit_b_5y","false","AU","Web Search","2026-10-07T11:21:38.145658+00:00"
"2022-12-18","smart dog feeder","0","0","audit_b_5y","diagnostic","dog","false","audit_b_5y","false","AU","Web Search","2026-10-07T11:21:38.145658+00:00"
"2022-12-25","smart dog feeder","0","0","audit_b_5y","diagnostic","dog","false","audit_b_5y","false","AU","Web Search","2026-10-07T11:21:38.145658+00:00"
"2023-01-01","smart dog feeder","0","0","audit_b_5y","diagnostic","dog","false","audit_b_5y","false","AU","Web Search","2026-10-07T11:21:38.145658+00:00"
"2023-01-08","smart dog feeder","0","0","audit_b_5y","diagnostic","dog","false","audit_b_5y","false","AU","Web Search","2026-10-07T11:21:38.145658+00:00"
"2023-01-15","smart dog feeder","0","0","audit_b_5y","diagnostic","dog","false","audit_b_5y","false","AU","Web Search","2026-10-07T11:21:38.145658+00:00"
"2023-01-22","smart dog feeder","0","0","audit_b_5y","diagnostic","dog","false","audit_b_5y","false","AU","Web Search","2026-10-07T11:21:38.145658+00:00"
"2023-01-29","smart dog feeder","0","0","audit_b_5y","diagnostic","dog","false","audit_b_5y","false","AU","Web Search","2026-10-07T11:21:38.145658+00:00"
"2023-02-05","smart dog feeder","0","0","audit_b_5y","diagnostic","dog","false","audit_b_5y","false","AU","Web Search","2026-10-07T11:21:38.145658+00:00"
"2023-02-12","smart dog feeder","0","0","audit_b_5y","diagnostic","dog","false","audit_b_5y","false","AU","Web Search","2026-10-07T11:21:38.145658+00:00"
"2023-02-19","smart dog feeder","0","0","audit_b_5y","diagnostic","dog","false","audit_b_5y","false","AU","Web Search","2026-10-07T11:21:38.145658+00:00"
"2023-02-26","smart dog feeder","0","0","audit_b_5y","diagnostic","dog","false","audit_b_5y","false","AU","Web Search","2026-10-07T11:21:38.145658+00:00"
"2023-03-05","smart dog feeder","0","0","audit_b_5y","diagnostic","dog","false","audit_b_5y","false","AU","Web Search","2026-10-07T11:21:38.145658+00:00"
"2023-03-12","smart dog feeder","0","0","audit_b_5y","diagnostic","dog","false","audit_b_5y","false","AU","Web Search","2026-10-07T11:21:38.145658+00:00"
"2023-03-19","smart dog feeder","0","0","audit_b_5y","diagnostic","dog","false","audit_b_5y","false","AU","Web Search","2026-10-07T11:21:38.145658+00:00"
"2023-03-26","smart dog feeder","0","0","audit_b_5y","diagnostic","dog","false","audit_b_5y","false","AU","Web Search","2026-10-07T11:21:38.145658+00:00"
"2023-04-02","smart dog feeder","0","0","audit_b_5y","diagnostic","dog","false","audit_b_5y","false","AU","Web Search","2026-10-07T11:21:38.145658+00:00"
"2023-04-09","smart dog feeder","0","0","audit_b_5y","diagnostic","dog","false","audit_b_5y","false","AU","Web Search","2026-10-07T11:21:38.145658+00:00"
"2023-04-16","smart dog feeder","0","0","audit_b_5y","diagnostic","dog","false","audit_b_5y","false","AU","Web Search","2026-10-07T11:21:38.145658+00:00"
"2023-04-23","smart dog feeder","0","0","audit_b_5y","diagnostic","dog","false","audit_b_5y","false","AU","Web Search","2026-10-07T11:21:38.145658+00:00"
"2023-04-30","smart dog feeder","0","0","audit_b_5y","diagnostic","dog","false","audit_b_5y","false","AU","Web Search","2026-10-07T11:21:38.145658+00:00"
"2023-05-07","smart dog feeder","0","0","audit_b_5y","diagnostic","dog","false","audit_b_5y","false","AU","Web Search","2026-10-07T11:21:38.145658+00:00"
"2023-05-14","smart dog feeder","0","0","audit_b_5y","diagnostic","dog","false","audit_b_5y","false","AU","Web Search","2026-10-07T11:21:38.145658+00:00"
"2023-05-21","smart dog feeder","0","0","audit_b_5y","diagnostic","dog","false","audit_b_5y","false","AU","Web Search","2026-10-07T11:21:38.145658+00:00"
"2023-05-28","smart dog feeder","0","0","audit_b_5y","diagnostic","dog","false","audit_b_5y","false","AU","Web Search","2026-10-07T11:21:38.145658+00:00"
"2023-06-04","smart dog feeder","0","0","audit_b_5y","diagnostic","dog","false","audit_b_5y","false","AU","Web Search","2026-10-07T11:21:38.145658+00:00"
"2023-06-11","smart dog feeder","0","0","audit_b_5y","diagnostic","dog","false","audit_b_5y","false","AU","Web Search","2026-10-07T11:21:38.145658+00:00"
"2023-06-18","smart dog feeder","0","0","audit_b_5y","diagnostic","dog","false","audit_b_5y","false","AU","Web Search","2026-10-07T11:21:38.145658+00:00"
"2023-06-25","smart dog feeder","0","0","audit_b_5y","diagnostic","dog","false","audit_b_5y","false","AU","Web Search","2026-10-07T11:21:38.145658+00:00"
"2023-07-02","smart dog feeder","0","0","audit_b_5y","diagnostic","dog","false","audit_b_5y","false","AU","Web Search","2026-10-07T11:21:38.145658+00:00"
"2023-07-09","smart dog feeder","0","0","audit_b_5y","diagnostic","dog","false","audit_b_5y","false","AU","Web Search","2026-10-07T11:21:38.145658+00:00"
"2023-07-16","smart dog feeder","0","0","audit_b_5y","diagnostic","dog","false","audit_b_5y","false","AU","Web Search","2026-10-07T11:21:38.145658+00:00"
"2023-07-23","smart dog feeder","0","0","audit_b_5y","diagnostic","dog","false","audit_b_5y","false","AU","Web Search","2026-10-07T11:21:38.145658+00:00"
"2023-07-30","smart dog feeder","0","0","audit_b_5y","diagnostic","dog","false","audit_b_5y","false","AU","Web Search","2026-10-07T11:21:38.145658+00:00"
"2023-08-06","smart dog feeder","0","0","audit_b_5y","diagnostic","dog","false","audit_b_5y","false","AU","Web Search","2026-10-07T11:21:38.145658+00:00"
"2023-08-13","smart dog feeder","0","0","audit_b_5y","diagnostic","dog","false","audit_b_5y","false","AU","Web Search","2026-10-07T11:21:38.145658+00:00"
"2023-08-20","smart dog feeder","0","0","audit_b_5y","diagnostic","dog","false","audit_b_5y","false","AU","Web Search","2026-10-07T11:21:38.145658+00:00"
"2023-08-27","smart dog feeder","0","0","audit_b_5y","diagnostic","dog","false","audit_b_5y","false","AU","Web Search","2026-10-07T11:21:38.145658+00:00"
"2023-09-03","smart dog feeder","0","0","audit_b_5y","diagnostic","dog","false","audit_b_5y","false","AU","Web Search","2026-10-07T11:21:38.145658+00:00"
"2023-09-10","smart dog feeder","0","0","audit_b_5y","diagnostic","dog","false","audit_b_5y","false","AU","Web Search","2026-10-07T11:21:38.145658+00:00"
"2023-09-17","smart dog feeder","0","0","audit_b_5y","diagnostic","dog","false","audit_b_5y","false","AU","Web Search","2026-10-07T11:21:38.145658+00:00"
"2023-09-24","smart dog feeder","0","0","audit_b_5y","diagnostic","dog","false","audit_b_5y","false","AU","Web Search","2026-10-07T11:21:38.145658+00:00"
"2023-10-01","smart dog feeder","0","0","audit_b_5y","diagnostic","dog","false","audit_b_5y","false","AU","Web Search","2026-10-07T11:21:38.145658+00:00"
"2023-10-08","smart dog feeder","0","0","audit_b_5y","diagnostic","dog","false","audit_b_5y","false","AU","Web Search","2026-10-07T11:21:38.145658+00:00"
"2023-10-15","smart dog feeder","0","0","audit_b_5y","diagnostic","dog","false","audit_b_5y","false","AU","Web Search","2026-10-07T11:21:38.145658+00:00"
"2023-10-22","smart dog feeder","0","0","audit_b_5y","diagnostic","dog","false","audit_b_5y","false","AU","Web Search","2026-10-07T11:21:38.145658+00:00"
"2023-10-29","smart dog feeder","0","0","audit_b_5y","diagnostic","dog","false","audit_b_5y","false","AU","Web Search","2026-10-07T11:21:38.145658+00:00"
"2023-11-05","smart dog feeder","0","0","audit_b_5y","diagnostic","dog","false","audit_b_5y","false","AU","Web Search","2026-10-07T11:21:38.145658+00:00"
"2023-11-12","smart dog feeder","0","0","audit_b_5y","diagnostic","dog","false","audit_b_5y","false","AU","Web Search","2026-10-07T11:21:38.145658+00:00"
"2023-11-19","smart dog feeder","0","0","audit_b_5y","diagnostic","dog","false","audit_b_5y","false","AU","Web Search","2026-10-07T11:21:38.145658+00:00"
"2023-11-26","smart dog feeder","0","0","audit_b_5y","diagnostic","dog","false","audit_b_5y","false","AU","Web Search","2026-10-07T11:21:38.145658+00:00"
"2023-12-03","smart dog feeder","0","0","audit_b_5y","diagnostic","dog","false","audit_b_5y","false","AU","Web Search","2026-10-07T11:21:38.145658+00:00"
"2023-12-10","smart dog feeder","0","0","audit_b_5y","diagnostic","dog","false","audit_b_5y","false","AU","Web Search","2026-10-07T11:21:38.145658+00:00"
"2023-12-17","smart dog feeder","0","0","audit_b_5y","diagnostic","dog","false","audit_b_5y","false","AU","Web Search","2026-10-07T11:21:38.145658+00:00"
"2023-12-24","smart dog feeder","0","0","audit_b_5y","diagnostic","dog","false","audit_b_5y","false","AU","Web Search","2026-10-07T11:21:38.145658+00:00"
"2023-12-31","smart dog feeder","0","0","audit_b_5y","diagnostic","dog","false","audit_b_5y","false","AU","Web Search","2026-10-07T11:21:38.145658+00:00"
"2024-01-07","smart dog feeder","0","0","audit_b_5y","diagnostic","dog","false","audit_b_5y","false","AU","Web Search","2026-10-07T11:21:38.145658+00:00"
"2024-01-14","smart dog feeder","0","0","audit_b_5y","diagnostic","dog","false","audit_b_5y","false","AU","Web Search","2026-10-07T11:21:38.145658+00:00"
"2024-01-21","smart dog feeder","0","0","audit_b_5y","diagnostic","dog","false","audit_b_5y","false","AU","Web Search","2026-10-07T11:21:38.145658+00:00"
"2024-01-28","smart dog feeder","0","0","audit_b_5y","diagnostic","dog","false","audit_b_5y","false","AU","Web Search","2026-10-07T11:21:38.145658+00:00"
"2024-02-04","smart dog feeder","0","0","audit_b_5y","diagnostic","dog","false","audit_b_5y","false","AU","Web Search","2026-10-07T11:21:38.145658+00:00"
"2024-02-11","smart dog feeder","0","0","audit_b_5y","diagnostic","dog","false","audit_b_5y","false","AU","Web Search","2026-10-07T11:21:38.145658+00:00"
"2024-02-18","smart dog feeder","0","0","audit_b_5y","diagnostic","dog","false","audit_b_5y","false","AU","Web Search","2026-10-07T11:21:38.145658+00:00"
"2024-02-25","smart dog feeder","0","0","audit_b_5y","diagnostic","dog","false","audit_b_5y","false","AU","Web Search","2026-10-07T11:21:38.145658+00:00"
"2024-03-03","smart dog feeder","0","0","audit_b_5y","diagnostic","dog","false","audit_b_5y","false","AU","Web Search","2026-10-07T11:21:38.145658+00:00"
"2024-03-10","smart dog feeder","0","0","audit_b_5y","diagnostic","dog","false","audit_b_5y","false","AU","Web Search","2026-10-07T11:21:38.145658+00:00"
"2024-03-17","smart dog feeder","0","0","audit_b_5y","diagnostic","dog","false","audit_b_5y","false","AU","Web Search","2026-10-07T11:21:38.145658+00:00"
"2024-03-24","smart dog feeder","0","0","audit_b_5y","diagnostic","dog","false","audit_b_5y","false","AU","Web Search","2026-10-07T11:21:38.145658+00:00"
"2024-03-31","smart dog feeder","0","0","audit_b_5y","diagnostic","dog","false","audit_b_5y","false","AU","Web Search","2026-10-07T11:21:38.145658+00:00"
"2024-04-07","smart dog feeder","0","0","audit_b_5y","diagnostic","dog","false","audit_b_5y","false","AU","Web Search","2026-10-07T11:21:38.145658+00:00"
"2024-04-14","smart dog feeder","0","0","audit_b_5y","diagnostic","dog","false","audit_b_5y","false","AU","Web Search","2026-10-07T11:21:38.145658+00:00"
"2024-04-21","smart dog feeder","0","0","audit_b_5y","diagnostic","dog","false","audit_b_5y","false","AU","Web Search","2026-10-07T11:21:38.145658+00:00"
"2024-04-28","smart dog feeder","0","0","audit_b_5y","diagnostic","dog","false","audit_b_5y","false","AU","Web Search","2026-10-07T11:21:38.145658+00:00"
"2024-05-05","smart dog feeder","0","0","audit_b_5y","diagnostic","dog","false","audit_b_5y","false","AU","Web Search","2026-10-07T11:21:38.145658+00:00"
"2024-05-12","smart dog feeder","0","0","audit_b_5y","diagnostic","dog","false","audit_b_5y","false","AU","Web Search","2026-10-07T11:21:38.145658+00:00"
"2024-05-19","smart dog feeder","0","0","audit_b_5y","diagnostic","dog","false","audit_b_5y","false","AU","Web Search","2026-10-07T11:21:38.145658+00:00"
"2024-05-26","smart dog feeder","0","0","audit_b_5y","diagnostic","dog","false","audit_b_5y","false","AU","Web Search","2026-10-07T11:21:38.145658+00:00"
"2024-06-02","smart dog feeder","0","0","audit_b_5y","diagnostic","dog","false","audit_b_5y","false","AU","Web Search","2026-10-07T11:21:38.145658+00:00"
"2024-06-09","smart dog feeder","0","0","audit_b_5y","diagnostic","dog","false","audit_b_5y","false","AU","Web Search","2026-10-07T11:21:38.145658+00:00"
"2024-06-16","smart dog feeder","0","0","audit_b_5y","diagnostic","dog","false","audit_b_5y","false","AU","Web Search","2026-10-07T11:21:38.145658+00:00"
"2024-06-23","smart dog feeder","0","0","audit_b_5y","diagnostic","dog","false","audit_b_5y","false","AU","Web Search","2026-10-07T11:21:38.145658+00:00"
"2024-06-30","smart dog feeder","0","0","audit_b_5y","diagnostic","dog","false","audit_b_5y","false","AU","Web Search","2026-10-07T11:21:38.145658+00:00"
"2024-07-07","smart dog feeder","0","0","audit_b_5y","diagnostic","dog","false","audit_b_5y","false","AU","Web Search","2026-10-07T11:21:38.145658+00:00"
"2024-07-14","smart dog feeder","0","0","audit_b_5y","diagnostic","dog","false","audit_b_5y","false","AU","Web Search","2026-10-07T11:21:38.145658+00:00"
"2024-07-21","smart dog feeder","0","0","audit_b_5y","diagnostic","dog","false","audit_b_5y","false","AU","Web Search","2026-10-07T11:21:38.145658+00:00"
"2024-07-28","smart dog feeder","0","0","audit_b_5y","diagnostic","dog","false","audit_b_5y","false","AU","Web Search","2026-10-07T11:21:38.145658+00:00"
"2024-08-04","smart dog feeder","0","0","audit_b_5y","diagnostic","dog","false","audit_b_5y","false","AU","Web Search","2026-10-07T11:21:38.145658+00:00"
"2024-08-11","smart dog feeder","0","0","audit_b_5y","diagnostic","dog","false","audit_b_5y","false","AU","Web Search","2026-10-07T11:21:38.145658+00:00"
"2024-08-18","smart dog feeder","0","0","audit_b_5y","diagnostic","dog","false","audit_b_5y","false","AU","Web Search","2026-10-07T11:21:38.145658+00:00"
"2024-08-25","smart dog feeder","0","0","audit_b_5y","diagnostic","dog","false","audit_b_5y","false","AU","Web Search","2026-10-07T11:21:38.145658+00:00"
"2024-09-01","smart dog feeder","0","0","audit_b_5y","diagnostic","dog","false","audit_b_5y","false","AU","Web Search","2026-10-07T11:21:38.145658+00:00"
"2024-09-08","smart dog feeder","0","0","audit_b_5y","diagnostic","dog","false","audit_b_5y","false","AU","Web Search","2026-10-07T11:21:38.145658+00:00"
"2024-09-15","smart dog feeder","0","0","audit_b_5y","diagnostic","dog","false","audit_b_5y","false","AU","Web Search","2026-10-07T11:21:38.145658+00:00"
"2024-09-22","smart dog feeder","0","0","audit_b_5y","diagnostic","dog","false","audit_b_5y","false","AU","Web Search","2026-10-07T11:21:38.145658+00:00"
"2024-09-29","smart dog feeder","0","0","audit_b_5y","diagnostic","dog","false","audit_b_5y","false","AU","Web Search","2026-10-07T11:21:38.145658+00:00"
"2024-10-06","smart dog feeder","0","0","audit_b_5y","diagnostic","dog","false","audit_b_5y","false","AU","Web Search","2026-10-07T11:21:38.145658+00:00"
"2024-10-13","smart dog feeder","0","0","audit_b_5y","diagnostic","dog","false","audit_b_5y","false","AU","Web Search","2026-10-07T11:21:38.145658+00:00"
"2024-10-20","smart dog feeder","0","0","audit_b_5y","diagnostic","dog","false","audit_b_5y","false","AU","Web Search","2026-10-07T11:21:38.145658+00:00"
"2024-10-27","smart dog feeder","0","0","audit_b_5y","diagnostic","dog","false","audit_b_5y","false","AU","Web Search","2026-10-07T11:21:38.145658+00:00"
"2024-11-03","smart dog feeder","0","0","audit_b_5y","diagnostic","dog","false","audit_b_5y","false","AU","Web Search","2026-10-07T11:21:38.145658+00:00"
"2024-11-10","smart dog feeder","0","0","audit_b_5y","diagnostic","dog","false","audit_b_5y","false","AU","Web Search","2026-10-07T11:21:38.145658+00:00"
"2024-11-17","smart dog feeder","0","0","audit_b_5y","diagnostic","dog","false","audit_b_5y","false","AU","Web Search","2026-10-07T11:21:38.145658+00:00"
"2024-11-24","smart dog feeder","0","0","audit_b_5y","diagnostic","dog","false","audit_b_5y","false","AU","Web Search","2026-10-07T11:21:38.145658+00:00"
"2024-12-01","smart dog feeder","0","0","audit_b_5y","diagnostic","dog","false","audit_b_5y","false","AU","Web Search","2026-10-07T11:21:38.145658+00:00"
"2024-12-08","smart dog feeder","0","0","audit_b_5y","diagnostic","dog","false","audit_b_5y","false","AU","Web Search","2026-10-07T11:21:38.145658+00:00"
"2024-12-15","smart dog feeder","0","0","audit_b_5y","diagnostic","dog","false","audit_b_5y","false","AU","Web Search","2026-10-07T11:21:38.145658+00:00"
"2024-12-22","smart dog feeder","0","0","audit_b_5y","diagnostic","dog","false","audit_b_5y","false","AU","Web Search","2026-10-07T11:21:38.145658+00:00"
"2024-12-29","smart dog feeder","0","0","audit_b_5y","diagnostic","dog","false","audit_b_5y","false","AU","Web Search","2026-10-07T11:21:38.145658+00:00"
"2025-01-05","smart dog feeder","0","0","audit_b_5y","diagnostic","dog","false","audit_b_5y","false","AU","Web Search","2026-10-07T11:21:38.145658+00:00"
"2025-01-12","smart dog feeder","0","0","audit_b_5y","diagnostic","dog","false","audit_b_5y","false","AU","Web Search","2026-10-07T11:21:38.145658+00:00"
"2025-01-19","smart dog feeder","0","0","audit_b_5y","diagnostic","dog","false","audit_b_5y","false","AU","Web Search","2026-10-07T11:21:38.145658+00:00"
"2025-01-26","smart dog feeder","0","0","audit_b_5y","diagnostic","dog","false","audit_b_5y","false","AU","Web Search","2026-10-07T11:21:38.145658+00:00"
"2025-02-02","smart dog feeder","0","0","audit_b_5y","diagnostic","dog","false","audit_b_5y","false","AU","Web Search","2026-10-07T11:21:38.145658+00:00"
"2025-02-09","smart dog feeder","0","0","audit_b_5y","diagnostic","dog","false","audit_b_5y","false","AU","Web Search","2026-10-07T11:21:38.145658+00:00"
"2025-02-16","smart dog feeder","0","0","audit_b_5y","diagnostic","dog","false","audit_b_5y","false","AU","Web Search","2026-10-07T11:21:38.145658+00:00"
"2025-02-23","smart dog feeder","0","0","audit_b_5y","diagnostic","dog","false","audit_b_5y","false","AU","Web Search","2026-10-07T11:21:38.145658+00:00"
"2025-03-02","smart dog feeder","0","0","audit_b_5y","diagnostic","dog","false","audit_b_5y","false","AU","Web Search","2026-10-07T11:21:38.145658+00:00"
"2025-03-09","smart dog feeder","0","0","audit_b_5y","diagnostic","dog","false","audit_b_5y","false","AU","Web Search","2026-10-07T11:21:38.145658+00:00"
"2025-03-16","smart dog feeder","0","0","audit_b_5y","diagnostic","dog","false","audit_b_5y","false","AU","Web Search","2026-10-07T11:21:38.145658+00:00"
"2025-03-23","smart dog feeder","0","0","audit_b_5y","diagnostic","dog","false","audit_b_5y","false","AU","Web Search","2026-10-07T11:21:38.145658+00:00"
"2025-03-30","smart dog feeder","0","0","audit_b_5y","diagnostic","dog","false","audit_b_5y","false","AU","Web Search","2026-10-07T11:21:38.145658+00:00"
"2025-04-06","smart dog feeder","0","0","audit_b_5y","diagnostic","dog","false","audit_b_5y","false","AU","Web Search","2026-10-07T11:21:38.145658+00:00"
"2025-04-13","smart dog feeder","0","0","audit_b_5y","diagnostic","dog","false","audit_b_5y","false","AU","Web Search","2026-10-07T11:21:38.145658+00:00"
"2025-04-20","smart dog feeder","0","0","audit_b_5y","diagnostic","dog","false","audit_b_5y","false","AU","Web Search","2026-10-07T11:21:38.145658+00:00"
"2025-04-27","smart dog feeder","0","0","audit_b_5y","diagnostic","dog","false","audit_b_5y","false","AU","Web Search","2026-10-07T11:21:38.145658+00:00"
"2025-05-04","smart dog feeder","0","0","audit_b_5y","diagnostic","dog","false","audit_b_5y","false","AU","Web Search","2026-10-07T11:21:38.145658+00:00"
"2025-05-11","smart dog feeder","0","0","audit_b_5y","diagnostic","dog","false","audit_b_5y","false","AU","Web Search","2026-10-07T11:21:38.145658+00:00"
"2025-05-18","smart dog feeder","0","0","audit_b_5y","diagnostic","dog","false","audit_b_5y","false","AU","Web Search","2026-10-07T11:21:38.145658+00:00"
"2025-05-25","smart dog feeder","0","0","audit_b_5y","diagnostic","dog","false","audit_b_5y","false","AU","Web Search","2026-10-07T11:21:38.145658+00:00"
"2025-06-01","smart dog feeder","0","0","audit_b_5y","diagnostic","dog","false","audit_b_5y","false","AU","Web Search","2026-10-07T11:21:38.145658+00:00"
"2025-06-08","smart dog feeder","0","0","audit_b_5y","diagnostic","dog","false","audit_b_5y","false","AU","Web Search","2026-10-07T11:21:38.145658+00:00"
"2025-06-15","smart dog feeder","0","0","audit_b_5y","diagnostic","dog","false","audit_b_5y","false","AU","Web Search","2026-10-07T11:21:38.145658+00:00"
"2025-06-22","smart dog feeder","0","0","audit_b_5y","diagnostic","dog","false","audit_b_5y","false","AU","Web Search","2026-10-07T11:21:38.145658+00:00"
"2025-06-29","smart dog feeder","0","0","audit_b_5y","diagnostic","dog","false","audit_b_5y","false","AU","Web Search","2026-10-07T11:21:38.145658+00:00"
"2025-07-06","smart dog feeder","0","0","audit_b_5y","diagnostic","dog","false","audit_b_5y","false","AU","Web Search","2026-10-07T11:21:38.145658+00:00"
"2025-07-13","smart dog feeder","0","0","audit_b_5y","diagnostic","dog","false","audit_b_5y","false","AU","Web Search","2026-10-07T11:21:38.145658+00:00"
"2025-07-20","smart dog feeder","0","0","audit_b_5y","diagnostic","dog","false","audit_b_5y","false","AU","Web Search","2026-10-07T11:21:38.145658+00:00"
"2025-07-27","smart dog feeder","0","0","audit_b_5y","diagnostic","dog","false","audit_b_5y","false","AU","Web Search","2026-10-07T11:21:38.145658+00:00"
"2025-08-03","smart dog feeder","0","0","audit_b_5y","diagnostic","dog","false","audit_b_5y","false","AU","Web Search","2026-10-07T11:21:38.145658+00:00"
"2025-08-10","smart dog feeder","0","0","audit_b_5y","diagnostic","dog","false","audit_b_5y","false","AU","Web Search","2026-10-07T11:21:38.145658+00:00"
"2025-08-17","smart dog feeder","0","0","audit_b_5y","diagnostic","dog","false","audit_b_5y","false","AU","Web Search","2026-10-07T11:21:38.145658+00:00"
"2025-08-24","smart dog feeder","0","0","audit_b_5y","diagnostic","dog","false","audit_b_5y","false","AU","Web Search","2026-10-07T11:21:38.145658+00:00"
"2025-08-31","smart dog feeder","0","0","audit_b_5y","diagnostic","dog","false","audit_b_5y","false","AU","Web Search","2026-10-07T11:21:38.145658+00:00"
"2025-09-07","smart dog feeder","0","0","audit_b_5y","diagnostic","dog","false","audit_b_5y","false","AU","Web Search","2026-10-07T11:21:38.145658+00:00"
"2025-09-14","smart dog feeder","0","0","audit_b_5y","diagnostic","dog","false","audit_b_5y","false","AU","Web Search","2026-10-07T11:21:38.145658+00:00"
"2025-09-21","smart dog feeder","0","0","audit_b_5y","diagnostic","dog","false","audit_b_5y","false","AU","Web Search","2026-10-07T11:21:38.145658+00:00"
"2025-09-28","smart dog feeder","0","0","audit_b_5y","diagnostic","dog","false","audit_b_5y","false","AU","Web Search","2026-10-07T11:21:38.145658+00:00"
"2025-10-05","smart dog feeder","0","0","audit_b_5y","diagnostic","dog","false","audit_b_5y","false","AU","Web Search","2026-10-07T11:21:38.145658+00:00"
"2025-10-12","smart dog feeder","0","0","audit_b_5y","diagnostic","dog","false","audit_b_5y","false","AU","Web Search","2026-10-07T11:21:38.145658+00:00"
"2025-10-19","smart dog feeder","0","0","audit_b_5y","diagnostic","dog","false","audit_b_5y","false","AU","Web Search","2026-10-07T11:21:38.145658+00:00"
"2025-10-26","smart dog feeder","0","0","audit_b_5y","diagnostic","dog","false","audit_b_5y","false","AU","Web Search","2026-10-07T11:21:38.145658+00:00"
"2025-11-02","smart dog feeder","0","0","audit_b_5y","diagnostic","dog","false","audit_b_5y","false","AU","Web Search","2026-10-07T11:21:38.145658+00:00"
"2025-11-09","smart dog feeder","0","0","audit_b_5y","diagnostic","dog","false","audit_b_5y","false","AU","Web Search","2026-10-07T11:21:38.145658+00:00"
"2025-11-16","smart dog feeder","0","0","audit_b_5y","diagnostic","dog","false","audit_b_5y","false","AU","Web Search","2026-10-07T11:21:38.145658+00:00"
"2025-11-23","smart dog feeder","0","0","audit_b_5y","diagnostic","dog","false","audit_b_5y","false","AU","Web Search","2026-10-07T11:21:38.145658+00:00"
"2025-11-30","smart dog feeder","0","0","audit_b_5y","diagnostic","dog","false","audit_b_5y","false","AU","Web Search","2026-10-07T11:21:38.145658+00:00"
"2025-12-07","smart dog feeder","0","0","audit_b_5y","diagnostic","dog","false","audit_b_5y","false","AU","Web Search","2026-10-07T11:21:38.145658+00:00"
"2025-12-14","smart dog feeder","0","0","audit_b_5y","diagnostic","dog","false","audit_b_5y","false","AU","Web Search","2026-10-07T11:21:38.145658+00:00"
"2025-12-21","smart dog feeder","0","0","audit_b_5y","diagnostic","dog","false","audit_b_5y","false","AU","Web Search","2026-10-07T11:21:38.145658+00:00"
"2025-12-28","smart dog feeder","0","0","audit_b_5y","diagnostic","dog","false","audit_b_5y","false","AU","Web Search","2026-10-07T11:21:38.145658+00:00"
"2026-01-04","smart dog feeder","0","0","audit_b_5y","diagnostic","dog","false","audit_b_5y","false","AU","Web Search","2026-10-07T11:21:38.145658+00:00"
"2026-01-11","smart dog feeder","0","0","audit_b_5y","diagnostic","dog","false","audit_b_5y","false","AU","Web Search","2026-10-07T11:21:38.145658+00:00"
"2026-01-18","smart dog feeder","0","0","audit_b_5y","diagnostic","dog","false","audit_b_5y","false","AU","Web Search","2026-10-07T11:21:38.145658+00:00"
"2026-01-25","smart dog feeder","0","0","audit_b_5y","diagnostic","dog","false","audit_b_5y","false","AU","Web Search","2026-10-07T11:21:38.145658+00:00"
"2026-02-01","smart dog feeder","0","0","audit_b_5y","diagnostic","dog","false","audit_b_5y","false","AU","Web Search","2026-10-07T11:21:38.145658+00:00"
"2026-02-08","smart dog feeder","0","0","audit_b_5y","diagnostic","dog","false","audit_b_5y","false","AU","Web Search","2026-10-07T11:21:38.145658+00:00"
"2026-02-15","smart dog feeder","0","0","audit_b_5y","diagnostic","dog","false","audit_b_5y","false","AU","Web Search","2026-10-07T11:21:38.145658+00:00"
"2026-02-22","smart dog feeder","0","0","audit_b_5y","diagnostic","dog","false","audit_b_5y","false","AU","Web Search","2026-10-07T11:21:38.145658+00:00"
"2026-03-01","smart dog feeder","0","0","audit_b_5y","diagnostic","dog","false","audit_b_5y","false","AU","Web Search","2026-10-07T11:21:38.145658+00:00"
"2026-03-08","smart dog feeder","0","0","audit_b_5y","diagnostic","dog","false","audit_b_5y","false","AU","Web Search","2026-10-07T11:21:38.145658+00:00"
"2026-03-15","smart dog feeder","0","0","audit_b_5y","diagnostic","dog","false","audit_b_5y","false","AU","Web Search","2026-10-07T11:21:38.145658+00:00"
"2026-03-22","smart dog feeder","0","0","audit_b_5y","diagnostic","dog","false","audit_b_5y","false","AU","Web Search","2026-10-07T11:21:38.145658+00:00"
"2026-03-29","smart dog feeder","0","0","audit_b_5y","diagnostic","dog","false","audit_b_5y","false","AU","Web Search","2026-10-07T11:21:38.145658+00:00"
"2026-04-05","smart dog feeder","0","0","audit_b_5y","diagnostic","dog","false","audit_b_5y","false","AU","Web Search","2026-10-07T11:21:38.145658+00:00"
"2026-04-12","smart dog feeder","0","0","audit_b_5y","diagnostic","dog","false","audit_b_5y","false","AU","Web Search","2026-10-07T11:21:38.145658+00:00"
"2026-04-19","smart dog feeder","0","0","audit_b_5y","diagnostic","dog","false","audit_b_5y","false","AU","Web Search","2026-10-07T11:21:38.145658+00:00"
"2026-04-26","smart dog feeder","0","0","audit_b_5y","diagnostic","dog","false","audit_b_5y","false","AU","Web Search","2026-10-07T11:21:38.145658+00:00"
"2026-05-03","smart dog feeder","0","0","audit_b_5y","diagnostic","dog","false","audit_b_5y","false","AU","Web Search","2026-10-07T11:21:38.145658+00:00"
"2026-05-10","smart dog feeder","0","0","audit_b_5y","diagnostic","dog","false","audit_b_5y","false","AU","Web Search","2026-10-07T11:21:38.145658+00:00"
"2026-05-17","smart dog feeder","0","0","audit_b_5y","diagnostic","dog","false","audit_b_5y","false","AU","Web Search","2026-10-07T11:21:38.145658+00:00"
"2026-05-24","smart dog feeder","0","0","audit_b_5y","diagnostic","dog","false","audit_b_5y","false","AU","Web Search","2026-10-07T11:21:38.145658+00:00"
"2026-05-31","smart dog feeder","0","0","audit_b_5y","diagnostic","dog","false","audit_b_5y","false","AU","Web Search","2026-10-07T11:21:38.145658+00:00"
"2026-06-07","smart dog feeder","0","0","audit_b_5y","diagnostic","dog","false","audit_b_5y","false","AU","Web Search","2026-10-07T11:21:38.145658+00:00"
"2026-06-14","smart dog feeder","0","0","audit_b_5y","diagnostic","dog","false","audit_b_5y","false","AU","Web Search","2026-10-07T11:21:38.145658+00:00"
"2026-06-21","smart dog feeder","0","0","audit_b_5y","diagnostic","dog","false","audit_b_5y","false","AU","Web Search","2026-10-07T11:21:38.145658+00:00"
"2026-06-28","smart dog feeder","0","0","audit_b_5y","diagnostic","dog","false","audit_b_5y","false","AU","Web Search","2026-10-07T11:21:38.145658+00:00"
"2026-07-05","smart dog feeder","0","0","audit_b_5y","diagnostic","dog","false","audit_b_5y","false","AU","Web Search","2026-10-07T11:21:38.145658+00:00"
"2026-07-12","smart dog feeder","0","0","audit_b_5y","diagnostic","dog","false","audit_b_5y","false","AU","Web Search","2026-10-07T11:21:38.145658+00:00"
"2026-07-19","smart dog feeder","0","0","audit_b_5y","diagnostic","dog","false","audit_b_5y","false","AU","Web Search","2026-10-07T11:21:38.145658+00:00"
"2026-07-26","smart dog feeder","0","0","audit_b_5y","diagnostic","dog","false","audit_b_5y","false","AU","Web Search","2026-10-07T11:21:38.145658+00:00"
"2026-08-02","smart dog feeder","0","0","audit_b_5y","diagnostic","dog","false","audit_b_5y","false","AU","Web Search","2026-10-07T11:21:38.145658+00:00"
"2026-08-09","smart dog feeder","0","0","audit_b_5y","diagnostic","dog","false","audit_b_5y","false","AU","Web Search","2026-10-07T11:21:38.145658+00:00"
"2026-08-16","smart dog feeder","0","0","audit_b_5y","diagnostic","dog","false","audit_b_5y","false","AU","Web Search","2026-10-07T11:21:38.145658+00:00"
"2026-08-23","smart dog feeder","0","0","audit_b_5y","diagnostic","dog","false","audit_b_5y","false","AU","Web Search","2026-10-07T11:21:38.145658+00:00"
"2026-08-30","smart dog feeder","0","0","audit_b_5y","diagnostic","dog","false","audit_b_5y","false","AU","Web Search","2026-10-07T11:21:38.145658+00:00"
"2026-09-06","smart dog feeder","0","0","audit_b_5y","diagnostic","dog","false","audit_b_5y","false","AU","Web Search","2026-10-07T11:21:38.145658+00:00"
"2026-09-13","smart dog feeder","0","0","audit_b_5y","diagnostic","dog","false","audit_b_5y","false","AU","Web Search","2026-10-07T11:21:38.145658+00:00"
"2026-09-20","smart dog feeder","0","0","audit_b_5y","diagnostic","dog","false","audit_b_5y","false","AU","Web Search","2026-10-07T11:21:38.145658+00:00"
"2026-09-27","smart dog feeder","2","0.5","audit_b_5y","diagnostic","dog","false","audit_b_5y","false","AU","Web Search","2026-10-07T11:21:38.145658+00:00"
"2026-10-04","smart dog feeder","0","0.5","audit_b_5y","diagnostic","dog","false","audit_b_5y","true","AU","Web Search","2026-10-07T11:21:38.145658+00:00"
"2021-10-03","cat feeder","47",,"audit_b_5y","core","cat","true","audit_b_5y","true","AU","Web Search","2026-10-07T11:21:38.145658+00:00"
"2021-10-10","cat feeder","34",,"audit_b_5y","core","cat","true","audit_b_5y","false","AU","Web Search","2026-10-07T11:21:38.145658+00:00"
"2021-10-17","cat feeder","39",,"audit_b_5y","core","cat","true","audit_b_5y","false","AU","Web Search","2026-10-07T11:21:38.145658+00:00"
"2021-10-24","cat feeder","33","38.25","audit_b_5y","core","cat","true","audit_b_5y","false","AU","Web Search","2026-10-07T11:21:38.145658+00:00"
"2021-10-31","cat feeder","27","33.25","audit_b_5y","core","cat","true","audit_b_5y","false","AU","Web Search","2026-10-07T11:21:38.145658+00:00"
"2021-11-07","cat feeder","24","30.75","audit_b_5y","core","cat","true","audit_b_5y","false","AU","Web Search","2026-10-07T11:21:38.145658+00:00"
"2021-11-14","cat feeder","29","28.25","audit_b_5y","core","cat","true","audit_b_5y","false","AU","Web Search","2026-10-07T11:21:38.145658+00:00"
"2021-11-21","cat feeder","41","30.25","audit_b_5y","core","cat","true","audit_b_5y","false","AU","Web Search","2026-10-07T11:21:38.145658+00:00"
"2021-11-28","cat feeder","40","33.5","audit_b_5y","core","cat","true","audit_b_5y","false","AU","Web Search","2026-10-07T11:21:38.145658+00:00"
"2021-12-05","cat feeder","43","38.25","audit_b_5y","core","cat","true","audit_b_5y","false","AU","Web Search","2026-10-07T11:21:38.145658+00:00"
"2021-12-12","cat feeder","56","45","audit_b_5y","core","cat","true","audit_b_5y","false","AU","Web Search","2026-10-07T11:21:38.145658+00:00"
"2021-12-19","cat feeder","38","44.25","audit_b_5y","core","cat","true","audit_b_5y","false","AU","Web Search","2026-10-07T11:21:38.145658+00:00"
"2021-12-26","cat feeder","51","47","audit_b_5y","core","cat","true","audit_b_5y","false","AU","Web Search","2026-10-07T11:21:38.145658+00:00"
"2022-01-02","cat feeder","49","48.5","audit_b_5y","core","cat","true","audit_b_5y","false","AU","Web Search","2026-10-07T11:21:38.145658+00:00"
"2022-01-09","cat feeder","53","47.75","audit_b_5y","core","cat","true","audit_b_5y","false","AU","Web Search","2026-10-07T11:21:38.145658+00:00"
"2022-01-16","cat feeder","37","47.5","audit_b_5y","core","cat","true","audit_b_5y","false","AU","Web Search","2026-10-07T11:21:38.145658+00:00"
"2022-01-23","cat feeder","42","45.25","audit_b_5y","core","cat","true","audit_b_5y","false","AU","Web Search","2026-10-07T11:21:38.145658+00:00"
"2022-01-30","cat feeder","39","42.75","audit_b_5y","core","cat","true","audit_b_5y","false","AU","Web Search","2026-10-07T11:21:38.145658+00:00"
"2022-02-06","cat feeder","40","39.5","audit_b_5y","core","cat","true","audit_b_5y","false","AU","Web Search","2026-10-07T11:21:38.145658+00:00"
"2022-02-13","cat feeder","37","39.5","audit_b_5y","core","cat","true","audit_b_5y","false","AU","Web Search","2026-10-07T11:21:38.145658+00:00"
"2022-02-20","cat feeder","43","39.75","audit_b_5y","core","cat","true","audit_b_5y","false","AU","Web Search","2026-10-07T11:21:38.145658+00:00"
"2022-02-27","cat feeder","33","38.25","audit_b_5y","core","cat","true","audit_b_5y","false","AU","Web Search","2026-10-07T11:21:38.145658+00:00"
"2022-03-06","cat feeder","51","41","audit_b_5y","core","cat","true","audit_b_5y","false","AU","Web Search","2026-10-07T11:21:38.145658+00:00"
"2022-03-13","cat feeder","41","42","audit_b_5y","core","cat","true","audit_b_5y","false","AU","Web Search","2026-10-07T11:21:38.145658+00:00"
"2022-03-20","cat feeder","33","39.5","audit_b_5y","core","cat","true","audit_b_5y","false","AU","Web Search","2026-10-07T11:21:38.145658+00:00"
"2022-03-27","cat feeder","54","44.75","audit_b_5y","core","cat","true","audit_b_5y","false","AU","Web Search","2026-10-07T11:21:38.145658+00:00"
"2022-04-03","cat feeder","60","47","audit_b_5y","core","cat","true","audit_b_5y","false","AU","Web Search","2026-10-07T11:21:38.145658+00:00"
"2022-04-10","cat feeder","56","50.75","audit_b_5y","core","cat","true","audit_b_5y","false","AU","Web Search","2026-10-07T11:21:38.145658+00:00"
"2022-04-17","cat feeder","74","61","audit_b_5y","core","cat","true","audit_b_5y","false","AU","Web Search","2026-10-07T11:21:38.145658+00:00"
"2022-04-24","cat feeder","54","61","audit_b_5y","core","cat","true","audit_b_5y","false","AU","Web Search","2026-10-07T11:21:38.145658+00:00"
"2022-05-01","cat feeder","38","55.5","audit_b_5y","core","cat","true","audit_b_5y","false","AU","Web Search","2026-10-07T11:21:38.145658+00:00"
"2022-05-08","cat feeder","47","53.25","audit_b_5y","core","cat","true","audit_b_5y","false","AU","Web Search","2026-10-07T11:21:38.145658+00:00"
"2022-05-15","cat feeder","48","46.75","audit_b_5y","core","cat","true","audit_b_5y","false","AU","Web Search","2026-10-07T11:21:38.145658+00:00"
"2022-05-22","cat feeder","50","45.75","audit_b_5y","core","cat","true","audit_b_5y","false","AU","Web Search","2026-10-07T11:21:38.145658+00:00"
"2022-05-29","cat feeder","46","47.75","audit_b_5y","core","cat","true","audit_b_5y","false","AU","Web Search","2026-10-07T11:21:38.145658+00:00"
"2022-06-05","cat feeder","40","46","audit_b_5y","core","cat","true","audit_b_5y","false","AU","Web Search","2026-10-07T11:21:38.145658+00:00"
"2022-06-12","cat feeder","57","48.25","audit_b_5y","core","cat","true","audit_b_5y","false","AU","Web Search","2026-10-07T11:21:38.145658+00:00"
"2022-06-19","cat feeder","56","49.75","audit_b_5y","core","cat","true","audit_b_5y","false","AU","Web Search","2026-10-07T11:21:38.145658+00:00"
"2022-06-26","cat feeder","32","46.25","audit_b_5y","core","cat","true","audit_b_5y","false","AU","Web Search","2026-10-07T11:21:38.145658+00:00"
"2022-07-03","cat feeder","50","48.75","audit_b_5y","core","cat","true","audit_b_5y","false","AU","Web Search","2026-10-07T11:21:38.145658+00:00"
"2022-07-10","cat feeder","50","47","audit_b_5y","core","cat","true","audit_b_5y","false","AU","Web Search","2026-10-07T11:21:38.145658+00:00"
"2022-07-17","cat feeder","59","47.75","audit_b_5y","core","cat","true","audit_b_5y","false","AU","Web Search","2026-10-07T11:21:38.145658+00:00"
"2022-07-24","cat feeder","40","49.75","audit_b_5y","core","cat","true","audit_b_5y","false","AU","Web Search","2026-10-07T11:21:38.145658+00:00"
"2022-07-31","cat feeder","47","49","audit_b_5y","core","cat","true","audit_b_5y","false","AU","Web Search","2026-10-07T11:21:38.145658+00:00"
"2022-08-07","cat feeder","47","48.25","audit_b_5y","core","cat","true","audit_b_5y","false","AU","Web Search","2026-10-07T11:21:38.145658+00:00"
"2022-08-14","cat feeder","49","45.75","audit_b_5y","core","cat","true","audit_b_5y","false","AU","Web Search","2026-10-07T11:21:38.145658+00:00"
"2022-08-21","cat feeder","51","48.5","audit_b_5y","core","cat","true","audit_b_5y","false","AU","Web Search","2026-10-07T11:21:38.145658+00:00"
"2022-08-28","cat feeder","48","48.75","audit_b_5y","core","cat","true","audit_b_5y","false","AU","Web Search","2026-10-07T11:21:38.145658+00:00"
"2022-09-04","cat feeder","49","49.25","audit_b_5y","core","cat","true","audit_b_5y","false","AU","Web Search","2026-10-07T11:21:38.145658+00:00"
"2022-09-11","cat feeder","43","47.75","audit_b_5y","core","cat","true","audit_b_5y","false","AU","Web Search","2026-10-07T11:21:38.145658+00:00"
"2022-09-18","cat feeder","62","50.5","audit_b_5y","core","cat","true","audit_b_5y","false","AU","Web Search","2026-10-07T11:21:38.145658+00:00"
"2022-09-25","cat feeder","45","49.75","audit_b_5y","core","cat","true","audit_b_5y","false","AU","Web Search","2026-10-07T11:21:38.145658+00:00"
"2022-10-02","cat feeder","50","50","audit_b_5y","core","cat","true","audit_b_5y","false","AU","Web Search","2026-10-07T11:21:38.145658+00:00"
"2022-10-09","cat feeder","48","51.25","audit_b_5y","core","cat","true","audit_b_5y","false","AU","Web Search","2026-10-07T11:21:38.145658+00:00"
"2022-10-16","cat feeder","65","52","audit_b_5y","core","cat","true","audit_b_5y","false","AU","Web Search","2026-10-07T11:21:38.145658+00:00"
"2022-10-23","cat feeder","35","49.5","audit_b_5y","core","cat","true","audit_b_5y","false","AU","Web Search","2026-10-07T11:21:38.145658+00:00"
"2022-10-30","cat feeder","50","49.5","audit_b_5y","core","cat","true","audit_b_5y","false","AU","Web Search","2026-10-07T11:21:38.145658+00:00"
"2022-11-06","cat feeder","73","55.75","audit_b_5y","core","cat","true","audit_b_5y","false","AU","Web Search","2026-10-07T11:21:38.145658+00:00"
"2022-11-13","cat feeder","33","47.75","audit_b_5y","core","cat","true","audit_b_5y","false","AU","Web Search","2026-10-07T11:21:38.145658+00:00"
"2022-11-20","cat feeder","53","52.25","audit_b_5y","core","cat","true","audit_b_5y","false","AU","Web Search","2026-10-07T11:21:38.145658+00:00"
"2022-11-27","cat feeder","65","56","audit_b_5y","core","cat","true","audit_b_5y","false","AU","Web Search","2026-10-07T11:21:38.145658+00:00"
"2022-12-04","cat feeder","59","52.5","audit_b_5y","core","cat","true","audit_b_5y","false","AU","Web Search","2026-10-07T11:21:38.145658+00:00"
"2022-12-11","cat feeder","65","60.5","audit_b_5y","core","cat","true","audit_b_5y","false","AU","Web Search","2026-10-07T11:21:38.145658+00:00"
"2022-12-18","cat feeder","62","62.75","audit_b_5y","core","cat","true","audit_b_5y","false","AU","Web Search","2026-10-07T11:21:38.145658+00:00"
"2022-12-25","cat feeder","71","64.25","audit_b_5y","core","cat","true","audit_b_5y","false","AU","Web Search","2026-10-07T11:21:38.145658+00:00"
"2023-01-01","cat feeder","40","59.5","audit_b_5y","core","cat","true","audit_b_5y","false","AU","Web Search","2026-10-07T11:21:38.145658+00:00"
"2023-01-08","cat feeder","71","61","audit_b_5y","core","cat","true","audit_b_5y","false","AU","Web Search","2026-10-07T11:21:38.145658+00:00"
"2023-01-15","cat feeder","51","58.25","audit_b_5y","core","cat","true","audit_b_5y","false","AU","Web Search","2026-10-07T11:21:38.145658+00:00"
"2023-01-22","cat feeder","49","52.75","audit_b_5y","core","cat","true","audit_b_5y","false","AU","Web Search","2026-10-07T11:21:38.145658+00:00"
"2023-01-29","cat feeder","51","55.5","audit_b_5y","core","cat","true","audit_b_5y","false","AU","Web Search","2026-10-07T11:21:38.145658+00:00"
"2023-02-05","cat feeder","46","49.25","audit_b_5y","core","cat","true","audit_b_5y","false","AU","Web Search","2026-10-07T11:21:38.145658+00:00"
"2023-02-12","cat feeder","31","44.25","audit_b_5y","core","cat","true","audit_b_5y","false","AU","Web Search","2026-10-07T11:21:38.145658+00:00"
"2023-02-19","cat feeder","59","46.75","audit_b_5y","core","cat","true","audit_b_5y","false","AU","Web Search","2026-10-07T11:21:38.145658+00:00"
"2023-02-26","cat feeder","60","49","audit_b_5y","core","cat","true","audit_b_5y","false","AU","Web Search","2026-10-07T11:21:38.145658+00:00"
"2023-03-05","cat feeder","43","48.25","audit_b_5y","core","cat","true","audit_b_5y","false","AU","Web Search","2026-10-07T11:21:38.145658+00:00"
"2023-03-12","cat feeder","54","54","audit_b_5y","core","cat","true","audit_b_5y","false","AU","Web Search","2026-10-07T11:21:38.145658+00:00"
"2023-03-19","cat feeder","62","54.75","audit_b_5y","core","cat","true","audit_b_5y","false","AU","Web Search","2026-10-07T11:21:38.145658+00:00"
"2023-03-26","cat feeder","58","54.25","audit_b_5y","core","cat","true","audit_b_5y","false","AU","Web Search","2026-10-07T11:21:38.145658+00:00"
"2023-04-02","cat feeder","57","57.75","audit_b_5y","core","cat","true","audit_b_5y","false","AU","Web Search","2026-10-07T11:21:38.145658+00:00"
"2023-04-09","cat feeder","43","55","audit_b_5y","core","cat","true","audit_b_5y","false","AU","Web Search","2026-10-07T11:21:38.145658+00:00"
"2023-04-16","cat feeder","44","50.5","audit_b_5y","core","cat","true","audit_b_5y","false","AU","Web Search","2026-10-07T11:21:38.145658+00:00"
"2023-04-23","cat feeder","48","48","audit_b_5y","core","cat","true","audit_b_5y","false","AU","Web Search","2026-10-07T11:21:38.145658+00:00"
"2023-04-30","cat feeder","40","43.75","audit_b_5y","core","cat","true","audit_b_5y","false","AU","Web Search","2026-10-07T11:21:38.145658+00:00"
"2023-05-07","cat feeder","43","43.75","audit_b_5y","core","cat","true","audit_b_5y","false","AU","Web Search","2026-10-07T11:21:38.145658+00:00"
"2023-05-14","cat feeder","35","41.5","audit_b_5y","core","cat","true","audit_b_5y","false","AU","Web Search","2026-10-07T11:21:38.145658+00:00"
"2023-05-21","cat feeder","53","42.75","audit_b_5y","core","cat","true","audit_b_5y","false","AU","Web Search","2026-10-07T11:21:38.145658+00:00"
"2023-05-28","cat feeder","53","46","audit_b_5y","core","cat","true","audit_b_5y","false","AU","Web Search","2026-10-07T11:21:38.145658+00:00"
"2023-06-04","cat feeder","34","43.75","audit_b_5y","core","cat","true","audit_b_5y","false","AU","Web Search","2026-10-07T11:21:38.145658+00:00"
"2023-06-11","cat feeder","62","50.5","audit_b_5y","core","cat","true","audit_b_5y","false","AU","Web Search","2026-10-07T11:21:38.145658+00:00"
"2023-06-18","cat feeder","47","49","audit_b_5y","core","cat","true","audit_b_5y","false","AU","Web Search","2026-10-07T11:21:38.145658+00:00"
"2023-06-25","cat feeder","56","49.75","audit_b_5y","core","cat","true","audit_b_5y","false","AU","Web Search","2026-10-07T11:21:38.145658+00:00"
"2023-07-02","cat feeder","55","55","audit_b_5y","core","cat","true","audit_b_5y","false","AU","Web Search","2026-10-07T11:21:38.145658+00:00"
"2023-07-09","cat feeder","61","54.75","audit_b_5y","core","cat","true","audit_b_5y","false","AU","Web Search","2026-10-07T11:21:38.145658+00:00"
"2023-07-16","cat feeder","42","53.5","audit_b_5y","core","cat","true","audit_b_5y","false","AU","Web Search","2026-10-07T11:21:38.145658+00:00"
"2023-07-23","cat feeder","38","49","audit_b_5y","core","cat","true","audit_b_5y","false","AU","Web Search","2026-10-07T11:21:38.145658+00:00"
"2023-07-30","cat feeder","30","42.75","audit_b_5y","core","cat","true","audit_b_5y","false","AU","Web Search","2026-10-07T11:21:38.145658+00:00"
"2023-08-06","cat feeder","45","38.75","audit_b_5y","core","cat","true","audit_b_5y","false","AU","Web Search","2026-10-07T11:21:38.145658+00:00"
"2023-08-13","cat feeder","51","41","audit_b_5y","core","cat","true","audit_b_5y","false","AU","Web Search","2026-10-07T11:21:38.145658+00:00"
"2023-08-20","cat feeder","39","41.25","audit_b_5y","core","cat","true","audit_b_5y","false","AU","Web Search","2026-10-07T11:21:38.145658+00:00"
"2023-08-27","cat feeder","59","48.5","audit_b_5y","core","cat","true","audit_b_5y","false","AU","Web Search","2026-10-07T11:21:38.145658+00:00"
"2023-09-03","cat feeder","47","49","audit_b_5y","core","cat","true","audit_b_5y","false","AU","Web Search","2026-10-07T11:21:38.145658+00:00"
"2023-09-10","cat feeder","52","49.25","audit_b_5y","core","cat","true","audit_b_5y","false","AU","Web Search","2026-10-07T11:21:38.145658+00:00"
"2023-09-17","cat feeder","54","53","audit_b_5y","core","cat","true","audit_b_5y","false","AU","Web Search","2026-10-07T11:21:38.145658+00:00"
"2023-09-24","cat feeder","66","54.75","audit_b_5y","core","cat","true","audit_b_5y","false","AU","Web Search","2026-10-07T11:21:38.145658+00:00"
"2023-10-01","cat feeder","44","54","audit_b_5y","core","cat","true","audit_b_5y","false","AU","Web Search","2026-10-07T11:21:38.145658+00:00"
"2023-10-08","cat feeder","34","49.5","audit_b_5y","core","cat","true","audit_b_5y","false","AU","Web Search","2026-10-07T11:21:38.145658+00:00"
"2023-10-15","cat feeder","52","49","audit_b_5y","core","cat","true","audit_b_5y","false","AU","Web Search","2026-10-07T11:21:38.145658+00:00"
"2023-10-22","cat feeder","43","43.25","audit_b_5y","core","cat","true","audit_b_5y","false","AU","Web Search","2026-10-07T11:21:38.145658+00:00"
"2023-10-29","cat feeder","27","39","audit_b_5y","core","cat","true","audit_b_5y","false","AU","Web Search","2026-10-07T11:21:38.145658+00:00"
"2023-11-05","cat feeder","54","44","audit_b_5y","core","cat","true","audit_b_5y","false","AU","Web Search","2026-10-07T11:21:38.145658+00:00"
"2023-11-12","cat feeder","47","42.75","audit_b_5y","core","cat","true","audit_b_5y","false","AU","Web Search","2026-10-07T11:21:38.145658+00:00"
"2023-11-19","cat feeder","54","45.5","audit_b_5y","core","cat","true","audit_b_5y","false","AU","Web Search","2026-10-07T11:21:38.145658+00:00"
"2023-11-26","cat feeder","59","53.5","audit_b_5y","core","cat","true","audit_b_5y","false","AU","Web Search","2026-10-07T11:21:38.145658+00:00"
"2023-12-03","cat feeder","66","56.5","audit_b_5y","core","cat","true","audit_b_5y","false","AU","Web Search","2026-10-07T11:21:38.145658+00:00"
"2023-12-10","cat feeder","57","59","audit_b_5y","core","cat","true","audit_b_5y","false","AU","Web Search","2026-10-07T11:21:38.145658+00:00"
"2023-12-17","cat feeder","80","65.5","audit_b_5y","core","cat","true","audit_b_5y","false","AU","Web Search","2026-10-07T11:21:38.145658+00:00"
"2023-12-24","cat feeder","59","65.5","audit_b_5y","core","cat","true","audit_b_5y","false","AU","Web Search","2026-10-07T11:21:38.145658+00:00"
"2023-12-31","cat feeder","61","64.25","audit_b_5y","core","cat","true","audit_b_5y","false","AU","Web Search","2026-10-07T11:21:38.145658+00:00"
"2024-01-07","cat feeder","58","64.5","audit_b_5y","core","cat","true","audit_b_5y","false","AU","Web Search","2026-10-07T11:21:38.145658+00:00"
"2024-01-14","cat feeder","60","59.5","audit_b_5y","core","cat","true","audit_b_5y","false","AU","Web Search","2026-10-07T11:21:38.145658+00:00"
"2024-01-21","cat feeder","58","59.25","audit_b_5y","core","cat","true","audit_b_5y","false","AU","Web Search","2026-10-07T11:21:38.145658+00:00"
"2024-01-28","cat feeder","57","58.25","audit_b_5y","core","cat","true","audit_b_5y","false","AU","Web Search","2026-10-07T11:21:38.145658+00:00"
"2024-02-04","cat feeder","60","58.75","audit_b_5y","core","cat","true","audit_b_5y","false","AU","Web Search","2026-10-07T11:21:38.145658+00:00"
"2024-02-11","cat feeder","37","53","audit_b_5y","core","cat","true","audit_b_5y","false","AU","Web Search","2026-10-07T11:21:38.145658+00:00"
"2024-02-18","cat feeder","52","51.5","audit_b_5y","core","cat","true","audit_b_5y","false","AU","Web Search","2026-10-07T11:21:38.145658+00:00"
"2024-02-25","cat feeder","37","46.5","audit_b_5y","core","cat","true","audit_b_5y","false","AU","Web Search","2026-10-07T11:21:38.145658+00:00"
"2024-03-03","cat feeder","47","43.25","audit_b_5y","core","cat","true","audit_b_5y","false","AU","Web Search","2026-10-07T11:21:38.145658+00:00"
"2024-03-10","cat feeder","58","48.5","audit_b_5y","core","cat","true","audit_b_5y","false","AU","Web Search","2026-10-07T11:21:38.145658+00:00"
"2024-03-17","cat feeder","59","50.25","audit_b_5y","core","cat","true","audit_b_5y","false","AU","Web Search","2026-10-07T11:21:38.145658+00:00"
"2024-03-24","cat feeder","51","53.75","audit_b_5y","core","cat","true","audit_b_5y","false","AU","Web Search","2026-10-07T11:21:38.145658+00:00"
"2024-03-31","cat feeder","51","54.75","audit_b_5y","core","cat","true","audit_b_5y","false","AU","Web Search","2026-10-07T11:21:38.145658+00:00"
"2024-04-07","cat feeder","59","55","audit_b_5y","core","cat","true","audit_b_5y","false","AU","Web Search","2026-10-07T11:21:38.145658+00:00"
"2024-04-14","cat feeder","53","53.5","audit_b_5y","core","cat","true","audit_b_5y","false","AU","Web Search","2026-10-07T11:21:38.145658+00:00"
"2024-04-21","cat feeder","46","52.25","audit_b_5y","core","cat","true","audit_b_5y","false","AU","Web Search","2026-10-07T11:21:38.145658+00:00"
"2024-04-28","cat feeder","56","53.5","audit_b_5y","core","cat","true","audit_b_5y","false","AU","Web Search","2026-10-07T11:21:38.145658+00:00"
"2024-05-05","cat feeder","49","51","audit_b_5y","core","cat","true","audit_b_5y","false","AU","Web Search","2026-10-07T11:21:38.145658+00:00"
"2024-05-12","cat feeder","49","50","audit_b_5y","core","cat","true","audit_b_5y","false","AU","Web Search","2026-10-07T11:21:38.145658+00:00"
"2024-05-19","cat feeder","45","49.75","audit_b_5y","core","cat","true","audit_b_5y","false","AU","Web Search","2026-10-07T11:21:38.145658+00:00"
"2024-05-26","cat feeder","61","51","audit_b_5y","core","cat","true","audit_b_5y","false","AU","Web Search","2026-10-07T11:21:38.145658+00:00"
"2024-06-02","cat feeder","51","51.5","audit_b_5y","core","cat","true","audit_b_5y","false","AU","Web Search","2026-10-07T11:21:38.145658+00:00"
"2024-06-09","cat feeder","53","52.5","audit_b_5y","core","cat","true","audit_b_5y","false","AU","Web Search","2026-10-07T11:21:38.145658+00:00"
"2024-06-16","cat feeder","48","53.25","audit_b_5y","core","cat","true","audit_b_5y","false","AU","Web Search","2026-10-07T11:21:38.145658+00:00"
"2024-06-23","cat feeder","67","54.75","audit_b_5y","core","cat","true","audit_b_5y","false","AU","Web Search","2026-10-07T11:21:38.145658+00:00"
"2024-06-30","cat feeder","52","55","audit_b_5y","core","cat","true","audit_b_5y","false","AU","Web Search","2026-10-07T11:21:38.145658+00:00"
"2024-07-07","cat feeder","58","56.25","audit_b_5y","core","cat","true","audit_b_5y","false","AU","Web Search","2026-10-07T11:21:38.145658+00:00"
"2024-07-14","cat feeder","65","60.5","audit_b_5y","core","cat","true","audit_b_5y","false","AU","Web Search","2026-10-07T11:21:38.145658+00:00"
"2024-07-21","cat feeder","54","57.25","audit_b_5y","core","cat","true","audit_b_5y","false","AU","Web Search","2026-10-07T11:21:38.145658+00:00"
"2024-07-28","cat feeder","64","60.25","audit_b_5y","core","cat","true","audit_b_5y","false","AU","Web Search","2026-10-07T11:21:38.145658+00:00"
"2024-08-04","cat feeder","50","58.25","audit_b_5y","core","cat","true","audit_b_5y","false","AU","Web Search","2026-10-07T11:21:38.145658+00:00"
"2024-08-11","cat feeder","47","53.75","audit_b_5y","core","cat","true","audit_b_5y","false","AU","Web Search","2026-10-07T11:21:38.145658+00:00"
"2024-08-18","cat feeder","75","59","audit_b_5y","core","cat","true","audit_b_5y","false","AU","Web Search","2026-10-07T11:21:38.145658+00:00"
"2024-08-25","cat feeder","57","57.25","audit_b_5y","core","cat","true","audit_b_5y","false","AU","Web Search","2026-10-07T11:21:38.145658+00:00"
"2024-09-01","cat feeder","42","55.25","audit_b_5y","core","cat","true","audit_b_5y","false","AU","Web Search","2026-10-07T11:21:38.145658+00:00"
"2024-09-08","cat feeder","45","54.75","audit_b_5y","core","cat","true","audit_b_5y","false","AU","Web Search","2026-10-07T11:21:38.145658+00:00"
"2024-09-15","cat feeder","65","52.25","audit_b_5y","core","cat","true","audit_b_5y","false","AU","Web Search","2026-10-07T11:21:38.145658+00:00"
"2024-09-22","cat feeder","49","50.25","audit_b_5y","core","cat","true","audit_b_5y","false","AU","Web Search","2026-10-07T11:21:38.145658+00:00"
"2024-09-29","cat feeder","61","55","audit_b_5y","core","cat","true","audit_b_5y","false","AU","Web Search","2026-10-07T11:21:38.145658+00:00"
"2024-10-06","cat feeder","48","55.75","audit_b_5y","core","cat","true","audit_b_5y","false","AU","Web Search","2026-10-07T11:21:38.145658+00:00"
"2024-10-13","cat feeder","64","55.5","audit_b_5y","core","cat","true","audit_b_5y","false","AU","Web Search","2026-10-07T11:21:38.145658+00:00"
"2024-10-20","cat feeder","61","58.5","audit_b_5y","core","cat","true","audit_b_5y","false","AU","Web Search","2026-10-07T11:21:38.145658+00:00"
"2024-10-27","cat feeder","48","55.25","audit_b_5y","core","cat","true","audit_b_5y","false","AU","Web Search","2026-10-07T11:21:38.145658+00:00"
"2024-11-03","cat feeder","62","58.75","audit_b_5y","core","cat","true","audit_b_5y","false","AU","Web Search","2026-10-07T11:21:38.145658+00:00"
"2024-11-10","cat feeder","44","53.75","audit_b_5y","core","cat","true","audit_b_5y","false","AU","Web Search","2026-10-07T11:21:38.145658+00:00"
"2024-11-17","cat feeder","58","53","audit_b_5y","core","cat","true","audit_b_5y","false","AU","Web Search","2026-10-07T11:21:38.145658+00:00"
"2024-11-24","cat feeder","69","58.25","audit_b_5y","core","cat","true","audit_b_5y","false","AU","Web Search","2026-10-07T11:21:38.145658+00:00"
"2024-12-01","cat feeder","80","62.75","audit_b_5y","core","cat","true","audit_b_5y","false","AU","Web Search","2026-10-07T11:21:38.145658+00:00"
"2024-12-08","cat feeder","87","73.5","audit_b_5y","core","cat","true","audit_b_5y","false","AU","Web Search","2026-10-07T11:21:38.145658+00:00"
"2024-12-15","cat feeder","70","76.5","audit_b_5y","core","cat","true","audit_b_5y","false","AU","Web Search","2026-10-07T11:21:38.145658+00:00"
"2024-12-22","cat feeder","95","83","audit_b_5y","core","cat","true","audit_b_5y","false","AU","Web Search","2026-10-07T11:21:38.145658+00:00"
"2024-12-29","cat feeder","71","80.75","audit_b_5y","core","cat","true","audit_b_5y","false","AU","Web Search","2026-10-07T11:21:38.145658+00:00"
"2025-01-05","cat feeder","57","73.25","audit_b_5y","core","cat","true","audit_b_5y","false","AU","Web Search","2026-10-07T11:21:38.145658+00:00"
"2025-01-12","cat feeder","67","72.5","audit_b_5y","core","cat","true","audit_b_5y","false","AU","Web Search","2026-10-07T11:21:38.145658+00:00"
"2025-01-19","cat feeder","54","62.25","audit_b_5y","core","cat","true","audit_b_5y","false","AU","Web Search","2026-10-07T11:21:38.145658+00:00"
"2025-01-26","cat feeder","57","58.75","audit_b_5y","core","cat","true","audit_b_5y","false","AU","Web Search","2026-10-07T11:21:38.145658+00:00"
"2025-02-02","cat feeder","66","61","audit_b_5y","core","cat","true","audit_b_5y","false","AU","Web Search","2026-10-07T11:21:38.145658+00:00"
"2025-02-09","cat feeder","42","54.75","audit_b_5y","core","cat","true","audit_b_5y","false","AU","Web Search","2026-10-07T11:21:38.145658+00:00"
"2025-02-16","cat feeder","44","52.25","audit_b_5y","core","cat","true","audit_b_5y","false","AU","Web Search","2026-10-07T11:21:38.145658+00:00"
"2025-02-23","cat feeder","56","52","audit_b_5y","core","cat","true","audit_b_5y","false","AU","Web Search","2026-10-07T11:21:38.145658+00:00"
"2025-03-02","cat feeder","45","46.75","audit_b_5y","core","cat","true","audit_b_5y","false","AU","Web Search","2026-10-07T11:21:38.145658+00:00"
"2025-03-09","cat feeder","43","47","audit_b_5y","core","cat","true","audit_b_5y","false","AU","Web Search","2026-10-07T11:21:38.145658+00:00"
"2025-03-16","cat feeder","50","48.5","audit_b_5y","core","cat","true","audit_b_5y","false","AU","Web Search","2026-10-07T11:21:38.145658+00:00"
"2025-03-23","cat feeder","52","47.5","audit_b_5y","core","cat","true","audit_b_5y","false","AU","Web Search","2026-10-07T11:21:38.145658+00:00"
"2025-03-30","cat feeder","51","49","audit_b_5y","core","cat","true","audit_b_5y","false","AU","Web Search","2026-10-07T11:21:38.145658+00:00"
"2025-04-06","cat feeder","64","54.25","audit_b_5y","core","cat","true","audit_b_5y","false","AU","Web Search","2026-10-07T11:21:38.145658+00:00"
"2025-04-13","cat feeder","68","58.75","audit_b_5y","core","cat","true","audit_b_5y","false","AU","Web Search","2026-10-07T11:21:38.145658+00:00"
"2025-04-20","cat feeder","67","62.5","audit_b_5y","core","cat","true","audit_b_5y","false","AU","Web Search","2026-10-07T11:21:38.145658+00:00"
"2025-04-27","cat feeder","52","62.75","audit_b_5y","core","cat","true","audit_b_5y","false","AU","Web Search","2026-10-07T11:21:38.145658+00:00"
"2025-05-04","cat feeder","63","62.5","audit_b_5y","core","cat","true","audit_b_5y","false","AU","Web Search","2026-10-07T11:21:38.145658+00:00"
"2025-05-11","cat feeder","53","58.75","audit_b_5y","core","cat","true","audit_b_5y","false","AU","Web Search","2026-10-07T11:21:38.145658+00:00"
"2025-05-18","cat feeder","45","53.25","audit_b_5y","core","cat","true","audit_b_5y","false","AU","Web Search","2026-10-07T11:21:38.145658+00:00"
"2025-05-25","cat feeder","46","51.75","audit_b_5y","core","cat","true","audit_b_5y","false","AU","Web Search","2026-10-07T11:21:38.145658+00:00"
"2025-06-01","cat feeder","58","50.5","audit_b_5y","core","cat","true","audit_b_5y","false","AU","Web Search","2026-10-07T11:21:38.145658+00:00"
"2025-06-08","cat feeder","48","49.25","audit_b_5y","core","cat","true","audit_b_5y","false","AU","Web Search","2026-10-07T11:21:38.145658+00:00"
"2025-06-15","cat feeder","57","52.25","audit_b_5y","core","cat","true","audit_b_5y","false","AU","Web Search","2026-10-07T11:21:38.145658+00:00"
"2025-06-22","cat feeder","56","54.75","audit_b_5y","core","cat","true","audit_b_5y","false","AU","Web Search","2026-10-07T11:21:38.145658+00:00"
"2025-06-29","cat feeder","71","58","audit_b_5y","core","cat","true","audit_b_5y","false","AU","Web Search","2026-10-07T11:21:38.145658+00:00"
"2025-07-06","cat feeder","66","62.5","audit_b_5y","core","cat","true","audit_b_5y","false","AU","Web Search","2026-10-07T11:21:38.145658+00:00"
"2025-07-13","cat feeder","68","65.25","audit_b_5y","core","cat","true","audit_b_5y","false","AU","Web Search","2026-10-07T11:21:38.145658+00:00"
"2025-07-20","cat feeder","51","64","audit_b_5y","core","cat","true","audit_b_5y","false","AU","Web Search","2026-10-07T11:21:38.145658+00:00"
"2025-07-27","cat feeder","65","62.5","audit_b_5y","core","cat","true","audit_b_5y","false","AU","Web Search","2026-10-07T11:21:38.145658+00:00"
"2025-08-03","cat feeder","61","61.25","audit_b_5y","core","cat","true","audit_b_5y","false","AU","Web Search","2026-10-07T11:21:38.145658+00:00"
"2025-08-10","cat feeder","53","57.5","audit_b_5y","core","cat","true","audit_b_5y","false","AU","Web Search","2026-10-07T11:21:38.145658+00:00"
"2025-08-17","cat feeder","48","56.75","audit_b_5y","core","cat","true","audit_b_5y","false","AU","Web Search","2026-10-07T11:21:38.145658+00:00"
"2025-08-24","cat feeder","66","57","audit_b_5y","core","cat","true","audit_b_5y","false","AU","Web Search","2026-10-07T11:21:38.145658+00:00"
"2025-08-31","cat feeder","68","58.75","audit_b_5y","core","cat","true","audit_b_5y","false","AU","Web Search","2026-10-07T11:21:38.145658+00:00"
"2025-09-07","cat feeder","55","59.25","audit_b_5y","core","cat","true","audit_b_5y","false","AU","Web Search","2026-10-07T11:21:38.145658+00:00"
"2025-09-14","cat feeder","64","63.25","audit_b_5y","core","cat","true","audit_b_5y","false","AU","Web Search","2026-10-07T11:21:38.145658+00:00"
"2025-09-21","cat feeder","68","63.75","audit_b_5y","core","cat","true","audit_b_5y","false","AU","Web Search","2026-10-07T11:21:38.145658+00:00"
"2025-09-28","cat feeder","55","60.5","audit_b_5y","core","cat","true","audit_b_5y","false","AU","Web Search","2026-10-07T11:21:38.145658+00:00"
"2025-10-05","cat feeder","53","60","audit_b_5y","core","cat","true","audit_b_5y","false","AU","Web Search","2026-10-07T11:21:38.145658+00:00"
"2025-10-12","cat feeder","55","57.75","audit_b_5y","core","cat","true","audit_b_5y","false","AU","Web Search","2026-10-07T11:21:38.145658+00:00"
"2025-10-19","cat feeder","51","53.5","audit_b_5y","core","cat","true","audit_b_5y","false","AU","Web Search","2026-10-07T11:21:38.145658+00:00"
"2025-10-26","cat feeder","66","56.25","audit_b_5y","core","cat","true","audit_b_5y","false","AU","Web Search","2026-10-07T11:21:38.145658+00:00"
"2025-11-02","cat feeder","72","61","audit_b_5y","core","cat","true","audit_b_5y","false","AU","Web Search","2026-10-07T11:21:38.145658+00:00"
"2025-11-09","cat feeder","48","59.25","audit_b_5y","core","cat","true","audit_b_5y","false","AU","Web Search","2026-10-07T11:21:38.145658+00:00"
"2025-11-16","cat feeder","79","66.25","audit_b_5y","core","cat","true","audit_b_5y","false","AU","Web Search","2026-10-07T11:21:38.145658+00:00"
"2025-11-23","cat feeder","86","71.25","audit_b_5y","core","cat","true","audit_b_5y","false","AU","Web Search","2026-10-07T11:21:38.145658+00:00"
"2025-11-30","cat feeder","62","68.75","audit_b_5y","core","cat","true","audit_b_5y","false","AU","Web Search","2026-10-07T11:21:38.145658+00:00"
"2025-12-07","cat feeder","68","73.75","audit_b_5y","core","cat","true","audit_b_5y","false","AU","Web Search","2026-10-07T11:21:38.145658+00:00"
"2025-12-14","cat feeder","85","75.25","audit_b_5y","core","cat","true","audit_b_5y","false","AU","Web Search","2026-10-07T11:21:38.145658+00:00"
"2025-12-21","cat feeder","96","77.75","audit_b_5y","core","cat","true","audit_b_5y","false","AU","Web Search","2026-10-07T11:21:38.145658+00:00"
"2025-12-28","cat feeder","71","80","audit_b_5y","core","cat","true","audit_b_5y","false","AU","Web Search","2026-10-07T11:21:38.145658+00:00"
"2026-01-04","cat feeder","77","82.25","audit_b_5y","core","cat","true","audit_b_5y","false","AU","Web Search","2026-10-07T11:21:38.145658+00:00"
"2026-01-11","cat feeder","72","79","audit_b_5y","core","cat","true","audit_b_5y","false","AU","Web Search","2026-10-07T11:21:38.145658+00:00"
"2026-01-18","cat feeder","70","72.5","audit_b_5y","core","cat","true","audit_b_5y","false","AU","Web Search","2026-10-07T11:21:38.145658+00:00"
"2026-01-25","cat feeder","65","71","audit_b_5y","core","cat","true","audit_b_5y","false","AU","Web Search","2026-10-07T11:21:38.145658+00:00"
"2026-02-01","cat feeder","65","68","audit_b_5y","core","cat","true","audit_b_5y","false","AU","Web Search","2026-10-07T11:21:38.145658+00:00"
"2026-02-08","cat feeder","65","66.25","audit_b_5y","core","cat","true","audit_b_5y","false","AU","Web Search","2026-10-07T11:21:38.145658+00:00"
"2026-02-15","cat feeder","69","66","audit_b_5y","core","cat","true","audit_b_5y","false","AU","Web Search","2026-10-07T11:21:38.145658+00:00"
"2026-02-22","cat feeder","74","68.25","audit_b_5y","core","cat","true","audit_b_5y","false","AU","Web Search","2026-10-07T11:21:38.145658+00:00"
"2026-03-01","cat feeder","58","66.5","audit_b_5y","core","cat","true","audit_b_5y","false","AU","Web Search","2026-10-07T11:21:38.145658+00:00"
"2026-03-08","cat feeder","54","63.75","audit_b_5y","core","cat","true","audit_b_5y","false","AU","Web Search","2026-10-07T11:21:38.145658+00:00"
"2026-03-15","cat feeder","48","58.5","audit_b_5y","core","cat","true","audit_b_5y","false","AU","Web Search","2026-10-07T11:21:38.145658+00:00"
"2026-03-22","cat feeder","82","60.5","audit_b_5y","core","cat","true","audit_b_5y","false","AU","Web Search","2026-10-07T11:21:38.145658+00:00"
"2026-03-29","cat feeder","86","67.5","audit_b_5y","core","cat","true","audit_b_5y","false","AU","Web Search","2026-10-07T11:21:38.145658+00:00"
"2026-04-05","cat feeder","91","76.75","audit_b_5y","core","cat","true","audit_b_5y","false","AU","Web Search","2026-10-07T11:21:38.145658+00:00"
"2026-04-12","cat feeder","88","86.75","audit_b_5y","core","cat","true","audit_b_5y","false","AU","Web Search","2026-10-07T11:21:38.145658+00:00"
"2026-04-19","cat feeder","73","84.5","audit_b_5y","core","cat","true","audit_b_5y","false","AU","Web Search","2026-10-07T11:21:38.145658+00:00"
"2026-04-26","cat feeder","71","80.75","audit_b_5y","core","cat","true","audit_b_5y","false","AU","Web Search","2026-10-07T11:21:38.145658+00:00"
"2026-05-03","cat feeder","76","77","audit_b_5y","core","cat","true","audit_b_5y","false","AU","Web Search","2026-10-07T11:21:38.145658+00:00"
"2026-05-10","cat feeder","72","73","audit_b_5y","core","cat","true","audit_b_5y","false","AU","Web Search","2026-10-07T11:21:38.145658+00:00"
"2026-05-17","cat feeder","56","68.75","audit_b_5y","core","cat","true","audit_b_5y","false","AU","Web Search","2026-10-07T11:21:38.145658+00:00"
"2026-05-24","cat feeder","64","67","audit_b_5y","core","cat","true","audit_b_5y","false","AU","Web Search","2026-10-07T11:21:38.145658+00:00"
"2026-05-31","cat feeder","59","62.75","audit_b_5y","core","cat","true","audit_b_5y","false","AU","Web Search","2026-10-07T11:21:38.145658+00:00"
"2026-06-07","cat feeder","57","59","audit_b_5y","core","cat","true","audit_b_5y","false","AU","Web Search","2026-10-07T11:21:38.145658+00:00"
"2026-06-14","cat feeder","72","63","audit_b_5y","core","cat","true","audit_b_5y","false","AU","Web Search","2026-10-07T11:21:38.145658+00:00"
"2026-06-21","cat feeder","100","72","audit_b_5y","core","cat","true","audit_b_5y","false","AU","Web Search","2026-10-07T11:21:38.145658+00:00"
"2026-06-28","cat feeder","61","72.5","audit_b_5y","core","cat","true","audit_b_5y","false","AU","Web Search","2026-10-07T11:21:38.145658+00:00"
"2026-07-05","cat feeder","92","81.25","audit_b_5y","core","cat","true","audit_b_5y","false","AU","Web Search","2026-10-07T11:21:38.145658+00:00"
"2026-07-12","cat feeder","77","82.5","audit_b_5y","core","cat","true","audit_b_5y","false","AU","Web Search","2026-10-07T11:21:38.145658+00:00"
"2026-07-19","cat feeder","82","78","audit_b_5y","core","cat","true","audit_b_5y","false","AU","Web Search","2026-10-07T11:21:38.145658+00:00"
"2026-07-26","cat feeder","81","83","audit_b_5y","core","cat","true","audit_b_5y","false","AU","Web Search","2026-10-07T11:21:38.145658+00:00"
"2026-08-02","cat feeder","80","80","audit_b_5y","core","cat","true","audit_b_5y","false","AU","Web Search","2026-10-07T11:21:38.145658+00:00"
"2026-08-09","cat feeder","85","82","audit_b_5y","core","cat","true","audit_b_5y","false","AU","Web Search","2026-10-07T11:21:38.145658+00:00"
"2026-08-16","cat feeder","76","80.5","audit_b_5y","core","cat","true","audit_b_5y","false","AU","Web Search","2026-10-07T11:21:38.145658+00:00"
"2026-08-23","cat feeder","73","78.5","audit_b_5y","core","cat","true","audit_b_5y","false","AU","Web Search","2026-10-07T11:21:38.145658+00:00"
"2026-08-30","cat feeder","73","76.75","audit_b_5y","core","cat","true","audit_b_5y","false","AU","Web Search","2026-10-07T11:21:38.145658+00:00"
"2026-09-06","cat feeder","63","71.25","audit_b_5y","core","cat","true","audit_b_5y","false","AU","Web Search","2026-10-07T11:21:38.145658+00:00"
"2026-09-13","cat feeder","80","72.25","audit_b_5y","core","cat","true","audit_b_5y","false","AU","Web Search","2026-10-07T11:21:38.145658+00:00"
"2026-09-20","cat feeder","58","68.5","audit_b_5y","core","cat","true","audit_b_5y","false","AU","Web Search","2026-10-07T11:21:38.145658+00:00"
"2026-09-27","cat feeder","76","69.25","audit_b_5y","core","cat","true","audit_b_5y","false","AU","Web Search","2026-10-07T11:21:38.145658+00:00"
"2026-10-04","cat feeder","64","69.5","audit_b_5y","core","cat","true","audit_b_5y","true","AU","Web Search","2026-10-07T11:21:38.145658+00:00"
"2021-10-03","dog feeder","23",,"audit_b_5y","diagnostic","dog","false","audit_b_5y","true","AU","Web Search","2026-10-07T11:21:38.145658+00:00"
"2021-10-10","dog feeder","31",,"audit_b_5y","diagnostic","dog","false","audit_b_5y","false","AU","Web Search","2026-10-07T11:21:38.145658+00:00"
"2021-10-17","dog feeder","17",,"audit_b_5y","diagnostic","dog","false","audit_b_5y","false","AU","Web Search","2026-10-07T11:21:38.145658+00:00"
"2021-10-24","dog feeder","38","27.25","audit_b_5y","diagnostic","dog","false","audit_b_5y","false","AU","Web Search","2026-10-07T11:21:38.145658+00:00"
"2021-10-31","dog feeder","36","30.5","audit_b_5y","diagnostic","dog","false","audit_b_5y","false","AU","Web Search","2026-10-07T11:21:38.145658+00:00"
"2021-11-07","dog feeder","30","30.25","audit_b_5y","diagnostic","dog","false","audit_b_5y","false","AU","Web Search","2026-10-07T11:21:38.145658+00:00"
"2021-11-14","dog feeder","25","32.25","audit_b_5y","diagnostic","dog","false","audit_b_5y","false","AU","Web Search","2026-10-07T11:21:38.145658+00:00"
"2021-11-21","dog feeder","31","30.5","audit_b_5y","diagnostic","dog","false","audit_b_5y","false","AU","Web Search","2026-10-07T11:21:38.145658+00:00"
"2021-11-28","dog feeder","33","29.75","audit_b_5y","diagnostic","dog","false","audit_b_5y","false","AU","Web Search","2026-10-07T11:21:38.145658+00:00"
"2021-12-05","dog feeder","29","29.5","audit_b_5y","diagnostic","dog","false","audit_b_5y","false","AU","Web Search","2026-10-07T11:21:38.145658+00:00"
"2021-12-12","dog feeder","25","29.5","audit_b_5y","diagnostic","dog","false","audit_b_5y","false","AU","Web Search","2026-10-07T11:21:38.145658+00:00"
"2021-12-19","dog feeder","28","28.75","audit_b_5y","diagnostic","dog","false","audit_b_5y","false","AU","Web Search","2026-10-07T11:21:38.145658+00:00"
"2021-12-26","dog feeder","26","27","audit_b_5y","diagnostic","dog","false","audit_b_5y","false","AU","Web Search","2026-10-07T11:21:38.145658+00:00"
"2022-01-02","dog feeder","36","28.75","audit_b_5y","diagnostic","dog","false","audit_b_5y","false","AU","Web Search","2026-10-07T11:21:38.145658+00:00"
"2022-01-09","dog feeder","24","28.5","audit_b_5y","diagnostic","dog","false","audit_b_5y","false","AU","Web Search","2026-10-07T11:21:38.145658+00:00"
"2022-01-16","dog feeder","34","30","audit_b_5y","diagnostic","dog","false","audit_b_5y","false","AU","Web Search","2026-10-07T11:21:38.145658+00:00"
"2022-01-23","dog feeder","29","30.75","audit_b_5y","diagnostic","dog","false","audit_b_5y","false","AU","Web Search","2026-10-07T11:21:38.145658+00:00"
"2022-01-30","dog feeder","32","29.75","audit_b_5y","diagnostic","dog","false","audit_b_5y","false","AU","Web Search","2026-10-07T11:21:38.145658+00:00"
"2022-02-06","dog feeder","35","32.5","audit_b_5y","diagnostic","dog","false","audit_b_5y","false","AU","Web Search","2026-10-07T11:21:38.145658+00:00"
"2022-02-13","dog feeder","43","34.75","audit_b_5y","diagnostic","dog","false","audit_b_5y","false","AU","Web Search","2026-10-07T11:21:38.145658+00:00"
"2022-02-20","dog feeder","33","35.75","audit_b_5y","diagnostic","dog","false","audit_b_5y","false","AU","Web Search","2026-10-07T11:21:38.145658+00:00"
"2022-02-27","dog feeder","27","34.5","audit_b_5y","diagnostic","dog","false","audit_b_5y","false","AU","Web Search","2026-10-07T11:21:38.145658+00:00"
"2022-03-06","dog feeder","32","33.75","audit_b_5y","diagnostic","dog","false","audit_b_5y","false","AU","Web Search","2026-10-07T11:21:38.145658+00:00"
"2022-03-13","dog feeder","46","34.5","audit_b_5y","diagnostic","dog","false","audit_b_5y","false","AU","Web Search","2026-10-07T11:21:38.145658+00:00"
"2022-03-20","dog feeder","30","33.75","audit_b_5y","diagnostic","dog","false","audit_b_5y","false","AU","Web Search","2026-10-07T11:21:38.145658+00:00"
"2022-03-27","dog feeder","39","36.75","audit_b_5y","diagnostic","dog","false","audit_b_5y","false","AU","Web Search","2026-10-07T11:21:38.145658+00:00"
"2022-04-03","dog feeder","54","42.25","audit_b_5y","diagnostic","dog","false","audit_b_5y","false","AU","Web Search","2026-10-07T11:21:38.145658+00:00"
"2022-04-10","dog feeder","37","40","audit_b_5y","diagnostic","dog","false","audit_b_5y","false","AU","Web Search","2026-10-07T11:21:38.145658+00:00"
"2022-04-17","dog feeder","56","46.5","audit_b_5y","diagnostic","dog","false","audit_b_5y","false","AU","Web Search","2026-10-07T11:21:38.145658+00:00"
"2022-04-24","dog feeder","41","47","audit_b_5y","diagnostic","dog","false","audit_b_5y","false","AU","Web Search","2026-10-07T11:21:38.145658+00:00"
"2022-05-01","dog feeder","36","42.5","audit_b_5y","diagnostic","dog","false","audit_b_5y","false","AU","Web Search","2026-10-07T11:21:38.145658+00:00"
"2022-05-08","dog feeder","31","41","audit_b_5y","diagnostic","dog","false","audit_b_5y","false","AU","Web Search","2026-10-07T11:21:38.145658+00:00"
"2022-05-15","dog feeder","42","37.5","audit_b_5y","diagnostic","dog","false","audit_b_5y","false","AU","Web Search","2026-10-07T11:21:38.145658+00:00"
"2022-05-22","dog feeder","30","34.75","audit_b_5y","diagnostic","dog","false","audit_b_5y","false","AU","Web Search","2026-10-07T11:21:38.145658+00:00"
"2022-05-29","dog feeder","36","34.75","audit_b_5y","diagnostic","dog","false","audit_b_5y","false","AU","Web Search","2026-10-07T11:21:38.145658+00:00"
"2022-06-05","dog feeder","31","34.75","audit_b_5y","diagnostic","dog","false","audit_b_5y","false","AU","Web Search","2026-10-07T11:21:38.145658+00:00"
"2022-06-12","dog feeder","18","28.75","audit_b_5y","diagnostic","dog","false","audit_b_5y","false","AU","Web Search","2026-10-07T11:21:38.145658+00:00"
"2022-06-19","dog feeder","45","32.5","audit_b_5y","diagnostic","dog","false","audit_b_5y","false","AU","Web Search","2026-10-07T11:21:38.145658+00:00"
"2022-06-26","dog feeder","48","35.5","audit_b_5y","diagnostic","dog","false","audit_b_5y","false","AU","Web Search","2026-10-07T11:21:38.145658+00:00"
"2022-07-03","dog feeder","43","38.5","audit_b_5y","diagnostic","dog","false","audit_b_5y","false","AU","Web Search","2026-10-07T11:21:38.145658+00:00"
"2022-07-10","dog feeder","37","43.25","audit_b_5y","diagnostic","dog","false","audit_b_5y","false","AU","Web Search","2026-10-07T11:21:38.145658+00:00"
"2022-07-17","dog feeder","47","43.75","audit_b_5y","diagnostic","dog","false","audit_b_5y","false","AU","Web Search","2026-10-07T11:21:38.145658+00:00"
"2022-07-24","dog feeder","43","42.5","audit_b_5y","diagnostic","dog","false","audit_b_5y","false","AU","Web Search","2026-10-07T11:21:38.145658+00:00"
"2022-07-31","dog feeder","48","43.75","audit_b_5y","diagnostic","dog","false","audit_b_5y","false","AU","Web Search","2026-10-07T11:21:38.145658+00:00"
"2022-08-07","dog feeder","37","43.75","audit_b_5y","diagnostic","dog","false","audit_b_5y","false","AU","Web Search","2026-10-07T11:21:38.145658+00:00"
"2022-08-14","dog feeder","42","42.5","audit_b_5y","diagnostic","dog","false","audit_b_5y","false","AU","Web Search","2026-10-07T11:21:38.145658+00:00"
"2022-08-21","dog feeder","50","44.25","audit_b_5y","diagnostic","dog","false","audit_b_5y","false","AU","Web Search","2026-10-07T11:21:38.145658+00:00"
"2022-08-28","dog feeder","38","41.75","audit_b_5y","diagnostic","dog","false","audit_b_5y","false","AU","Web Search","2026-10-07T11:21:38.145658+00:00"
"2022-09-04","dog feeder","51","45.25","audit_b_5y","diagnostic","dog","false","audit_b_5y","false","AU","Web Search","2026-10-07T11:21:38.145658+00:00"
"2022-09-11","dog feeder","50","47.25","audit_b_5y","diagnostic","dog","false","audit_b_5y","false","AU","Web Search","2026-10-07T11:21:38.145658+00:00"
"2022-09-18","dog feeder","32","42.75","audit_b_5y","diagnostic","dog","false","audit_b_5y","false","AU","Web Search","2026-10-07T11:21:38.145658+00:00"
"2022-09-25","dog feeder","47","45","audit_b_5y","diagnostic","dog","false","audit_b_5y","false","AU","Web Search","2026-10-07T11:21:38.145658+00:00"
"2022-10-02","dog feeder","27","39","audit_b_5y","diagnostic","dog","false","audit_b_5y","false","AU","Web Search","2026-10-07T11:21:38.145658+00:00"
"2022-10-09","dog feeder","15","30.25","audit_b_5y","diagnostic","dog","false","audit_b_5y","false","AU","Web Search","2026-10-07T11:21:38.145658+00:00"
"2022-10-16","dog feeder","33","30.5","audit_b_5y","diagnostic","dog","false","audit_b_5y","false","AU","Web Search","2026-10-07T11:21:38.145658+00:00"
"2022-10-23","dog feeder","30","26.25","audit_b_5y","diagnostic","dog","false","audit_b_5y","false","AU","Web Search","2026-10-07T11:21:38.145658+00:00"
"2022-10-30","dog feeder","35","28.25","audit_b_5y","diagnostic","dog","false","audit_b_5y","false","AU","Web Search","2026-10-07T11:21:38.145658+00:00"
"2022-11-06","dog feeder","26","31","audit_b_5y","diagnostic","dog","false","audit_b_5y","false","AU","Web Search","2026-10-07T11:21:38.145658+00:00"
"2022-11-13","dog feeder","33","31","audit_b_5y","diagnostic","dog","false","audit_b_5y","false","AU","Web Search","2026-10-07T11:21:38.145658+00:00"
"2022-11-20","dog feeder","39","33.25","audit_b_5y","diagnostic","dog","false","audit_b_5y","false","AU","Web Search","2026-10-07T11:21:38.145658+00:00"
"2022-11-27","dog feeder","47","36.25","audit_b_5y","diagnostic","dog","false","audit_b_5y","false","AU","Web Search","2026-10-07T11:21:38.145658+00:00"
"2022-12-04","dog feeder","23","35.5","audit_b_5y","diagnostic","dog","false","audit_b_5y","false","AU","Web Search","2026-10-07T11:21:38.145658+00:00"
"2022-12-11","dog feeder","62","42.75","audit_b_5y","diagnostic","dog","false","audit_b_5y","false","AU","Web Search","2026-10-07T11:21:38.145658+00:00"
"2022-12-18","dog feeder","50","45.5","audit_b_5y","diagnostic","dog","false","audit_b_5y","false","AU","Web Search","2026-10-07T11:21:38.145658+00:00"
"2022-12-25","dog feeder","53","47","audit_b_5y","diagnostic","dog","false","audit_b_5y","false","AU","Web Search","2026-10-07T11:21:38.145658+00:00"
"2023-01-01","dog feeder","47","53","audit_b_5y","diagnostic","dog","false","audit_b_5y","false","AU","Web Search","2026-10-07T11:21:38.145658+00:00"
"2023-01-08","dog feeder","37","46.75","audit_b_5y","diagnostic","dog","false","audit_b_5y","false","AU","Web Search","2026-10-07T11:21:38.145658+00:00"
"2023-01-15","dog feeder","44","45.25","audit_b_5y","diagnostic","dog","false","audit_b_5y","false","AU","Web Search","2026-10-07T11:21:38.145658+00:00"
"2023-01-22","dog feeder","25","38.25","audit_b_5y","diagnostic","dog","false","audit_b_5y","false","AU","Web Search","2026-10-07T11:21:38.145658+00:00"
"2023-01-29","dog feeder","33","34.75","audit_b_5y","diagnostic","dog","false","audit_b_5y","false","AU","Web Search","2026-10-07T11:21:38.145658+00:00"
"2023-02-05","dog feeder","34","34","audit_b_5y","diagnostic","dog","false","audit_b_5y","false","AU","Web Search","2026-10-07T11:21:38.145658+00:00"
"2023-02-12","dog feeder","23","28.75","audit_b_5y","diagnostic","dog","false","audit_b_5y","false","AU","Web Search","2026-10-07T11:21:38.145658+00:00"
"2023-02-19","dog feeder","56","36.5","audit_b_5y","diagnostic","dog","false","audit_b_5y","false","AU","Web Search","2026-10-07T11:21:38.145658+00:00"
"2023-02-26","dog feeder","40","38.25","audit_b_5y","diagnostic","dog","false","audit_b_5y","false","AU","Web Search","2026-10-07T11:21:38.145658+00:00"
"2023-03-05","dog feeder","34","38.25","audit_b_5y","diagnostic","dog","false","audit_b_5y","false","AU","Web Search","2026-10-07T11:21:38.145658+00:00"
"2023-03-12","dog feeder","43","43.25","audit_b_5y","diagnostic","dog","false","audit_b_5y","false","AU","Web Search","2026-10-07T11:21:38.145658+00:00"
"2023-03-19","dog feeder","33","37.5","audit_b_5y","diagnostic","dog","false","audit_b_5y","false","AU","Web Search","2026-10-07T11:21:38.145658+00:00"
"2023-03-26","dog feeder","34","36","audit_b_5y","diagnostic","dog","false","audit_b_5y","false","AU","Web Search","2026-10-07T11:21:38.145658+00:00"
"2023-04-02","dog feeder","48","39.5","audit_b_5y","diagnostic","dog","false","audit_b_5y","false","AU","Web Search","2026-10-07T11:21:38.145658+00:00"
"2023-04-09","dog feeder","50","41.25","audit_b_5y","diagnostic","dog","false","audit_b_5y","false","AU","Web Search","2026-10-07T11:21:38.145658+00:00"
"2023-04-16","dog feeder","37","42.25","audit_b_5y","diagnostic","dog","false","audit_b_5y","false","AU","Web Search","2026-10-07T11:21:38.145658+00:00"
"2023-04-23","dog feeder","40","43.75","audit_b_5y","diagnostic","dog","false","audit_b_5y","false","AU","Web Search","2026-10-07T11:21:38.145658+00:00"
"2023-04-30","dog feeder","61","47","audit_b_5y","diagnostic","dog","false","audit_b_5y","false","AU","Web Search","2026-10-07T11:21:38.145658+00:00"
"2023-05-07","dog feeder","32","42.5","audit_b_5y","diagnostic","dog","false","audit_b_5y","false","AU","Web Search","2026-10-07T11:21:38.145658+00:00"
"2023-05-14","dog feeder","41","43.5","audit_b_5y","diagnostic","dog","false","audit_b_5y","false","AU","Web Search","2026-10-07T11:21:38.145658+00:00"
"2023-05-21","dog feeder","48","45.5","audit_b_5y","diagnostic","dog","false","audit_b_5y","false","AU","Web Search","2026-10-07T11:21:38.145658+00:00"
"2023-05-28","dog feeder","38","39.75","audit_b_5y","diagnostic","dog","false","audit_b_5y","false","AU","Web Search","2026-10-07T11:21:38.145658+00:00"
"2023-06-04","dog feeder","30","39.25","audit_b_5y","diagnostic","dog","false","audit_b_5y","false","AU","Web Search","2026-10-07T11:21:38.145658+00:00"
"2023-06-11","dog feeder","39","38.75","audit_b_5y","diagnostic","dog","false","audit_b_5y","false","AU","Web Search","2026-10-07T11:21:38.145658+00:00"
"2023-06-18","dog feeder","49","39","audit_b_5y","diagnostic","dog","false","audit_b_5y","false","AU","Web Search","2026-10-07T11:21:38.145658+00:00"
"2023-06-25","dog feeder","45","40.75","audit_b_5y","diagnostic","dog","false","audit_b_5y","false","AU","Web Search","2026-10-07T11:21:38.145658+00:00"
"2023-07-02","dog feeder","49","45.5","audit_b_5y","diagnostic","dog","false","audit_b_5y","false","AU","Web Search","2026-10-07T11:21:38.145658+00:00"
"2023-07-09","dog feeder","24","41.75","audit_b_5y","diagnostic","dog","false","audit_b_5y","false","AU","Web Search","2026-10-07T11:21:38.145658+00:00"
"2023-07-16","dog feeder","36","38.5","audit_b_5y","diagnostic","dog","false","audit_b_5y","false","AU","Web Search","2026-10-07T11:21:38.145658+00:00"
"2023-07-23","dog feeder","51","40","audit_b_5y","diagnostic","dog","false","audit_b_5y","false","AU","Web Search","2026-10-07T11:21:38.145658+00:00"
"2023-07-30","dog feeder","42","38.25","audit_b_5y","diagnostic","dog","false","audit_b_5y","false","AU","Web Search","2026-10-07T11:21:38.145658+00:00"
"2023-08-06","dog feeder","32","40.25","audit_b_5y","diagnostic","dog","false","audit_b_5y","false","AU","Web Search","2026-10-07T11:21:38.145658+00:00"
"2023-08-13","dog feeder","26","37.75","audit_b_5y","diagnostic","dog","false","audit_b_5y","false","AU","Web Search","2026-10-07T11:21:38.145658+00:00"
"2023-08-20","dog feeder","47","36.75","audit_b_5y","diagnostic","dog","false","audit_b_5y","false","AU","Web Search","2026-10-07T11:21:38.145658+00:00"
"2023-08-27","dog feeder","30","33.75","audit_b_5y","diagnostic","dog","false","audit_b_5y","false","AU","Web Search","2026-10-07T11:21:38.145658+00:00"
"2023-09-03","dog feeder","30","33.25","audit_b_5y","diagnostic","dog","false","audit_b_5y","false","AU","Web Search","2026-10-07T11:21:38.145658+00:00"
"2023-09-10","dog feeder","40","36.75","audit_b_5y","diagnostic","dog","false","audit_b_5y","false","AU","Web Search","2026-10-07T11:21:38.145658+00:00"
"2023-09-17","dog feeder","41","35.25","audit_b_5y","diagnostic","dog","false","audit_b_5y","false","AU","Web Search","2026-10-07T11:21:38.145658+00:00"
"2023-09-24","dog feeder","21","33","audit_b_5y","diagnostic","dog","false","audit_b_5y","false","AU","Web Search","2026-10-07T11:21:38.145658+00:00"
"2023-10-01","dog feeder","37","34.75","audit_b_5y","diagnostic","dog","false","audit_b_5y","false","AU","Web Search","2026-10-07T11:21:38.145658+00:00"
"2023-10-08","dog feeder","41","35","audit_b_5y","diagnostic","dog","false","audit_b_5y","false","AU","Web Search","2026-10-07T11:21:38.145658+00:00"
"2023-10-15","dog feeder","39","34.5","audit_b_5y","diagnostic","dog","false","audit_b_5y","false","AU","Web Search","2026-10-07T11:21:38.145658+00:00"
"2023-10-22","dog feeder","36","38.25","audit_b_5y","diagnostic","dog","false","audit_b_5y","false","AU","Web Search","2026-10-07T11:21:38.145658+00:00"
"2023-10-29","dog feeder","45","40.25","audit_b_5y","diagnostic","dog","false","audit_b_5y","false","AU","Web Search","2026-10-07T11:21:38.145658+00:00"
"2023-11-05","dog feeder","24","36","audit_b_5y","diagnostic","dog","false","audit_b_5y","false","AU","Web Search","2026-10-07T11:21:38.145658+00:00"
"2023-11-12","dog feeder","42","36.75","audit_b_5y","diagnostic","dog","false","audit_b_5y","false","AU","Web Search","2026-10-07T11:21:38.145658+00:00"
"2023-11-19","dog feeder","44","38.75","audit_b_5y","diagnostic","dog","false","audit_b_5y","false","AU","Web Search","2026-10-07T11:21:38.145658+00:00"
"2023-11-26","dog feeder","38","37","audit_b_5y","diagnostic","dog","false","audit_b_5y","false","AU","Web Search","2026-10-07T11:21:38.145658+00:00"
"2023-12-03","dog feeder","42","41.5","audit_b_5y","diagnostic","dog","false","audit_b_5y","false","AU","Web Search","2026-10-07T11:21:38.145658+00:00"
"2023-12-10","dog feeder","40","41","audit_b_5y","diagnostic","dog","false","audit_b_5y","false","AU","Web Search","2026-10-07T11:21:38.145658+00:00"
"2023-12-17","dog feeder","36","39","audit_b_5y","diagnostic","dog","false","audit_b_5y","false","AU","Web Search","2026-10-07T11:21:38.145658+00:00"
"2023-12-24","dog feeder","50","42","audit_b_5y","diagnostic","dog","false","audit_b_5y","false","AU","Web Search","2026-10-07T11:21:38.145658+00:00"
"2023-12-31","dog feeder","48","43.5","audit_b_5y","diagnostic","dog","false","audit_b_5y","false","AU","Web Search","2026-10-07T11:21:38.145658+00:00"
"2024-01-07","dog feeder","35","42.25","audit_b_5y","diagnostic","dog","false","audit_b_5y","false","AU","Web Search","2026-10-07T11:21:38.145658+00:00"
"2024-01-14","dog feeder","31","41","audit_b_5y","diagnostic","dog","false","audit_b_5y","false","AU","Web Search","2026-10-07T11:21:38.145658+00:00"
"2024-01-21","dog feeder","48","40.5","audit_b_5y","diagnostic","dog","false","audit_b_5y","false","AU","Web Search","2026-10-07T11:21:38.145658+00:00"
"2024-01-28","dog feeder","36","37.5","audit_b_5y","diagnostic","dog","false","audit_b_5y","false","AU","Web Search","2026-10-07T11:21:38.145658+00:00"
"2024-02-04","dog feeder","38","38.25","audit_b_5y","diagnostic","dog","false","audit_b_5y","false","AU","Web Search","2026-10-07T11:21:38.145658+00:00"
"2024-02-11","dog feeder","41","40.75","audit_b_5y","diagnostic","dog","false","audit_b_5y","false","AU","Web Search","2026-10-07T11:21:38.145658+00:00"
"2024-02-18","dog feeder","31","36.5","audit_b_5y","diagnostic","dog","false","audit_b_5y","false","AU","Web Search","2026-10-07T11:21:38.145658+00:00"
"2024-02-25","dog feeder","40","37.5","audit_b_5y","diagnostic","dog","false","audit_b_5y","false","AU","Web Search","2026-10-07T11:21:38.145658+00:00"
"2024-03-03","dog feeder","32","36","audit_b_5y","diagnostic","dog","false","audit_b_5y","false","AU","Web Search","2026-10-07T11:21:38.145658+00:00"
"2024-03-10","dog feeder","39","35.5","audit_b_5y","diagnostic","dog","false","audit_b_5y","false","AU","Web Search","2026-10-07T11:21:38.145658+00:00"
"2024-03-17","dog feeder","41","38","audit_b_5y","diagnostic","dog","false","audit_b_5y","false","AU","Web Search","2026-10-07T11:21:38.145658+00:00"
"2024-03-24","dog feeder","45","39.25","audit_b_5y","diagnostic","dog","false","audit_b_5y","false","AU","Web Search","2026-10-07T11:21:38.145658+00:00"
"2024-03-31","dog feeder","33","39.5","audit_b_5y","diagnostic","dog","false","audit_b_5y","false","AU","Web Search","2026-10-07T11:21:38.145658+00:00"
"2024-04-07","dog feeder","41","40","audit_b_5y","diagnostic","dog","false","audit_b_5y","false","AU","Web Search","2026-10-07T11:21:38.145658+00:00"
"2024-04-14","dog feeder","50","42.25","audit_b_5y","diagnostic","dog","false","audit_b_5y","false","AU","Web Search","2026-10-07T11:21:38.145658+00:00"
"2024-04-21","dog feeder","36","40","audit_b_5y","diagnostic","dog","false","audit_b_5y","false","AU","Web Search","2026-10-07T11:21:38.145658+00:00"
"2024-04-28","dog feeder","36","40.75","audit_b_5y","diagnostic","dog","false","audit_b_5y","false","AU","Web Search","2026-10-07T11:21:38.145658+00:00"
"2024-05-05","dog feeder","29","37.75","audit_b_5y","diagnostic","dog","false","audit_b_5y","false","AU","Web Search","2026-10-07T11:21:38.145658+00:00"
"2024-05-12","dog feeder","35","34","audit_b_5y","diagnostic","dog","false","audit_b_5y","false","AU","Web Search","2026-10-07T11:21:38.145658+00:00"
"2024-05-19","dog feeder","44","36","audit_b_5y","diagnostic","dog","false","audit_b_5y","false","AU","Web Search","2026-10-07T11:21:38.145658+00:00"
"2024-05-26","dog feeder","44","38","audit_b_5y","diagnostic","dog","false","audit_b_5y","false","AU","Web Search","2026-10-07T11:21:38.145658+00:00"
"2024-06-02","dog feeder","38","40.25","audit_b_5y","diagnostic","dog","false","audit_b_5y","false","AU","Web Search","2026-10-07T11:21:38.145658+00:00"
"2024-06-09","dog feeder","42","42","audit_b_5y","diagnostic","dog","false","audit_b_5y","false","AU","Web Search","2026-10-07T11:21:38.145658+00:00"
"2024-06-16","dog feeder","40","41","audit_b_5y","diagnostic","dog","false","audit_b_5y","false","AU","Web Search","2026-10-07T11:21:38.145658+00:00"
"2024-06-23","dog feeder","34","38.5","audit_b_5y","diagnostic","dog","false","audit_b_5y","false","AU","Web Search","2026-10-07T11:21:38.145658+00:00"
"2024-06-30","dog feeder","36","38","audit_b_5y","diagnostic","dog","false","audit_b_5y","false","AU","Web Search","2026-10-07T11:21:38.145658+00:00"
"2024-07-07","dog feeder","32","35.5","audit_b_5y","diagnostic","dog","false","audit_b_5y","false","AU","Web Search","2026-10-07T11:21:38.145658+00:00"
"2024-07-14","dog feeder","46","37","audit_b_5y","diagnostic","dog","false","audit_b_5y","false","AU","Web Search","2026-10-07T11:21:38.145658+00:00"
"2024-07-21","dog feeder","26","35","audit_b_5y","diagnostic","dog","false","audit_b_5y","false","AU","Web Search","2026-10-07T11:21:38.145658+00:00"
"2024-07-28","dog feeder","26","32.5","audit_b_5y","diagnostic","dog","false","audit_b_5y","false","AU","Web Search","2026-10-07T11:21:38.145658+00:00"
"2024-08-04","dog feeder","34","33","audit_b_5y","diagnostic","dog","false","audit_b_5y","false","AU","Web Search","2026-10-07T11:21:38.145658+00:00"
"2024-08-11","dog feeder","34","30","audit_b_5y","diagnostic","dog","false","audit_b_5y","false","AU","Web Search","2026-10-07T11:21:38.145658+00:00"
"2024-08-18","dog feeder","38","33","audit_b_5y","diagnostic","dog","false","audit_b_5y","false","AU","Web Search","2026-10-07T11:21:38.145658+00:00"
"2024-08-25","dog feeder","38","36","audit_b_5y","diagnostic","dog","false","audit_b_5y","false","AU","Web Search","2026-10-07T11:21:38.145658+00:00"
"2024-09-01","dog feeder","31","35.25","audit_b_5y","diagnostic","dog","false","audit_b_5y","false","AU","Web Search","2026-10-07T11:21:38.145658+00:00"
"2024-09-08","dog feeder","27","33.5","audit_b_5y","diagnostic","dog","false","audit_b_5y","false","AU","Web Search","2026-10-07T11:21:38.145658+00:00"
"2024-09-15","dog feeder","43","34.75","audit_b_5y","diagnostic","dog","false","audit_b_5y","false","AU","Web Search","2026-10-07T11:21:38.145658+00:00"
"2024-09-22","dog feeder","39","35","audit_b_5y","diagnostic","dog","false","audit_b_5y","false","AU","Web Search","2026-10-07T11:21:38.145658+00:00"
"2024-09-29","dog feeder","52","40.25","audit_b_5y","diagnostic","dog","false","audit_b_5y","false","AU","Web Search","2026-10-07T11:21:38.145658+00:00"
"2024-10-06","dog feeder","30","41","audit_b_5y","diagnostic","dog","false","audit_b_5y","false","AU","Web Search","2026-10-07T11:21:38.145658+00:00"
"2024-10-13","dog feeder","39","40","audit_b_5y","diagnostic","dog","false","audit_b_5y","false","AU","Web Search","2026-10-07T11:21:38.145658+00:00"
"2024-10-20","dog feeder","42","40.75","audit_b_5y","diagnostic","dog","false","audit_b_5y","false","AU","Web Search","2026-10-07T11:21:38.145658+00:00"
"2024-10-27","dog feeder","41","38","audit_b_5y","diagnostic","dog","false","audit_b_5y","false","AU","Web Search","2026-10-07T11:21:38.145658+00:00"
"2024-11-03","dog feeder","48","42.5","audit_b_5y","diagnostic","dog","false","audit_b_5y","false","AU","Web Search","2026-10-07T11:21:38.145658+00:00"
"2024-11-10","dog feeder","29","40","audit_b_5y","diagnostic","dog","false","audit_b_5y","false","AU","Web Search","2026-10-07T11:21:38.145658+00:00"
"2024-11-17","dog feeder","27","36.25","audit_b_5y","diagnostic","dog","false","audit_b_5y","false","AU","Web Search","2026-10-07T11:21:38.145658+00:00"
"2024-11-24","dog feeder","42","36.5","audit_b_5y","diagnostic","dog","false","audit_b_5y","false","AU","Web Search","2026-10-07T11:21:38.145658+00:00"
"2024-12-01","dog feeder","32","32.5","audit_b_5y","diagnostic","dog","false","audit_b_5y","false","AU","Web Search","2026-10-07T11:21:38.145658+00:00"
"2024-12-08","dog feeder","38","34.75","audit_b_5y","diagnostic","dog","false","audit_b_5y","false","AU","Web Search","2026-10-07T11:21:38.145658+00:00"
"2024-12-15","dog feeder","30","35.5","audit_b_5y","diagnostic","dog","false","audit_b_5y","false","AU","Web Search","2026-10-07T11:21:38.145658+00:00"
"2024-12-22","dog feeder","52","38","audit_b_5y","diagnostic","dog","false","audit_b_5y","false","AU","Web Search","2026-10-07T11:21:38.145658+00:00"
"2024-12-29","dog feeder","55","43.75","audit_b_5y","diagnostic","dog","false","audit_b_5y","false","AU","Web Search","2026-10-07T11:21:38.145658+00:00"
"2025-01-05","dog feeder","38","43.75","audit_b_5y","diagnostic","dog","false","audit_b_5y","false","AU","Web Search","2026-10-07T11:21:38.145658+00:00"
"2025-01-12","dog feeder","31","44","audit_b_5y","diagnostic","dog","false","audit_b_5y","false","AU","Web Search","2026-10-07T11:21:38.145658+00:00"
"2025-01-19","dog feeder","42","41.5","audit_b_5y","diagnostic","dog","false","audit_b_5y","false","AU","Web Search","2026-10-07T11:21:38.145658+00:00"
"2025-01-26","dog feeder","34","36.25","audit_b_5y","diagnostic","dog","false","audit_b_5y","false","AU","Web Search","2026-10-07T11:21:38.145658+00:00"
"2025-02-02","dog feeder","27","33.5","audit_b_5y","diagnostic","dog","false","audit_b_5y","false","AU","Web Search","2026-10-07T11:21:38.145658+00:00"
"2025-02-09","dog feeder","35","34.5","audit_b_5y","diagnostic","dog","false","audit_b_5y","false","AU","Web Search","2026-10-07T11:21:38.145658+00:00"
"2025-02-16","dog feeder","39","33.75","audit_b_5y","diagnostic","dog","false","audit_b_5y","false","AU","Web Search","2026-10-07T11:21:38.145658+00:00"
"2025-02-23","dog feeder","44","36.25","audit_b_5y","diagnostic","dog","false","audit_b_5y","false","AU","Web Search","2026-10-07T11:21:38.145658+00:00"
"2025-03-02","dog feeder","31","37.25","audit_b_5y","diagnostic","dog","false","audit_b_5y","false","AU","Web Search","2026-10-07T11:21:38.145658+00:00"
"2025-03-09","dog feeder","25","34.75","audit_b_5y","diagnostic","dog","false","audit_b_5y","false","AU","Web Search","2026-10-07T11:21:38.145658+00:00"
"2025-03-16","dog feeder","38","34.5","audit_b_5y","diagnostic","dog","false","audit_b_5y","false","AU","Web Search","2026-10-07T11:21:38.145658+00:00"
"2025-03-23","dog feeder","30","31","audit_b_5y","diagnostic","dog","false","audit_b_5y","false","AU","Web Search","2026-10-07T11:21:38.145658+00:00"
"2025-03-30","dog feeder","19","28","audit_b_5y","diagnostic","dog","false","audit_b_5y","false","AU","Web Search","2026-10-07T11:21:38.145658+00:00"
"2025-04-06","dog feeder","37","31","audit_b_5y","diagnostic","dog","false","audit_b_5y","false","AU","Web Search","2026-10-07T11:21:38.145658+00:00"
"2025-04-13","dog feeder","43","32.25","audit_b_5y","diagnostic","dog","false","audit_b_5y","false","AU","Web Search","2026-10-07T11:21:38.145658+00:00"
"2025-04-20","dog feeder","32","32.75","audit_b_5y","diagnostic","dog","false","audit_b_5y","false","AU","Web Search","2026-10-07T11:21:38.145658+00:00"
"2025-04-27","dog feeder","36","37","audit_b_5y","diagnostic","dog","false","audit_b_5y","false","AU","Web Search","2026-10-07T11:21:38.145658+00:00"
"2025-05-04","dog feeder","31","35.5","audit_b_5y","diagnostic","dog","false","audit_b_5y","false","AU","Web Search","2026-10-07T11:21:38.145658+00:00"
"2025-05-11","dog feeder","38","34.25","audit_b_5y","diagnostic","dog","false","audit_b_5y","false","AU","Web Search","2026-10-07T11:21:38.145658+00:00"
"2025-05-18","dog feeder","28","33.25","audit_b_5y","diagnostic","dog","false","audit_b_5y","false","AU","Web Search","2026-10-07T11:21:38.145658+00:00"
"2025-05-25","dog feeder","44","35.25","audit_b_5y","diagnostic","dog","false","audit_b_5y","false","AU","Web Search","2026-10-07T11:21:38.145658+00:00"
"2025-06-01","dog feeder","39","37.25","audit_b_5y","diagnostic","dog","false","audit_b_5y","false","AU","Web Search","2026-10-07T11:21:38.145658+00:00"
"2025-06-08","dog feeder","32","35.75","audit_b_5y","diagnostic","dog","false","audit_b_5y","false","AU","Web Search","2026-10-07T11:21:38.145658+00:00"
"2025-06-15","dog feeder","31","36.5","audit_b_5y","diagnostic","dog","false","audit_b_5y","false","AU","Web Search","2026-10-07T11:21:38.145658+00:00"
"2025-06-22","dog feeder","32","33.5","audit_b_5y","diagnostic","dog","false","audit_b_5y","false","AU","Web Search","2026-10-07T11:21:38.145658+00:00"
"2025-06-29","dog feeder","26","30.25","audit_b_5y","diagnostic","dog","false","audit_b_5y","false","AU","Web Search","2026-10-07T11:21:38.145658+00:00"
"2025-07-06","dog feeder","47","34","audit_b_5y","diagnostic","dog","false","audit_b_5y","false","AU","Web Search","2026-10-07T11:21:38.145658+00:00"
"2025-07-13","dog feeder","44","37.25","audit_b_5y","diagnostic","dog","false","audit_b_5y","false","AU","Web Search","2026-10-07T11:21:38.145658+00:00"
"2025-07-20","dog feeder","39","39","audit_b_5y","diagnostic","dog","false","audit_b_5y","false","AU","Web Search","2026-10-07T11:21:38.145658+00:00"
"2025-07-27","dog feeder","40","42.5","audit_b_5y","diagnostic","dog","false","audit_b_5y","false","AU","Web Search","2026-10-07T11:21:38.145658+00:00"
"2025-08-03","dog feeder","40","40.75","audit_b_5y","diagnostic","dog","false","audit_b_5y","false","AU","Web Search","2026-10-07T11:21:38.145658+00:00"
"2025-08-10","dog feeder","43","40.5","audit_b_5y","diagnostic","dog","false","audit_b_5y","false","AU","Web Search","2026-10-07T11:21:38.145658+00:00"
"2025-08-17","dog feeder","33","39","audit_b_5y","diagnostic","dog","false","audit_b_5y","false","AU","Web Search","2026-10-07T11:21:38.145658+00:00"
"2025-08-24","dog feeder","39","38.75","audit_b_5y","diagnostic","dog","false","audit_b_5y","false","AU","Web Search","2026-10-07T11:21:38.145658+00:00"
"2025-08-31","dog feeder","46","40.25","audit_b_5y","diagnostic","dog","false","audit_b_5y","false","AU","Web Search","2026-10-07T11:21:38.145658+00:00"
"2025-09-07","dog feeder","36","38.5","audit_b_5y","diagnostic","dog","false","audit_b_5y","false","AU","Web Search","2026-10-07T11:21:38.145658+00:00"
"2025-09-14","dog feeder","43","41","audit_b_5y","diagnostic","dog","false","audit_b_5y","false","AU","Web Search","2026-10-07T11:21:38.145658+00:00"
"2025-09-21","dog feeder","61","46.5","audit_b_5y","diagnostic","dog","false","audit_b_5y","false","AU","Web Search","2026-10-07T11:21:38.145658+00:00"
"2025-09-28","dog feeder","38","44.5","audit_b_5y","diagnostic","dog","false","audit_b_5y","false","AU","Web Search","2026-10-07T11:21:38.145658+00:00"
"2025-10-05","dog feeder","55","49.25","audit_b_5y","diagnostic","dog","false","audit_b_5y","false","AU","Web Search","2026-10-07T11:21:38.145658+00:00"
"2025-10-12","dog feeder","39","48.25","audit_b_5y","diagnostic","dog","false","audit_b_5y","false","AU","Web Search","2026-10-07T11:21:38.145658+00:00"
"2025-10-19","dog feeder","43","43.75","audit_b_5y","diagnostic","dog","false","audit_b_5y","false","AU","Web Search","2026-10-07T11:21:38.145658+00:00"
"2025-10-26","dog feeder","31","42","audit_b_5y","diagnostic","dog","false","audit_b_5y","false","AU","Web Search","2026-10-07T11:21:38.145658+00:00"
"2025-11-02","dog feeder","25","34.5","audit_b_5y","diagnostic","dog","false","audit_b_5y","false","AU","Web Search","2026-10-07T11:21:38.145658+00:00"
"2025-11-09","dog feeder","37","34","audit_b_5y","diagnostic","dog","false","audit_b_5y","false","AU","Web Search","2026-10-07T11:21:38.145658+00:00"
"2025-11-16","dog feeder","35","32","audit_b_5y","diagnostic","dog","false","audit_b_5y","false","AU","Web Search","2026-10-07T11:21:38.145658+00:00"
"2025-11-23","dog feeder","55","38","audit_b_5y","diagnostic","dog","false","audit_b_5y","false","AU","Web Search","2026-10-07T11:21:38.145658+00:00"
"2025-11-30","dog feeder","39","41.5","audit_b_5y","diagnostic","dog","false","audit_b_5y","false","AU","Web Search","2026-10-07T11:21:38.145658+00:00"
"2025-12-07","dog feeder","41","42.5","audit_b_5y","diagnostic","dog","false","audit_b_5y","false","AU","Web Search","2026-10-07T11:21:38.145658+00:00"
"2025-12-14","dog feeder","35","42.5","audit_b_5y","diagnostic","dog","false","audit_b_5y","false","AU","Web Search","2026-10-07T11:21:38.145658+00:00"
"2025-12-21","dog feeder","50","41.25","audit_b_5y","diagnostic","dog","false","audit_b_5y","false","AU","Web Search","2026-10-07T11:21:38.145658+00:00"
"2025-12-28","dog feeder","53","44.75","audit_b_5y","diagnostic","dog","false","audit_b_5y","false","AU","Web Search","2026-10-07T11:21:38.145658+00:00"
"2026-01-04","dog feeder","54","48","audit_b_5y","diagnostic","dog","false","audit_b_5y","false","AU","Web Search","2026-10-07T11:21:38.145658+00:00"
"2026-01-11","dog feeder","46","50.75","audit_b_5y","diagnostic","dog","false","audit_b_5y","false","AU","Web Search","2026-10-07T11:21:38.145658+00:00"
"2026-01-18","dog feeder","45","49.5","audit_b_5y","diagnostic","dog","false","audit_b_5y","false","AU","Web Search","2026-10-07T11:21:38.145658+00:00"
"2026-01-25","dog feeder","32","44.25","audit_b_5y","diagnostic","dog","false","audit_b_5y","false","AU","Web Search","2026-10-07T11:21:38.145658+00:00"
"2026-02-01","dog feeder","38","40.25","audit_b_5y","diagnostic","dog","false","audit_b_5y","false","AU","Web Search","2026-10-07T11:21:38.145658+00:00"
"2026-02-08","dog feeder","37","38","audit_b_5y","diagnostic","dog","false","audit_b_5y","false","AU","Web Search","2026-10-07T11:21:38.145658+00:00"
"2026-02-15","dog feeder","58","41.25","audit_b_5y","diagnostic","dog","false","audit_b_5y","false","AU","Web Search","2026-10-07T11:21:38.145658+00:00"
"2026-02-22","dog feeder","43","44","audit_b_5y","diagnostic","dog","false","audit_b_5y","false","AU","Web Search","2026-10-07T11:21:38.145658+00:00"
"2026-03-01","dog feeder","41","44.75","audit_b_5y","diagnostic","dog","false","audit_b_5y","false","AU","Web Search","2026-10-07T11:21:38.145658+00:00"
"2026-03-08","dog feeder","41","45.75","audit_b_5y","diagnostic","dog","false","audit_b_5y","false","AU","Web Search","2026-10-07T11:21:38.145658+00:00"
"2026-03-15","dog feeder","46","42.75","audit_b_5y","diagnostic","dog","false","audit_b_5y","false","AU","Web Search","2026-10-07T11:21:38.145658+00:00"
"2026-03-22","dog feeder","48","44","audit_b_5y","diagnostic","dog","false","audit_b_5y","false","AU","Web Search","2026-10-07T11:21:38.145658+00:00"
"2026-03-29","dog feeder","54","47.25","audit_b_5y","diagnostic","dog","false","audit_b_5y","false","AU","Web Search","2026-10-07T11:21:38.145658+00:00"
"2026-04-05","dog feeder","46","48.5","audit_b_5y","diagnostic","dog","false","audit_b_5y","false","AU","Web Search","2026-10-07T11:21:38.145658+00:00"
"2026-04-12","dog feeder","50","49.5","audit_b_5y","diagnostic","dog","false","audit_b_5y","false","AU","Web Search","2026-10-07T11:21:38.145658+00:00"
"2026-04-19","dog feeder","44","48.5","audit_b_5y","diagnostic","dog","false","audit_b_5y","false","AU","Web Search","2026-10-07T11:21:38.145658+00:00"
"2026-04-26","dog feeder","36","44","audit_b_5y","diagnostic","dog","false","audit_b_5y","false","AU","Web Search","2026-10-07T11:21:38.145658+00:00"
"2026-05-03","dog feeder","42","43","audit_b_5y","diagnostic","dog","false","audit_b_5y","false","AU","Web Search","2026-10-07T11:21:38.145658+00:00"
"2026-05-10","dog feeder","40","40.5","audit_b_5y","diagnostic","dog","false","audit_b_5y","false","AU","Web Search","2026-10-07T11:21:38.145658+00:00"
"2026-05-17","dog feeder","52","42.5","audit_b_5y","diagnostic","dog","false","audit_b_5y","false","AU","Web Search","2026-10-07T11:21:38.145658+00:00"
"2026-05-24","dog feeder","44","44.5","audit_b_5y","diagnostic","dog","false","audit_b_5y","false","AU","Web Search","2026-10-07T11:21:38.145658+00:00"
"2026-05-31","dog feeder","41","44.25","audit_b_5y","diagnostic","dog","false","audit_b_5y","false","AU","Web Search","2026-10-07T11:21:38.145658+00:00"
"2026-06-07","dog feeder","53","47.5","audit_b_5y","diagnostic","dog","false","audit_b_5y","false","AU","Web Search","2026-10-07T11:21:38.145658+00:00"
"2026-06-14","dog feeder","55","48.25","audit_b_5y","diagnostic","dog","false","audit_b_5y","false","AU","Web Search","2026-10-07T11:21:38.145658+00:00"
"2026-06-21","dog feeder","52","50.25","audit_b_5y","diagnostic","dog","false","audit_b_5y","false","AU","Web Search","2026-10-07T11:21:38.145658+00:00"
"2026-06-28","dog feeder","38","49.5","audit_b_5y","diagnostic","dog","false","audit_b_5y","false","AU","Web Search","2026-10-07T11:21:38.145658+00:00"
"2026-07-05","dog feeder","64","52.25","audit_b_5y","diagnostic","dog","false","audit_b_5y","false","AU","Web Search","2026-10-07T11:21:38.145658+00:00"
"2026-07-12","dog feeder","52","51.5","audit_b_5y","diagnostic","dog","false","audit_b_5y","false","AU","Web Search","2026-10-07T11:21:38.145658+00:00"
"2026-07-19","dog feeder","40","48.5","audit_b_5y","diagnostic","dog","false","audit_b_5y","false","AU","Web Search","2026-10-07T11:21:38.145658+00:00"
"2026-07-26","dog feeder","53","52.25","audit_b_5y","diagnostic","dog","false","audit_b_5y","false","AU","Web Search","2026-10-07T11:21:38.145658+00:00"
"2026-08-02","dog feeder","45","47.5","audit_b_5y","diagnostic","dog","false","audit_b_5y","false","AU","Web Search","2026-10-07T11:21:38.145658+00:00"
"2026-08-09","dog feeder","40","44.5","audit_b_5y","diagnostic","dog","false","audit_b_5y","false","AU","Web Search","2026-10-07T11:21:38.145658+00:00"
"2026-08-16","dog feeder","65","50.75","audit_b_5y","diagnostic","dog","false","audit_b_5y","false","AU","Web Search","2026-10-07T11:21:38.145658+00:00"
"2026-08-23","dog feeder","46","49","audit_b_5y","diagnostic","dog","false","audit_b_5y","false","AU","Web Search","2026-10-07T11:21:38.145658+00:00"
"2026-08-30","dog feeder","35","46.5","audit_b_5y","diagnostic","dog","false","audit_b_5y","false","AU","Web Search","2026-10-07T11:21:38.145658+00:00"
"2026-09-06","dog feeder","44","47.5","audit_b_5y","diagnostic","dog","false","audit_b_5y","false","AU","Web Search","2026-10-07T11:21:38.145658+00:00"
"2026-09-13","dog feeder","57","45.5","audit_b_5y","diagnostic","dog","false","audit_b_5y","false","AU","Web Search","2026-10-07T11:21:38.145658+00:00"
"2026-09-20","dog feeder","33","42.25","audit_b_5y","diagnostic","dog","false","audit_b_5y","false","AU","Web Search","2026-10-07T11:21:38.145658+00:00"
"2026-09-27","dog feeder","43","44.25","audit_b_5y","diagnostic","dog","false","audit_b_5y","false","AU","Web Search","2026-10-07T11:21:38.145658+00:00"
"2026-10-04","dog feeder","40","43.25","audit_b_5y","diagnostic","dog","false","audit_b_5y","true","AU","Web Search","2026-10-07T11:21:38.145658+00:00"
"2021-10-03","automatic pet feeder","0",,"core_5y","core","pet_unspecified","true","core_5y","true","AU","Web Search","2026-10-07T11:21:38.145658+00:00"
"2021-10-10","automatic pet feeder","0",,"core_5y","core","pet_unspecified","true","core_5y","false","AU","Web Search","2026-10-07T11:21:38.145658+00:00"
"2021-10-17","automatic pet feeder","0",,"core_5y","core","pet_unspecified","true","core_5y","false","AU","Web Search","2026-10-07T11:21:38.145658+00:00"
"2021-10-24","automatic pet feeder","0","0","core_5y","core","pet_unspecified","true","core_5y","false","AU","Web Search","2026-10-07T11:21:38.145658+00:00"
"2021-10-31","automatic pet feeder","0","0","core_5y","core","pet_unspecified","true","core_5y","false","AU","Web Search","2026-10-07T11:21:38.145658+00:00"
"2021-11-07","automatic pet feeder","18","4.5","core_5y","core","pet_unspecified","true","core_5y","false","AU","Web Search","2026-10-07T11:21:38.145658+00:00"
"2021-11-14","automatic pet feeder","0","4.5","core_5y","core","pet_unspecified","true","core_5y","false","AU","Web Search","2026-10-07T11:21:38.145658+00:00"
"2021-11-21","automatic pet feeder","19","9.25","core_5y","core","pet_unspecified","true","core_5y","false","AU","Web Search","2026-10-07T11:21:38.145658+00:00"
"2021-11-28","automatic pet feeder","23","15","core_5y","core","pet_unspecified","true","core_5y","false","AU","Web Search","2026-10-07T11:21:38.145658+00:00"
"2021-12-05","automatic pet feeder","0","10.5","core_5y","core","pet_unspecified","true","core_5y","false","AU","Web Search","2026-10-07T11:21:38.145658+00:00"
"2021-12-12","automatic pet feeder","25","16.75","core_5y","core","pet_unspecified","true","core_5y","false","AU","Web Search","2026-10-07T11:21:38.145658+00:00"
"2021-12-19","automatic pet feeder","25","18.25","core_5y","core","pet_unspecified","true","core_5y","false","AU","Web Search","2026-10-07T11:21:38.145658+00:00"
"2021-12-26","automatic pet feeder","20","17.5","core_5y","core","pet_unspecified","true","core_5y","false","AU","Web Search","2026-10-07T11:21:38.145658+00:00"
"2022-01-02","automatic pet feeder","18","22","core_5y","core","pet_unspecified","true","core_5y","false","AU","Web Search","2026-10-07T11:21:38.145658+00:00"
"2022-01-09","automatic pet feeder","0","15.75","core_5y","core","pet_unspecified","true","core_5y","false","AU","Web Search","2026-10-07T11:21:38.145658+00:00"
"2022-01-16","automatic pet feeder","15","13.25","core_5y","core","pet_unspecified","true","core_5y","false","AU","Web Search","2026-10-07T11:21:38.145658+00:00"
"2022-01-23","automatic pet feeder","15","12","core_5y","core","pet_unspecified","true","core_5y","false","AU","Web Search","2026-10-07T11:21:38.145658+00:00"
"2022-01-30","automatic pet feeder","18","12","core_5y","core","pet_unspecified","true","core_5y","false","AU","Web Search","2026-10-07T11:21:38.145658+00:00"
"2022-02-06","automatic pet feeder","19","16.75","core_5y","core","pet_unspecified","true","core_5y","false","AU","Web Search","2026-10-07T11:21:38.145658+00:00"
"2022-02-13","automatic pet feeder","0","13","core_5y","core","pet_unspecified","true","core_5y","false","AU","Web Search","2026-10-07T11:21:38.145658+00:00"
"2022-02-20","automatic pet feeder","15","13","core_5y","core","pet_unspecified","true","core_5y","false","AU","Web Search","2026-10-07T11:21:38.145658+00:00"
"2022-02-27","automatic pet feeder","18","13","core_5y","core","pet_unspecified","true","core_5y","false","AU","Web Search","2026-10-07T11:21:38.145658+00:00"
"2022-03-06","automatic pet feeder","18","12.75","core_5y","core","pet_unspecified","true","core_5y","false","AU","Web Search","2026-10-07T11:21:38.145658+00:00"
"2022-03-13","automatic pet feeder","13","16","core_5y","core","pet_unspecified","true","core_5y","false","AU","Web Search","2026-10-07T11:21:38.145658+00:00"
"2022-03-20","automatic pet feeder","14","15.75","core_5y","core","pet_unspecified","true","core_5y","false","AU","Web Search","2026-10-07T11:21:38.145658+00:00"
"2022-03-27","automatic pet feeder","0","11.25","core_5y","core","pet_unspecified","true","core_5y","false","AU","Web Search","2026-10-07T11:21:38.145658+00:00"
"2022-04-03","automatic pet feeder","19","11.5","core_5y","core","pet_unspecified","true","core_5y","false","AU","Web Search","2026-10-07T11:21:38.145658+00:00"
"2022-04-10","automatic pet feeder","31","16","core_5y","core","pet_unspecified","true","core_5y","false","AU","Web Search","2026-10-07T11:21:38.145658+00:00"
"2022-04-17","automatic pet feeder","22","18","core_5y","core","pet_unspecified","true","core_5y","false","AU","Web Search","2026-10-07T11:21:38.145658+00:00"
"2022-04-24","automatic pet feeder","15","21.75","core_5y","core","pet_unspecified","true","core_5y","false","AU","Web Search","2026-10-07T11:21:38.145658+00:00"
"2022-05-01","automatic pet feeder","0","17","core_5y","core","pet_unspecified","true","core_5y","false","AU","Web Search","2026-10-07T11:21:38.145658+00:00"
"2022-05-08","automatic pet feeder","20","14.25","core_5y","core","pet_unspecified","true","core_5y","false","AU","Web Search","2026-10-07T11:21:38.145658+00:00"
"2022-05-15","automatic pet feeder","14","12.25","core_5y","core","pet_unspecified","true","core_5y","false","AU","Web Search","2026-10-07T11:21:38.145658+00:00"
"2022-05-22","automatic pet feeder","0","8.5","core_5y","core","pet_unspecified","true","core_5y","false","AU","Web Search","2026-10-07T11:21:38.145658+00:00"
"2022-05-29","automatic pet feeder","0","8.5","core_5y","core","pet_unspecified","true","core_5y","false","AU","Web Search","2026-10-07T11:21:38.145658+00:00"
"2022-06-05","automatic pet feeder","18","8","core_5y","core","pet_unspecified","true","core_5y","false","AU","Web Search","2026-10-07T11:21:38.145658+00:00"
"2022-06-12","automatic pet feeder","18","9","core_5y","core","pet_unspecified","true","core_5y","false","AU","Web Search","2026-10-07T11:21:38.145658+00:00"
"2022-06-19","automatic pet feeder","15","12.75","core_5y","core","pet_unspecified","true","core_5y","false","AU","Web Search","2026-10-07T11:21:38.145658+00:00"
"2022-06-26","automatic pet feeder","16","16.75","core_5y","core","pet_unspecified","true","core_5y","false","AU","Web Search","2026-10-07T11:21:38.145658+00:00"
"2022-07-03","automatic pet feeder","0","12.25","core_5y","core","pet_unspecified","true","core_5y","false","AU","Web Search","2026-10-07T11:21:38.145658+00:00"
"2022-07-10","automatic pet feeder","23","13.5","core_5y","core","pet_unspecified","true","core_5y","false","AU","Web Search","2026-10-07T11:21:38.145658+00:00"
"2022-07-17","automatic pet feeder","26","16.25","core_5y","core","pet_unspecified","true","core_5y","false","AU","Web Search","2026-10-07T11:21:38.145658+00:00"
"2022-07-24","automatic pet feeder","18","16.75","core_5y","core","pet_unspecified","true","core_5y","false","AU","Web Search","2026-10-07T11:21:38.145658+00:00"
"2022-07-31","automatic pet feeder","21","22","core_5y","core","pet_unspecified","true","core_5y","false","AU","Web Search","2026-10-07T11:21:38.145658+00:00"
"2022-08-07","automatic pet feeder","21","21.5","core_5y","core","pet_unspecified","true","core_5y","false","AU","Web Search","2026-10-07T11:21:38.145658+00:00"
"2022-08-14","automatic pet feeder","21","20.25","core_5y","core","pet_unspecified","true","core_5y","false","AU","Web Search","2026-10-07T11:21:38.145658+00:00"
"2022-08-21","automatic pet feeder","18","20.25","core_5y","core","pet_unspecified","true","core_5y","false","AU","Web Search","2026-10-07T11:21:38.145658+00:00"
"2022-08-28","automatic pet feeder","14","18.5","core_5y","core","pet_unspecified","true","core_5y","false","AU","Web Search","2026-10-07T11:21:38.145658+00:00"
"2022-09-04","automatic pet feeder","25","19.5","core_5y","core","pet_unspecified","true","core_5y","false","AU","Web Search","2026-10-07T11:21:38.145658+00:00"
"2022-09-11","automatic pet feeder","23","20","core_5y","core","pet_unspecified","true","core_5y","false","AU","Web Search","2026-10-07T11:21:38.145658+00:00"
"2022-09-18","automatic pet feeder","0","15.5","core_5y","core","pet_unspecified","true","core_5y","false","AU","Web Search","2026-10-07T11:21:38.145658+00:00"
"2022-09-25","automatic pet feeder","24","18","core_5y","core","pet_unspecified","true","core_5y","false","AU","Web Search","2026-10-07T11:21:38.145658+00:00"
"2022-10-02","automatic pet feeder","0","11.75","core_5y","core","pet_unspecified","true","core_5y","false","AU","Web Search","2026-10-07T11:21:38.145658+00:00"
"2022-10-09","automatic pet feeder","18","10.5","core_5y","core","pet_unspecified","true","core_5y","false","AU","Web Search","2026-10-07T11:21:38.145658+00:00"
"2022-10-16","automatic pet feeder","14","14","core_5y","core","pet_unspecified","true","core_5y","false","AU","Web Search","2026-10-07T11:21:38.145658+00:00"
"2022-10-23","automatic pet feeder","0","8","core_5y","core","pet_unspecified","true","core_5y","false","AU","Web Search","2026-10-07T11:21:38.145658+00:00"
"2022-10-30","automatic pet feeder","14","11.5","core_5y","core","pet_unspecified","true","core_5y","false","AU","Web Search","2026-10-07T11:21:38.145658+00:00"
"2022-11-06","automatic pet feeder","21","12.25","core_5y","core","pet_unspecified","true","core_5y","false","AU","Web Search","2026-10-07T11:21:38.145658+00:00"
"2022-11-13","automatic pet feeder","22","14.25","core_5y","core","pet_unspecified","true","core_5y","false","AU","Web Search","2026-10-07T11:21:38.145658+00:00"
"2022-11-20","automatic pet feeder","21","19.5","core_5y","core","pet_unspecified","true","core_5y","false","AU","Web Search","2026-10-07T11:21:38.145658+00:00"
"2022-11-27","automatic pet feeder","26","22.5","core_5y","core","pet_unspecified","true","core_5y","false","AU","Web Search","2026-10-07T11:21:38.145658+00:00"
"2022-12-04","automatic pet feeder","23","23","core_5y","core","pet_unspecified","true","core_5y","false","AU","Web Search","2026-10-07T11:21:38.145658+00:00"
"2022-12-11","automatic pet feeder","29","24.75","core_5y","core","pet_unspecified","true","core_5y","false","AU","Web Search","2026-10-07T11:21:38.145658+00:00"
"2022-12-18","automatic pet feeder","29","26.75","core_5y","core","pet_unspecified","true","core_5y","false","AU","Web Search","2026-10-07T11:21:38.145658+00:00"
"2022-12-25","automatic pet feeder","0","20.25","core_5y","core","pet_unspecified","true","core_5y","false","AU","Web Search","2026-10-07T11:21:38.145658+00:00"
"2023-01-01","automatic pet feeder","20","19.5","core_5y","core","pet_unspecified","true","core_5y","false","AU","Web Search","2026-10-07T11:21:38.145658+00:00"
"2023-01-08","automatic pet feeder","0","12.25","core_5y","core","pet_unspecified","true","core_5y","false","AU","Web Search","2026-10-07T11:21:38.145658+00:00"
"2023-01-15","automatic pet feeder","0","5","core_5y","core","pet_unspecified","true","core_5y","false","AU","Web Search","2026-10-07T11:21:38.145658+00:00"
"2023-01-22","automatic pet feeder","14","8.5","core_5y","core","pet_unspecified","true","core_5y","false","AU","Web Search","2026-10-07T11:21:38.145658+00:00"
"2023-01-29","automatic pet feeder","14","7","core_5y","core","pet_unspecified","true","core_5y","false","AU","Web Search","2026-10-07T11:21:38.145658+00:00"
"2023-02-05","automatic pet feeder","0","7","core_5y","core","pet_unspecified","true","core_5y","false","AU","Web Search","2026-10-07T11:21:38.145658+00:00"
"2023-02-12","automatic pet feeder","0","7","core_5y","core","pet_unspecified","true","core_5y","false","AU","Web Search","2026-10-07T11:21:38.145658+00:00"
"2023-02-19","automatic pet feeder","16","7.5","core_5y","core","pet_unspecified","true","core_5y","false","AU","Web Search","2026-10-07T11:21:38.145658+00:00"
"2023-02-26","automatic pet feeder","20","9","core_5y","core","pet_unspecified","true","core_5y","false","AU","Web Search","2026-10-07T11:21:38.145658+00:00"
"2023-03-05","automatic pet feeder","17","13.25","core_5y","core","pet_unspecified","true","core_5y","false","AU","Web Search","2026-10-07T11:21:38.145658+00:00"
"2023-03-12","automatic pet feeder","13","16.5","core_5y","core","pet_unspecified","true","core_5y","false","AU","Web Search","2026-10-07T11:21:38.145658+00:00"
"2023-03-19","automatic pet feeder","0","12.5","core_5y","core","pet_unspecified","true","core_5y","false","AU","Web Search","2026-10-07T11:21:38.145658+00:00"
"2023-03-26","automatic pet feeder","0","7.5","core_5y","core","pet_unspecified","true","core_5y","false","AU","Web Search","2026-10-07T11:21:38.145658+00:00"
"2023-04-02","automatic pet feeder","0","3.25","core_5y","core","pet_unspecified","true","core_5y","false","AU","Web Search","2026-10-07T11:21:38.145658+00:00"
"2023-04-09","automatic pet feeder","0","0","core_5y","core","pet_unspecified","true","core_5y","false","AU","Web Search","2026-10-07T11:21:38.145658+00:00"
"2023-04-16","automatic pet feeder","14","3.5","core_5y","core","pet_unspecified","true","core_5y","false","AU","Web Search","2026-10-07T11:21:38.145658+00:00"
"2023-04-23","automatic pet feeder","15","7.25","core_5y","core","pet_unspecified","true","core_5y","false","AU","Web Search","2026-10-07T11:21:38.145658+00:00"
"2023-04-30","automatic pet feeder","0","7.25","core_5y","core","pet_unspecified","true","core_5y","false","AU","Web Search","2026-10-07T11:21:38.145658+00:00"
"2023-05-07","automatic pet feeder","15","11","core_5y","core","pet_unspecified","true","core_5y","false","AU","Web Search","2026-10-07T11:21:38.145658+00:00"
"2023-05-14","automatic pet feeder","0","7.5","core_5y","core","pet_unspecified","true","core_5y","false","AU","Web Search","2026-10-07T11:21:38.145658+00:00"
"2023-05-21","automatic pet feeder","15","7.5","core_5y","core","pet_unspecified","true","core_5y","false","AU","Web Search","2026-10-07T11:21:38.145658+00:00"
"2023-05-28","automatic pet feeder","15","11.25","core_5y","core","pet_unspecified","true","core_5y","false","AU","Web Search","2026-10-07T11:21:38.145658+00:00"
"2023-06-04","automatic pet feeder","0","7.5","core_5y","core","pet_unspecified","true","core_5y","false","AU","Web Search","2026-10-07T11:21:38.145658+00:00"
"2023-06-11","automatic pet feeder","24","13.5","core_5y","core","pet_unspecified","true","core_5y","false","AU","Web Search","2026-10-07T11:21:38.145658+00:00"
"2023-06-18","automatic pet feeder","13","13","core_5y","core","pet_unspecified","true","core_5y","false","AU","Web Search","2026-10-07T11:21:38.145658+00:00"
"2023-06-25","automatic pet feeder","0","9.25","core_5y","core","pet_unspecified","true","core_5y","false","AU","Web Search","2026-10-07T11:21:38.145658+00:00"
"2023-07-02","automatic pet feeder","21","14.5","core_5y","core","pet_unspecified","true","core_5y","false","AU","Web Search","2026-10-07T11:21:38.145658+00:00"
"2023-07-09","automatic pet feeder","0","8.5","core_5y","core","pet_unspecified","true","core_5y","false","AU","Web Search","2026-10-07T11:21:38.145658+00:00"
"2023-07-16","automatic pet feeder","15","9","core_5y","core","pet_unspecified","true","core_5y","false","AU","Web Search","2026-10-07T11:21:38.145658+00:00"
"2023-07-23","automatic pet feeder","18","13.5","core_5y","core","pet_unspecified","true","core_5y","false","AU","Web Search","2026-10-07T11:21:38.145658+00:00"
"2023-07-30","automatic pet feeder","0","8.25","core_5y","core","pet_unspecified","true","core_5y","false","AU","Web Search","2026-10-07T11:21:38.145658+00:00"
"2023-08-06","automatic pet feeder","0","8.25","core_5y","core","pet_unspecified","true","core_5y","false","AU","Web Search","2026-10-07T11:21:38.145658+00:00"
"2023-08-13","automatic pet feeder","17","8.75","core_5y","core","pet_unspecified","true","core_5y","false","AU","Web Search","2026-10-07T11:21:38.145658+00:00"
"2023-08-20","automatic pet feeder","0","4.25","core_5y","core","pet_unspecified","true","core_5y","false","AU","Web Search","2026-10-07T11:21:38.145658+00:00"
"2023-08-27","automatic pet feeder","16","8.25","core_5y","core","pet_unspecified","true","core_5y","false","AU","Web Search","2026-10-07T11:21:38.145658+00:00"
"2023-09-03","automatic pet feeder","0","8.25","core_5y","core","pet_unspecified","true","core_5y","false","AU","Web Search","2026-10-07T11:21:38.145658+00:00"
"2023-09-10","automatic pet feeder","17","8.25","core_5y","core","pet_unspecified","true","core_5y","false","AU","Web Search","2026-10-07T11:21:38.145658+00:00"
"2023-09-17","automatic pet feeder","0","8.25","core_5y","core","pet_unspecified","true","core_5y","false","AU","Web Search","2026-10-07T11:21:38.145658+00:00"
"2023-09-24","automatic pet feeder","16","8.25","core_5y","core","pet_unspecified","true","core_5y","false","AU","Web Search","2026-10-07T11:21:38.145658+00:00"
"2023-10-01","automatic pet feeder","30","15.75","core_5y","core","pet_unspecified","true","core_5y","false","AU","Web Search","2026-10-07T11:21:38.145658+00:00"
"2023-10-08","automatic pet feeder","0","11.5","core_5y","core","pet_unspecified","true","core_5y","false","AU","Web Search","2026-10-07T11:21:38.145658+00:00"
"2023-10-15","automatic pet feeder","16","15.5","core_5y","core","pet_unspecified","true","core_5y","false","AU","Web Search","2026-10-07T11:21:38.145658+00:00"
"2023-10-22","automatic pet feeder","0","11.5","core_5y","core","pet_unspecified","true","core_5y","false","AU","Web Search","2026-10-07T11:21:38.145658+00:00"
"2023-10-29","automatic pet feeder","16","8","core_5y","core","pet_unspecified","true","core_5y","false","AU","Web Search","2026-10-07T11:21:38.145658+00:00"
"2023-11-05","automatic pet feeder","0","8","core_5y","core","pet_unspecified","true","core_5y","false","AU","Web Search","2026-10-07T11:21:38.145658+00:00"
"2023-11-12","automatic pet feeder","15","7.75","core_5y","core","pet_unspecified","true","core_5y","false","AU","Web Search","2026-10-07T11:21:38.145658+00:00"
"2023-11-19","automatic pet feeder","18","12.25","core_5y","core","pet_unspecified","true","core_5y","false","AU","Web Search","2026-10-07T11:21:38.145658+00:00"
"2023-11-26","automatic pet feeder","19","13","core_5y","core","pet_unspecified","true","core_5y","false","AU","Web Search","2026-10-07T11:21:38.145658+00:00"
"2023-12-03","automatic pet feeder","35","21.75","core_5y","core","pet_unspecified","true","core_5y","false","AU","Web Search","2026-10-07T11:21:38.145658+00:00"
"2023-12-10","automatic pet feeder","19","22.75","core_5y","core","pet_unspecified","true","core_5y","false","AU","Web Search","2026-10-07T11:21:38.145658+00:00"
"2023-12-17","automatic pet feeder","22","23.75","core_5y","core","pet_unspecified","true","core_5y","false","AU","Web Search","2026-10-07T11:21:38.145658+00:00"
"2023-12-24","automatic pet feeder","27","25.75","core_5y","core","pet_unspecified","true","core_5y","false","AU","Web Search","2026-10-07T11:21:38.145658+00:00"
"2023-12-31","automatic pet feeder","17","21.25","core_5y","core","pet_unspecified","true","core_5y","false","AU","Web Search","2026-10-07T11:21:38.145658+00:00"
"2024-01-07","automatic pet feeder","16","20.5","core_5y","core","pet_unspecified","true","core_5y","false","AU","Web Search","2026-10-07T11:21:38.145658+00:00"
"2024-01-14","automatic pet feeder","17","19.25","core_5y","core","pet_unspecified","true","core_5y","false","AU","Web Search","2026-10-07T11:21:38.145658+00:00"
"2024-01-21","automatic pet feeder","21","17.75","core_5y","core","pet_unspecified","true","core_5y","false","AU","Web Search","2026-10-07T11:21:38.145658+00:00"
"2024-01-28","automatic pet feeder","14","17","core_5y","core","pet_unspecified","true","core_5y","false","AU","Web Search","2026-10-07T11:21:38.145658+00:00"
"2024-02-04","automatic pet feeder","18","17.5","core_5y","core","pet_unspecified","true","core_5y","false","AU","Web Search","2026-10-07T11:21:38.145658+00:00"
"2024-02-11","automatic pet feeder","16","17.25","core_5y","core","pet_unspecified","true","core_5y","false","AU","Web Search","2026-10-07T11:21:38.145658+00:00"
"2024-02-18","automatic pet feeder","17","16.25","core_5y","core","pet_unspecified","true","core_5y","false","AU","Web Search","2026-10-07T11:21:38.145658+00:00"
"2024-02-25","automatic pet feeder","0","12.75","core_5y","core","pet_unspecified","true","core_5y","false","AU","Web Search","2026-10-07T11:21:38.145658+00:00"
"2024-03-03","automatic pet feeder","17","12.5","core_5y","core","pet_unspecified","true","core_5y","false","AU","Web Search","2026-10-07T11:21:38.145658+00:00"
"2024-03-10","automatic pet feeder","17","12.75","core_5y","core","pet_unspecified","true","core_5y","false","AU","Web Search","2026-10-07T11:21:38.145658+00:00"
"2024-03-17","automatic pet feeder","21","13.75","core_5y","core","pet_unspecified","true","core_5y","false","AU","Web Search","2026-10-07T11:21:38.145658+00:00"
"2024-03-24","automatic pet feeder","0","13.75","core_5y","core","pet_unspecified","true","core_5y","false","AU","Web Search","2026-10-07T11:21:38.145658+00:00"
"2024-03-31","automatic pet feeder","0","9.5","core_5y","core","pet_unspecified","true","core_5y","false","AU","Web Search","2026-10-07T11:21:38.145658+00:00"
"2024-04-07","automatic pet feeder","17","9.5","core_5y","core","pet_unspecified","true","core_5y","false","AU","Web Search","2026-10-07T11:21:38.145658+00:00"
"2024-04-14","automatic pet feeder","23","10","core_5y","core","pet_unspecified","true","core_5y","false","AU","Web Search","2026-10-07T11:21:38.145658+00:00"
"2024-04-21","automatic pet feeder","0","10","core_5y","core","pet_unspecified","true","core_5y","false","AU","Web Search","2026-10-07T11:21:38.145658+00:00"
"2024-04-28","automatic pet feeder","0","10","core_5y","core","pet_unspecified","true","core_5y","false","AU","Web Search","2026-10-07T11:21:38.145658+00:00"
"2024-05-05","automatic pet feeder","18","10.25","core_5y","core","pet_unspecified","true","core_5y","false","AU","Web Search","2026-10-07T11:21:38.145658+00:00"
"2024-05-12","automatic pet feeder","17","8.75","core_5y","core","pet_unspecified","true","core_5y","false","AU","Web Search","2026-10-07T11:21:38.145658+00:00"
"2024-05-19","automatic pet feeder","16","12.75","core_5y","core","pet_unspecified","true","core_5y","false","AU","Web Search","2026-10-07T11:21:38.145658+00:00"
"2024-05-26","automatic pet feeder","17","17","core_5y","core","pet_unspecified","true","core_5y","false","AU","Web Search","2026-10-07T11:21:38.145658+00:00"
"2024-06-02","automatic pet feeder","18","17","core_5y","core","pet_unspecified","true","core_5y","false","AU","Web Search","2026-10-07T11:21:38.145658+00:00"
"2024-06-09","automatic pet feeder","0","12.75","core_5y","core","pet_unspecified","true","core_5y","false","AU","Web Search","2026-10-07T11:21:38.145658+00:00"
"2024-06-16","automatic pet feeder","24","14.75","core_5y","core","pet_unspecified","true","core_5y","false","AU","Web Search","2026-10-07T11:21:38.145658+00:00"
"2024-06-23","automatic pet feeder","16","14.5","core_5y","core","pet_unspecified","true","core_5y","false","AU","Web Search","2026-10-07T11:21:38.145658+00:00"
"2024-06-30","automatic pet feeder","20","15","core_5y","core","pet_unspecified","true","core_5y","false","AU","Web Search","2026-10-07T11:21:38.145658+00:00"
"2024-07-07","automatic pet feeder","25","21.25","core_5y","core","pet_unspecified","true","core_5y","false","AU","Web Search","2026-10-07T11:21:38.145658+00:00"
"2024-07-14","automatic pet feeder","17","19.5","core_5y","core","pet_unspecified","true","core_5y","false","AU","Web Search","2026-10-07T11:21:38.145658+00:00"
"2024-07-21","automatic pet feeder","0","15.5","core_5y","core","pet_unspecified","true","core_5y","false","AU","Web Search","2026-10-07T11:21:38.145658+00:00"
"2024-07-28","automatic pet feeder","17","14.75","core_5y","core","pet_unspecified","true","core_5y","false","AU","Web Search","2026-10-07T11:21:38.145658+00:00"
"2024-08-04","automatic pet feeder","0","8.5","core_5y","core","pet_unspecified","true","core_5y","false","AU","Web Search","2026-10-07T11:21:38.145658+00:00"
"2024-08-11","automatic pet feeder","19","9","core_5y","core","pet_unspecified","true","core_5y","false","AU","Web Search","2026-10-07T11:21:38.145658+00:00"
"2024-08-18","automatic pet feeder","0","9","core_5y","core","pet_unspecified","true","core_5y","false","AU","Web Search","2026-10-07T11:21:38.145658+00:00"
"2024-08-25","automatic pet feeder","14","8.25","core_5y","core","pet_unspecified","true","core_5y","false","AU","Web Search","2026-10-07T11:21:38.145658+00:00"
"2024-09-01","automatic pet feeder","0","8.25","core_5y","core","pet_unspecified","true","core_5y","false","AU","Web Search","2026-10-07T11:21:38.145658+00:00"
"2024-09-08","automatic pet feeder","0","3.5","core_5y","core","pet_unspecified","true","core_5y","false","AU","Web Search","2026-10-07T11:21:38.145658+00:00"
"2024-09-15","automatic pet feeder","26","10","core_5y","core","pet_unspecified","true","core_5y","false","AU","Web Search","2026-10-07T11:21:38.145658+00:00"
"2024-09-22","automatic pet feeder","16","10.5","core_5y","core","pet_unspecified","true","core_5y","false","AU","Web Search","2026-10-07T11:21:38.145658+00:00"
"2024-09-29","automatic pet feeder","26","17","core_5y","core","pet_unspecified","true","core_5y","false","AU","Web Search","2026-10-07T11:21:38.145658+00:00"
"2024-10-06","automatic pet feeder","0","17","core_5y","core","pet_unspecified","true","core_5y","false","AU","Web Search","2026-10-07T11:21:38.145658+00:00"
"2024-10-13","automatic pet feeder","26","17","core_5y","core","pet_unspecified","true","core_5y","false","AU","Web Search","2026-10-07T11:21:38.145658+00:00"
"2024-10-20","automatic pet feeder","19","17.75","core_5y","core","pet_unspecified","true","core_5y","false","AU","Web Search","2026-10-07T11:21:38.145658+00:00"
"2024-10-27","automatic pet feeder","15","15","core_5y","core","pet_unspecified","true","core_5y","false","AU","Web Search","2026-10-07T11:21:38.145658+00:00"
"2024-11-03","automatic pet feeder","18","19.5","core_5y","core","pet_unspecified","true","core_5y","false","AU","Web Search","2026-10-07T11:21:38.145658+00:00"
"2024-11-10","automatic pet feeder","39","22.75","core_5y","core","pet_unspecified","true","core_5y","false","AU","Web Search","2026-10-07T11:21:38.145658+00:00"
"2024-11-17","automatic pet feeder","25","24.25","core_5y","core","pet_unspecified","true","core_5y","false","AU","Web Search","2026-10-07T11:21:38.145658+00:00"
"2024-11-24","automatic pet feeder","24","26.5","core_5y","core","pet_unspecified","true","core_5y","false","AU","Web Search","2026-10-07T11:21:38.145658+00:00"
"2024-12-01","automatic pet feeder","31","29.75","core_5y","core","pet_unspecified","true","core_5y","false","AU","Web Search","2026-10-07T11:21:38.145658+00:00"
"2024-12-08","automatic pet feeder","18","24.5","core_5y","core","pet_unspecified","true","core_5y","false","AU","Web Search","2026-10-07T11:21:38.145658+00:00"
"2024-12-15","automatic pet feeder","22","23.75","core_5y","core","pet_unspecified","true","core_5y","false","AU","Web Search","2026-10-07T11:21:38.145658+00:00"
"2024-12-22","automatic pet feeder","35","26.5","core_5y","core","pet_unspecified","true","core_5y","false","AU","Web Search","2026-10-07T11:21:38.145658+00:00"
"2024-12-29","automatic pet feeder","26","25.25","core_5y","core","pet_unspecified","true","core_5y","false","AU","Web Search","2026-10-07T11:21:38.145658+00:00"
"2025-01-05","automatic pet feeder","0","20.75","core_5y","core","pet_unspecified","true","core_5y","false","AU","Web Search","2026-10-07T11:21:38.145658+00:00"
"2025-01-12","automatic pet feeder","35","24","core_5y","core","pet_unspecified","true","core_5y","false","AU","Web Search","2026-10-07T11:21:38.145658+00:00"
"2025-01-19","automatic pet feeder","0","15.25","core_5y","core","pet_unspecified","true","core_5y","false","AU","Web Search","2026-10-07T11:21:38.145658+00:00"
"2025-01-26","automatic pet feeder","27","15.5","core_5y","core","pet_unspecified","true","core_5y","false","AU","Web Search","2026-10-07T11:21:38.145658+00:00"
"2025-02-02","automatic pet feeder","18","20","core_5y","core","pet_unspecified","true","core_5y","false","AU","Web Search","2026-10-07T11:21:38.145658+00:00"
"2025-02-09","automatic pet feeder","14","14.75","core_5y","core","pet_unspecified","true","core_5y","false","AU","Web Search","2026-10-07T11:21:38.145658+00:00"
"2025-02-16","automatic pet feeder","0","14.75","core_5y","core","pet_unspecified","true","core_5y","false","AU","Web Search","2026-10-07T11:21:38.145658+00:00"
"2025-02-23","automatic pet feeder","21","13.25","core_5y","core","pet_unspecified","true","core_5y","false","AU","Web Search","2026-10-07T11:21:38.145658+00:00"
"2025-03-02","automatic pet feeder","0","8.75","core_5y","core","pet_unspecified","true","core_5y","false","AU","Web Search","2026-10-07T11:21:38.145658+00:00"
"2025-03-09","automatic pet feeder","15","9","core_5y","core","pet_unspecified","true","core_5y","false","AU","Web Search","2026-10-07T11:21:38.145658+00:00"
"2025-03-16","automatic pet feeder","0","9","core_5y","core","pet_unspecified","true","core_5y","false","AU","Web Search","2026-10-07T11:21:38.145658+00:00"
"2025-03-23","automatic pet feeder","21","9","core_5y","core","pet_unspecified","true","core_5y","false","AU","Web Search","2026-10-07T11:21:38.145658+00:00"
"2025-03-30","automatic pet feeder","0","9","core_5y","core","pet_unspecified","true","core_5y","false","AU","Web Search","2026-10-07T11:21:38.145658+00:00"
"2025-04-06","automatic pet feeder","15","9","core_5y","core","pet_unspecified","true","core_5y","false","AU","Web Search","2026-10-07T11:21:38.145658+00:00"
"2025-04-13","automatic pet feeder","27","15.75","core_5y","core","pet_unspecified","true","core_5y","false","AU","Web Search","2026-10-07T11:21:38.145658+00:00"
"2025-04-20","automatic pet feeder","20","15.5","core_5y","core","pet_unspecified","true","core_5y","false","AU","Web Search","2026-10-07T11:21:38.145658+00:00"
"2025-04-27","automatic pet feeder","16","19.5","core_5y","core","pet_unspecified","true","core_5y","false","AU","Web Search","2026-10-07T11:21:38.145658+00:00"
"2025-05-04","automatic pet feeder","14","19.25","core_5y","core","pet_unspecified","true","core_5y","false","AU","Web Search","2026-10-07T11:21:38.145658+00:00"
"2025-05-11","automatic pet feeder","0","12.5","core_5y","core","pet_unspecified","true","core_5y","false","AU","Web Search","2026-10-07T11:21:38.145658+00:00"
"2025-05-18","automatic pet feeder","0","7.5","core_5y","core","pet_unspecified","true","core_5y","false","AU","Web Search","2026-10-07T11:21:38.145658+00:00"
"2025-05-25","automatic pet feeder","0","3.5","core_5y","core","pet_unspecified","true","core_5y","false","AU","Web Search","2026-10-07T11:21:38.145658+00:00"
"2025-06-01","automatic pet feeder","0","0","core_5y","core","pet_unspecified","true","core_5y","false","AU","Web Search","2026-10-07T11:21:38.145658+00:00"
"2025-06-08","automatic pet feeder","0","0","core_5y","core","pet_unspecified","true","core_5y","false","AU","Web Search","2026-10-07T11:21:38.145658+00:00"
"2025-06-15","automatic pet feeder","0","0","core_5y","core","pet_unspecified","true","core_5y","false","AU","Web Search","2026-10-07T11:21:38.145658+00:00"
"2025-06-22","automatic pet feeder","15","3.75","core_5y","core","pet_unspecified","true","core_5y","false","AU","Web Search","2026-10-07T11:21:38.145658+00:00"
"2025-06-29","automatic pet feeder","0","3.75","core_5y","core","pet_unspecified","true","core_5y","false","AU","Web Search","2026-10-07T11:21:38.145658+00:00"
"2025-07-06","automatic pet feeder","0","3.75","core_5y","core","pet_unspecified","true","core_5y","false","AU","Web Search","2026-10-07T11:21:38.145658+00:00"
"2025-07-13","automatic pet feeder","0","3.75","core_5y","core","pet_unspecified","true","core_5y","false","AU","Web Search","2026-10-07T11:21:38.145658+00:00"
"2025-07-20","automatic pet feeder","21","5.25","core_5y","core","pet_unspecified","true","core_5y","false","AU","Web Search","2026-10-07T11:21:38.145658+00:00"
"2025-07-27","automatic pet feeder","22","10.75","core_5y","core","pet_unspecified","true","core_5y","false","AU","Web Search","2026-10-07T11:21:38.145658+00:00"
"2025-08-03","automatic pet feeder","0","10.75","core_5y","core","pet_unspecified","true","core_5y","false","AU","Web Search","2026-10-07T11:21:38.145658+00:00"
"2025-08-10","automatic pet feeder","16","14.75","core_5y","core","pet_unspecified","true","core_5y","false","AU","Web Search","2026-10-07T11:21:38.145658+00:00"
"2025-08-17","automatic pet feeder","14","13","core_5y","core","pet_unspecified","true","core_5y","false","AU","Web Search","2026-10-07T11:21:38.145658+00:00"
"2025-08-24","automatic pet feeder","27","14.25","core_5y","core","pet_unspecified","true","core_5y","false","AU","Web Search","2026-10-07T11:21:38.145658+00:00"
"2025-08-31","automatic pet feeder","0","14.25","core_5y","core","pet_unspecified","true","core_5y","false","AU","Web Search","2026-10-07T11:21:38.145658+00:00"
"2025-09-07","automatic pet feeder","0","10.25","core_5y","core","pet_unspecified","true","core_5y","false","AU","Web Search","2026-10-07T11:21:38.145658+00:00"
"2025-09-14","automatic pet feeder","18","11.25","core_5y","core","pet_unspecified","true","core_5y","false","AU","Web Search","2026-10-07T11:21:38.145658+00:00"
"2025-09-21","automatic pet feeder","16","8.5","core_5y","core","pet_unspecified","true","core_5y","false","AU","Web Search","2026-10-07T11:21:38.145658+00:00"
"2025-09-28","automatic pet feeder","28","15.5","core_5y","core","pet_unspecified","true","core_5y","false","AU","Web Search","2026-10-07T11:21:38.145658+00:00"
"2025-10-05","automatic pet feeder","0","15.5","core_5y","core","pet_unspecified","true","core_5y","false","AU","Web Search","2026-10-07T11:21:38.145658+00:00"
"2025-10-12","automatic pet feeder","20","16","core_5y","core","pet_unspecified","true","core_5y","false","AU","Web Search","2026-10-07T11:21:38.145658+00:00"
"2025-10-19","automatic pet feeder","28","19","core_5y","core","pet_unspecified","true","core_5y","false","AU","Web Search","2026-10-07T11:21:38.145658+00:00"
"2025-10-26","automatic pet feeder","0","12","core_5y","core","pet_unspecified","true","core_5y","false","AU","Web Search","2026-10-07T11:21:38.145658+00:00"
"2025-11-02","automatic pet feeder","14","15.5","core_5y","core","pet_unspecified","true","core_5y","false","AU","Web Search","2026-10-07T11:21:38.145658+00:00"
"2025-11-09","automatic pet feeder","19","15.25","core_5y","core","pet_unspecified","true","core_5y","false","AU","Web Search","2026-10-07T11:21:38.145658+00:00"
"2025-11-16","automatic pet feeder","21","13.5","core_5y","core","pet_unspecified","true","core_5y","false","AU","Web Search","2026-10-07T11:21:38.145658+00:00"
"2025-11-23","automatic pet feeder","19","18.25","core_5y","core","pet_unspecified","true","core_5y","false","AU","Web Search","2026-10-07T11:21:38.145658+00:00"
"2025-11-30","automatic pet feeder","25","21","core_5y","core","pet_unspecified","true","core_5y","false","AU","Web Search","2026-10-07T11:21:38.145658+00:00"
"2025-12-07","automatic pet feeder","26","22.75","core_5y","core","pet_unspecified","true","core_5y","false","AU","Web Search","2026-10-07T11:21:38.145658+00:00"
"2025-12-14","automatic pet feeder","0","17.5","core_5y","core","pet_unspecified","true","core_5y","false","AU","Web Search","2026-10-07T11:21:38.145658+00:00"
"2025-12-21","automatic pet feeder","24","18.75","core_5y","core","pet_unspecified","true","core_5y","false","AU","Web Search","2026-10-07T11:21:38.145658+00:00"
"2025-12-28","automatic pet feeder","24","18.5","core_5y","core","pet_unspecified","true","core_5y","false","AU","Web Search","2026-10-07T11:21:38.145658+00:00"
"2026-01-04","automatic pet feeder","23","17.75","core_5y","core","pet_unspecified","true","core_5y","false","AU","Web Search","2026-10-07T11:21:38.145658+00:00"
"2026-01-11","automatic pet feeder","25","24","core_5y","core","pet_unspecified","true","core_5y","false","AU","Web Search","2026-10-07T11:21:38.145658+00:00"
"2026-01-18","automatic pet feeder","17","22.25","core_5y","core","pet_unspecified","true","core_5y","false","AU","Web Search","2026-10-07T11:21:38.145658+00:00"
"2026-01-25","automatic pet feeder","16","20.25","core_5y","core","pet_unspecified","true","core_5y","false","AU","Web Search","2026-10-07T11:21:38.145658+00:00"
"2026-02-01","automatic pet feeder","17","18.75","core_5y","core","pet_unspecified","true","core_5y","false","AU","Web Search","2026-10-07T11:21:38.145658+00:00"
"2026-02-08","automatic pet feeder","17","16.75","core_5y","core","pet_unspecified","true","core_5y","false","AU","Web Search","2026-10-07T11:21:38.145658+00:00"
"2026-02-15","automatic pet feeder","24","18.5","core_5y","core","pet_unspecified","true","core_5y","false","AU","Web Search","2026-10-07T11:21:38.145658+00:00"
"2026-02-22","automatic pet feeder","15","18.25","core_5y","core","pet_unspecified","true","core_5y","false","AU","Web Search","2026-10-07T11:21:38.145658+00:00"
"2026-03-01","automatic pet feeder","17","18.25","core_5y","core","pet_unspecified","true","core_5y","false","AU","Web Search","2026-10-07T11:21:38.145658+00:00"
"2026-03-08","automatic pet feeder","0","14","core_5y","core","pet_unspecified","true","core_5y","false","AU","Web Search","2026-10-07T11:21:38.145658+00:00"
"2026-03-15","automatic pet feeder","0","8","core_5y","core","pet_unspecified","true","core_5y","false","AU","Web Search","2026-10-07T11:21:38.145658+00:00"
"2026-03-22","automatic pet feeder","0","4.25","core_5y","core","pet_unspecified","true","core_5y","false","AU","Web Search","2026-10-07T11:21:38.145658+00:00"
"2026-03-29","automatic pet feeder","14","3.5","core_5y","core","pet_unspecified","true","core_5y","false","AU","Web Search","2026-10-07T11:21:38.145658+00:00"
"2026-04-05","automatic pet feeder","24","9.5","core_5y","core","pet_unspecified","true","core_5y","false","AU","Web Search","2026-10-07T11:21:38.145658+00:00"
"2026-04-12","automatic pet feeder","22","15","core_5y","core","pet_unspecified","true","core_5y","false","AU","Web Search","2026-10-07T11:21:38.145658+00:00"
"2026-04-19","automatic pet feeder","0","15","core_5y","core","pet_unspecified","true","core_5y","false","AU","Web Search","2026-10-07T11:21:38.145658+00:00"
"2026-04-26","automatic pet feeder","23","17.25","core_5y","core","pet_unspecified","true","core_5y","false","AU","Web Search","2026-10-07T11:21:38.145658+00:00"
"2026-05-03","automatic pet feeder","0","11.25","core_5y","core","pet_unspecified","true","core_5y","false","AU","Web Search","2026-10-07T11:21:38.145658+00:00"
"2026-05-10","automatic pet feeder","20","10.75","core_5y","core","pet_unspecified","true","core_5y","false","AU","Web Search","2026-10-07T11:21:38.145658+00:00"
"2026-05-17","automatic pet feeder","18","15.25","core_5y","core","pet_unspecified","true","core_5y","false","AU","Web Search","2026-10-07T11:21:38.145658+00:00"
"2026-05-24","automatic pet feeder","0","9.5","core_5y","core","pet_unspecified","true","core_5y","false","AU","Web Search","2026-10-07T11:21:38.145658+00:00"
"2026-05-31","automatic pet feeder","0","9.5","core_5y","core","pet_unspecified","true","core_5y","false","AU","Web Search","2026-10-07T11:21:38.145658+00:00"
"2026-06-07","automatic pet feeder","0","4.5","core_5y","core","pet_unspecified","true","core_5y","false","AU","Web Search","2026-10-07T11:21:38.145658+00:00"
"2026-06-14","automatic pet feeder","23","5.75","core_5y","core","pet_unspecified","true","core_5y","false","AU","Web Search","2026-10-07T11:21:38.145658+00:00"
"2026-06-21","automatic pet feeder","0","5.75","core_5y","core","pet_unspecified","true","core_5y","false","AU","Web Search","2026-10-07T11:21:38.145658+00:00"
"2026-06-28","automatic pet feeder","16","9.75","core_5y","core","pet_unspecified","true","core_5y","false","AU","Web Search","2026-10-07T11:21:38.145658+00:00"
"2026-07-05","automatic pet feeder","22","15.25","core_5y","core","pet_unspecified","true","core_5y","false","AU","Web Search","2026-10-07T11:21:38.145658+00:00"
"2026-07-12","automatic pet feeder","20","14.5","core_5y","core","pet_unspecified","true","core_5y","false","AU","Web Search","2026-10-07T11:21:38.145658+00:00"
"2026-07-19","automatic pet feeder","23","20.25","core_5y","core","pet_unspecified","true","core_5y","false","AU","Web Search","2026-10-07T11:21:38.145658+00:00"
"2026-07-26","automatic pet feeder","14","19.75","core_5y","core","pet_unspecified","true","core_5y","false","AU","Web Search","2026-10-07T11:21:38.145658+00:00"
"2026-08-02","automatic pet feeder","0","14.25","core_5y","core","pet_unspecified","true","core_5y","false","AU","Web Search","2026-10-07T11:21:38.145658+00:00"
"2026-08-09","automatic pet feeder","0","9.25","core_5y","core","pet_unspecified","true","core_5y","false","AU","Web Search","2026-10-07T11:21:38.145658+00:00"
"2026-08-16","automatic pet feeder","15","7.25","core_5y","core","pet_unspecified","true","core_5y","false","AU","Web Search","2026-10-07T11:21:38.145658+00:00"
"2026-08-23","automatic pet feeder","17","8","core_5y","core","pet_unspecified","true","core_5y","false","AU","Web Search","2026-10-07T11:21:38.145658+00:00"
"2026-08-30","automatic pet feeder","0","8","core_5y","core","pet_unspecified","true","core_5y","false","AU","Web Search","2026-10-07T11:21:38.145658+00:00"
"2026-09-06","automatic pet feeder","0","8","core_5y","core","pet_unspecified","true","core_5y","false","AU","Web Search","2026-10-07T11:21:38.145658+00:00"
"2026-09-13","automatic pet feeder","23","10","core_5y","core","pet_unspecified","true","core_5y","false","AU","Web Search","2026-10-07T11:21:38.145658+00:00"
"2026-09-20","automatic pet feeder","16","9.75","core_5y","core","pet_unspecified","true","core_5y","false","AU","Web Search","2026-10-07T11:21:38.145658+00:00"
"2026-09-27","automatic pet feeder","16","13.75","core_5y","core","pet_unspecified","true","core_5y","false","AU","Web Search","2026-10-07T11:21:38.145658+00:00"
"2026-10-04","automatic pet feeder","15","17.5","core_5y","core","pet_unspecified","true","core_5y","true","AU","Web Search","2026-10-07T11:21:38.145658+00:00"
"2021-10-03","automatic cat feeder","20",,"core_5y","core","cat","true","core_5y","true","AU","Web Search","2026-10-07T11:21:38.145658+00:00"
"2021-10-10","automatic cat feeder","0",,"core_5y","core","cat","true","core_5y","false","AU","Web Search","2026-10-07T11:21:38.145658+00:00"
"2021-10-17","automatic cat feeder","0",,"core_5y","core","cat","true","core_5y","false","AU","Web Search","2026-10-07T11:21:38.145658+00:00"
"2021-10-24","automatic cat feeder","0","5","core_5y","core","cat","true","core_5y","false","AU","Web Search","2026-10-07T11:21:38.145658+00:00"
"2021-10-31","automatic cat feeder","22","5.5","core_5y","core","cat","true","core_5y","false","AU","Web Search","2026-10-07T11:21:38.145658+00:00"
"2021-11-07","automatic cat feeder","20","10.5","core_5y","core","cat","true","core_5y","false","AU","Web Search","2026-10-07T11:21:38.145658+00:00"
"2021-11-14","automatic cat feeder","0","10.5","core_5y","core","cat","true","core_5y","false","AU","Web Search","2026-10-07T11:21:38.145658+00:00"
"2021-11-21","automatic cat feeder","18","15","core_5y","core","cat","true","core_5y","false","AU","Web Search","2026-10-07T11:21:38.145658+00:00"
"2021-11-28","automatic cat feeder","18","14","core_5y","core","cat","true","core_5y","false","AU","Web Search","2026-10-07T11:21:38.145658+00:00"
"2021-12-05","automatic cat feeder","20","14","core_5y","core","cat","true","core_5y","false","AU","Web Search","2026-10-07T11:21:38.145658+00:00"
"2021-12-12","automatic cat feeder","0","14","core_5y","core","cat","true","core_5y","false","AU","Web Search","2026-10-07T11:21:38.145658+00:00"
"2021-12-19","automatic cat feeder","20","14.5","core_5y","core","cat","true","core_5y","false","AU","Web Search","2026-10-07T11:21:38.145658+00:00"
"2021-12-26","automatic cat feeder","23","15.75","core_5y","core","cat","true","core_5y","false","AU","Web Search","2026-10-07T11:21:38.145658+00:00"
"2022-01-02","automatic cat feeder","26","17.25","core_5y","core","cat","true","core_5y","false","AU","Web Search","2026-10-07T11:21:38.145658+00:00"
"2022-01-09","automatic cat feeder","23","23","core_5y","core","cat","true","core_5y","false","AU","Web Search","2026-10-07T11:21:38.145658+00:00"
"2022-01-16","automatic cat feeder","19","22.75","core_5y","core","cat","true","core_5y","false","AU","Web Search","2026-10-07T11:21:38.145658+00:00"
"2022-01-23","automatic cat feeder","0","17","core_5y","core","cat","true","core_5y","false","AU","Web Search","2026-10-07T11:21:38.145658+00:00"
"2022-01-30","automatic cat feeder","20","15.5","core_5y","core","cat","true","core_5y","false","AU","Web Search","2026-10-07T11:21:38.145658+00:00"
"2022-02-06","automatic cat feeder","18","14.25","core_5y","core","cat","true","core_5y","false","AU","Web Search","2026-10-07T11:21:38.145658+00:00"
"2022-02-13","automatic cat feeder","20","14.5","core_5y","core","cat","true","core_5y","false","AU","Web Search","2026-10-07T11:21:38.145658+00:00"
"2022-02-20","automatic cat feeder","26","21","core_5y","core","cat","true","core_5y","false","AU","Web Search","2026-10-07T11:21:38.145658+00:00"
"2022-02-27","automatic cat feeder","17","20.25","core_5y","core","cat","true","core_5y","false","AU","Web Search","2026-10-07T11:21:38.145658+00:00"
"2022-03-06","automatic cat feeder","23","21.5","core_5y","core","cat","true","core_5y","false","AU","Web Search","2026-10-07T11:21:38.145658+00:00"
"2022-03-13","automatic cat feeder","28","23.5","core_5y","core","cat","true","core_5y","false","AU","Web Search","2026-10-07T11:21:38.145658+00:00"
"2022-03-20","automatic cat feeder","19","21.75","core_5y","core","cat","true","core_5y","false","AU","Web Search","2026-10-07T11:21:38.145658+00:00"
"2022-03-27","automatic cat feeder","20","22.5","core_5y","core","cat","true","core_5y","false","AU","Web Search","2026-10-07T11:21:38.145658+00:00"
"2022-04-03","automatic cat feeder","28","23.75","core_5y","core","cat","true","core_5y","false","AU","Web Search","2026-10-07T11:21:38.145658+00:00"
"2022-04-10","automatic cat feeder","28","23.75","core_5y","core","cat","true","core_5y","false","AU","Web Search","2026-10-07T11:21:38.145658+00:00"
"2022-04-17","automatic cat feeder","32","27","core_5y","core","cat","true","core_5y","false","AU","Web Search","2026-10-07T11:21:38.145658+00:00"
"2022-04-24","automatic cat feeder","30","29.5","core_5y","core","cat","true","core_5y","false","AU","Web Search","2026-10-07T11:21:38.145658+00:00"
"2022-05-01","automatic cat feeder","17","26.75","core_5y","core","cat","true","core_5y","false","AU","Web Search","2026-10-07T11:21:38.145658+00:00"
"2022-05-08","automatic cat feeder","22","25.25","core_5y","core","cat","true","core_5y","false","AU","Web Search","2026-10-07T11:21:38.145658+00:00"
"2022-05-15","automatic cat feeder","20","22.25","core_5y","core","cat","true","core_5y","false","AU","Web Search","2026-10-07T11:21:38.145658+00:00"
"2022-05-22","automatic cat feeder","0","14.75","core_5y","core","cat","true","core_5y","false","AU","Web Search","2026-10-07T11:21:38.145658+00:00"
"2022-05-29","automatic cat feeder","16","14.5","core_5y","core","cat","true","core_5y","false","AU","Web Search","2026-10-07T11:21:38.145658+00:00"
"2022-06-05","automatic cat feeder","23","14.75","core_5y","core","cat","true","core_5y","false","AU","Web Search","2026-10-07T11:21:38.145658+00:00"
"2022-06-12","automatic cat feeder","23","15.5","core_5y","core","cat","true","core_5y","false","AU","Web Search","2026-10-07T11:21:38.145658+00:00"
"2022-06-19","automatic cat feeder","34","24","core_5y","core","cat","true","core_5y","false","AU","Web Search","2026-10-07T11:21:38.145658+00:00"
"2022-06-26","automatic cat feeder","16","24","core_5y","core","cat","true","core_5y","false","AU","Web Search","2026-10-07T11:21:38.145658+00:00"
"2022-07-03","automatic cat feeder","21","23.5","core_5y","core","cat","true","core_5y","false","AU","Web Search","2026-10-07T11:21:38.145658+00:00"
"2022-07-10","automatic cat feeder","14","21.25","core_5y","core","cat","true","core_5y","false","AU","Web Search","2026-10-07T11:21:38.145658+00:00"
"2022-07-17","automatic cat feeder","29","20","core_5y","core","cat","true","core_5y","false","AU","Web Search","2026-10-07T11:21:38.145658+00:00"
"2022-07-24","automatic cat feeder","25","22.25","core_5y","core","cat","true","core_5y","false","AU","Web Search","2026-10-07T11:21:38.145658+00:00"
"2022-07-31","automatic cat feeder","18","21.5","core_5y","core","cat","true","core_5y","false","AU","Web Search","2026-10-07T11:21:38.145658+00:00"
"2022-08-07","automatic cat feeder","28","25","core_5y","core","cat","true","core_5y","false","AU","Web Search","2026-10-07T11:21:38.145658+00:00"
"2022-08-14","automatic cat feeder","18","22.25","core_5y","core","cat","true","core_5y","false","AU","Web Search","2026-10-07T11:21:38.145658+00:00"
"2022-08-21","automatic cat feeder","16","20","core_5y","core","cat","true","core_5y","false","AU","Web Search","2026-10-07T11:21:38.145658+00:00"
"2022-08-28","automatic cat feeder","26","22","core_5y","core","cat","true","core_5y","false","AU","Web Search","2026-10-07T11:21:38.145658+00:00"
"2022-09-04","automatic cat feeder","0","15","core_5y","core","cat","true","core_5y","false","AU","Web Search","2026-10-07T11:21:38.145658+00:00"
"2022-09-11","automatic cat feeder","23","16.25","core_5y","core","cat","true","core_5y","false","AU","Web Search","2026-10-07T11:21:38.145658+00:00"
"2022-09-18","automatic cat feeder","35","21","core_5y","core","cat","true","core_5y","false","AU","Web Search","2026-10-07T11:21:38.145658+00:00"
"2022-09-25","automatic cat feeder","0","14.5","core_5y","core","cat","true","core_5y","false","AU","Web Search","2026-10-07T11:21:38.145658+00:00"
"2022-10-02","automatic cat feeder","26","21","core_5y","core","cat","true","core_5y","false","AU","Web Search","2026-10-07T11:21:38.145658+00:00"
"2022-10-09","automatic cat feeder","16","19.25","core_5y","core","cat","true","core_5y","false","AU","Web Search","2026-10-07T11:21:38.145658+00:00"
"2022-10-16","automatic cat feeder","33","18.75","core_5y","core","cat","true","core_5y","false","AU","Web Search","2026-10-07T11:21:38.145658+00:00"
"2022-10-23","automatic cat feeder","24","24.75","core_5y","core","cat","true","core_5y","false","AU","Web Search","2026-10-07T11:21:38.145658+00:00"
"2022-10-30","automatic cat feeder","24","24.25","core_5y","core","cat","true","core_5y","false","AU","Web Search","2026-10-07T11:21:38.145658+00:00"
"2022-11-06","automatic cat feeder","27","27","core_5y","core","cat","true","core_5y","false","AU","Web Search","2026-10-07T11:21:38.145658+00:00"
"2022-11-13","automatic cat feeder","23","24.5","core_5y","core","cat","true","core_5y","false","AU","Web Search","2026-10-07T11:21:38.145658+00:00"
"2022-11-20","automatic cat feeder","24","24.5","core_5y","core","cat","true","core_5y","false","AU","Web Search","2026-10-07T11:21:38.145658+00:00"
"2022-11-27","automatic cat feeder","31","26.25","core_5y","core","cat","true","core_5y","false","AU","Web Search","2026-10-07T11:21:38.145658+00:00"
"2022-12-04","automatic cat feeder","28","26.5","core_5y","core","cat","true","core_5y","false","AU","Web Search","2026-10-07T11:21:38.145658+00:00"
"2022-12-11","automatic cat feeder","25","27","core_5y","core","cat","true","core_5y","false","AU","Web Search","2026-10-07T11:21:38.145658+00:00"
"2022-12-18","automatic cat feeder","25","27.25","core_5y","core","cat","true","core_5y","false","AU","Web Search","2026-10-07T11:21:38.145658+00:00"
"2022-12-25","automatic cat feeder","27","26.25","core_5y","core","cat","true","core_5y","false","AU","Web Search","2026-10-07T11:21:38.145658+00:00"
"2023-01-01","automatic cat feeder","19","24","core_5y","core","cat","true","core_5y","false","AU","Web Search","2026-10-07T11:21:38.145658+00:00"
"2023-01-08","automatic cat feeder","33","26","core_5y","core","cat","true","core_5y","false","AU","Web Search","2026-10-07T11:21:38.145658+00:00"
"2023-01-15","automatic cat feeder","28","26.75","core_5y","core","cat","true","core_5y","false","AU","Web Search","2026-10-07T11:21:38.145658+00:00"
"2023-01-22","automatic cat feeder","14","23.5","core_5y","core","cat","true","core_5y","false","AU","Web Search","2026-10-07T11:21:38.145658+00:00"
"2023-01-29","automatic cat feeder","0","18.75","core_5y","core","cat","true","core_5y","false","AU","Web Search","2026-10-07T11:21:38.145658+00:00"
"2023-02-05","automatic cat feeder","15","14.25","core_5y","core","cat","true","core_5y","false","AU","Web Search","2026-10-07T11:21:38.145658+00:00"
"2023-02-12","automatic cat feeder","0","7.25","core_5y","core","cat","true","core_5y","false","AU","Web Search","2026-10-07T11:21:38.145658+00:00"
"2023-02-19","automatic cat feeder","20","8.75","core_5y","core","cat","true","core_5y","false","AU","Web Search","2026-10-07T11:21:38.145658+00:00"
"2023-02-26","automatic cat feeder","21","14","core_5y","core","cat","true","core_5y","false","AU","Web Search","2026-10-07T11:21:38.145658+00:00"
"2023-03-05","automatic cat feeder","21","15.5","core_5y","core","cat","true","core_5y","false","AU","Web Search","2026-10-07T11:21:38.145658+00:00"
"2023-03-12","automatic cat feeder","21","20.75","core_5y","core","cat","true","core_5y","false","AU","Web Search","2026-10-07T11:21:38.145658+00:00"
"2023-03-19","automatic cat feeder","30","23.25","core_5y","core","cat","true","core_5y","false","AU","Web Search","2026-10-07T11:21:38.145658+00:00"
"2023-03-26","automatic cat feeder","18","22.5","core_5y","core","cat","true","core_5y","false","AU","Web Search","2026-10-07T11:21:38.145658+00:00"
"2023-04-02","automatic cat feeder","19","22","core_5y","core","cat","true","core_5y","false","AU","Web Search","2026-10-07T11:21:38.145658+00:00"
"2023-04-09","automatic cat feeder","0","16.75","core_5y","core","cat","true","core_5y","false","AU","Web Search","2026-10-07T11:21:38.145658+00:00"
"2023-04-16","automatic cat feeder","26","15.75","core_5y","core","cat","true","core_5y","false","AU","Web Search","2026-10-07T11:21:38.145658+00:00"
"2023-04-23","automatic cat feeder","21","16.5","core_5y","core","cat","true","core_5y","false","AU","Web Search","2026-10-07T11:21:38.145658+00:00"
"2023-04-30","automatic cat feeder","19","16.5","core_5y","core","cat","true","core_5y","false","AU","Web Search","2026-10-07T11:21:38.145658+00:00"
"2023-05-07","automatic cat feeder","21","21.75","core_5y","core","cat","true","core_5y","false","AU","Web Search","2026-10-07T11:21:38.145658+00:00"
"2023-05-14","automatic cat feeder","13","18.5","core_5y","core","cat","true","core_5y","false","AU","Web Search","2026-10-07T11:21:38.145658+00:00"
"2023-05-21","automatic cat feeder","21","18.5","core_5y","core","cat","true","core_5y","false","AU","Web Search","2026-10-07T11:21:38.145658+00:00"
"2023-05-28","automatic cat feeder","25","20","core_5y","core","cat","true","core_5y","false","AU","Web Search","2026-10-07T11:21:38.145658+00:00"
"2023-06-04","automatic cat feeder","19","19.5","core_5y","core","cat","true","core_5y","false","AU","Web Search","2026-10-07T11:21:38.145658+00:00"
"2023-06-11","automatic cat feeder","14","19.75","core_5y","core","cat","true","core_5y","false","AU","Web Search","2026-10-07T11:21:38.145658+00:00"
"2023-06-18","automatic cat feeder","0","14.5","core_5y","core","cat","true","core_5y","false","AU","Web Search","2026-10-07T11:21:38.145658+00:00"
"2023-06-25","automatic cat feeder","41","18.5","core_5y","core","cat","true","core_5y","false","AU","Web Search","2026-10-07T11:21:38.145658+00:00"
"2023-07-02","automatic cat feeder","34","22.25","core_5y","core","cat","true","core_5y","false","AU","Web Search","2026-10-07T11:21:38.145658+00:00"
"2023-07-09","automatic cat feeder","23","24.5","core_5y","core","cat","true","core_5y","false","AU","Web Search","2026-10-07T11:21:38.145658+00:00"
"2023-07-16","automatic cat feeder","0","24.5","core_5y","core","cat","true","core_5y","false","AU","Web Search","2026-10-07T11:21:38.145658+00:00"
"2023-07-23","automatic cat feeder","15","18","core_5y","core","cat","true","core_5y","false","AU","Web Search","2026-10-07T11:21:38.145658+00:00"
"2023-07-30","automatic cat feeder","0","9.5","core_5y","core","cat","true","core_5y","false","AU","Web Search","2026-10-07T11:21:38.145658+00:00"
"2023-08-06","automatic cat feeder","20","8.75","core_5y","core","cat","true","core_5y","false","AU","Web Search","2026-10-07T11:21:38.145658+00:00"
"2023-08-13","automatic cat feeder","21","14","core_5y","core","cat","true","core_5y","false","AU","Web Search","2026-10-07T11:21:38.145658+00:00"
"2023-08-20","automatic cat feeder","0","10.25","core_5y","core","cat","true","core_5y","false","AU","Web Search","2026-10-07T11:21:38.145658+00:00"
"2023-08-27","automatic cat feeder","20","15.25","core_5y","core","cat","true","core_5y","false","AU","Web Search","2026-10-07T11:21:38.145658+00:00"
"2023-09-03","automatic cat feeder","20","15.25","core_5y","core","cat","true","core_5y","false","AU","Web Search","2026-10-07T11:21:38.145658+00:00"
"2023-09-10","automatic cat feeder","0","10","core_5y","core","cat","true","core_5y","false","AU","Web Search","2026-10-07T11:21:38.145658+00:00"
"2023-09-17","automatic cat feeder","18","14.5","core_5y","core","cat","true","core_5y","false","AU","Web Search","2026-10-07T11:21:38.145658+00:00"
"2023-09-24","automatic cat feeder","20","14.5","core_5y","core","cat","true","core_5y","false","AU","Web Search","2026-10-07T11:21:38.145658+00:00"
"2023-10-01","automatic cat feeder","21","14.75","core_5y","core","cat","true","core_5y","false","AU","Web Search","2026-10-07T11:21:38.145658+00:00"
"2023-10-08","automatic cat feeder","14","18.25","core_5y","core","cat","true","core_5y","false","AU","Web Search","2026-10-07T11:21:38.145658+00:00"
"2023-10-15","automatic cat feeder","23","19.5","core_5y","core","cat","true","core_5y","false","AU","Web Search","2026-10-07T11:21:38.145658+00:00"
"2023-10-22","automatic cat feeder","20","19.5","core_5y","core","cat","true","core_5y","false","AU","Web Search","2026-10-07T11:21:38.145658+00:00"
"2023-10-29","automatic cat feeder","0","14.25","core_5y","core","cat","true","core_5y","false","AU","Web Search","2026-10-07T11:21:38.145658+00:00"
"2023-11-05","automatic cat feeder","21","16","core_5y","core","cat","true","core_5y","false","AU","Web Search","2026-10-07T11:21:38.145658+00:00"
"2023-11-12","automatic cat feeder","0","10.25","core_5y","core","cat","true","core_5y","false","AU","Web Search","2026-10-07T11:21:38.145658+00:00"
"2023-11-19","automatic cat feeder","20","10.25","core_5y","core","cat","true","core_5y","false","AU","Web Search","2026-10-07T11:21:38.145658+00:00"
"2023-11-26","automatic cat feeder","24","16.25","core_5y","core","cat","true","core_5y","false","AU","Web Search","2026-10-07T11:21:38.145658+00:00"
"2023-12-03","automatic cat feeder","36","20","core_5y","core","cat","true","core_5y","false","AU","Web Search","2026-10-07T11:21:38.145658+00:00"
"2023-12-10","automatic cat feeder","27","26.75","core_5y","core","cat","true","core_5y","false","AU","Web Search","2026-10-07T11:21:38.145658+00:00"
"2023-12-17","automatic cat feeder","44","32.75","core_5y","core","cat","true","core_5y","false","AU","Web Search","2026-10-07T11:21:38.145658+00:00"
"2023-12-24","automatic cat feeder","33","35","core_5y","core","cat","true","core_5y","false","AU","Web Search","2026-10-07T11:21:38.145658+00:00"
"2023-12-31","automatic cat feeder","30","33.5","core_5y","core","cat","true","core_5y","false","AU","Web Search","2026-10-07T11:21:38.145658+00:00"
"2024-01-07","automatic cat feeder","26","33.25","core_5y","core","cat","true","core_5y","false","AU","Web Search","2026-10-07T11:21:38.145658+00:00"
"2024-01-14","automatic cat feeder","0","22.25","core_5y","core","cat","true","core_5y","false","AU","Web Search","2026-10-07T11:21:38.145658+00:00"
"2024-01-21","automatic cat feeder","22","19.5","core_5y","core","cat","true","core_5y","false","AU","Web Search","2026-10-07T11:21:38.145658+00:00"
"2024-01-28","automatic cat feeder","23","17.75","core_5y","core","cat","true","core_5y","false","AU","Web Search","2026-10-07T11:21:38.145658+00:00"
"2024-02-04","automatic cat feeder","16","15.25","core_5y","core","cat","true","core_5y","false","AU","Web Search","2026-10-07T11:21:38.145658+00:00"
"2024-02-11","automatic cat feeder","15","19","core_5y","core","cat","true","core_5y","false","AU","Web Search","2026-10-07T11:21:38.145658+00:00"
"2024-02-18","automatic cat feeder","0","13.5","core_5y","core","cat","true","core_5y","false","AU","Web Search","2026-10-07T11:21:38.145658+00:00"
"2024-02-25","automatic cat feeder","26","14.25","core_5y","core","cat","true","core_5y","false","AU","Web Search","2026-10-07T11:21:38.145658+00:00"
"2024-03-03","automatic cat feeder","15","14","core_5y","core","cat","true","core_5y","false","AU","Web Search","2026-10-07T11:21:38.145658+00:00"
"2024-03-10","automatic cat feeder","15","14","core_5y","core","cat","true","core_5y","false","AU","Web Search","2026-10-07T11:21:38.145658+00:00"
"2024-03-17","automatic cat feeder","32","22","core_5y","core","cat","true","core_5y","false","AU","Web Search","2026-10-07T11:21:38.145658+00:00"
"2024-03-24","automatic cat feeder","25","21.75","core_5y","core","cat","true","core_5y","false","AU","Web Search","2026-10-07T11:21:38.145658+00:00"
"2024-03-31","automatic cat feeder","23","23.75","core_5y","core","cat","true","core_5y","false","AU","Web Search","2026-10-07T11:21:38.145658+00:00"
"2024-04-07","automatic cat feeder","25","26.25","core_5y","core","cat","true","core_5y","false","AU","Web Search","2026-10-07T11:21:38.145658+00:00"
"2024-04-14","automatic cat feeder","18","22.75","core_5y","core","cat","true","core_5y","false","AU","Web Search","2026-10-07T11:21:38.145658+00:00"
"2024-04-21","automatic cat feeder","26","23","core_5y","core","cat","true","core_5y","false","AU","Web Search","2026-10-07T11:21:38.145658+00:00"
"2024-04-28","automatic cat feeder","21","22.5","core_5y","core","cat","true","core_5y","false","AU","Web Search","2026-10-07T11:21:38.145658+00:00"
"2024-05-05","automatic cat feeder","20","21.25","core_5y","core","cat","true","core_5y","false","AU","Web Search","2026-10-07T11:21:38.145658+00:00"
"2024-05-12","automatic cat feeder","16","20.75","core_5y","core","cat","true","core_5y","false","AU","Web Search","2026-10-07T11:21:38.145658+00:00"
"2024-05-19","automatic cat feeder","25","20.5","core_5y","core","cat","true","core_5y","false","AU","Web Search","2026-10-07T11:21:38.145658+00:00"
"2024-05-26","automatic cat feeder","20","20.25","core_5y","core","cat","true","core_5y","false","AU","Web Search","2026-10-07T11:21:38.145658+00:00"
"2024-06-02","automatic cat feeder","25","21.5","core_5y","core","cat","true","core_5y","false","AU","Web Search","2026-10-07T11:21:38.145658+00:00"
"2024-06-09","automatic cat feeder","22","23","core_5y","core","cat","true","core_5y","false","AU","Web Search","2026-10-07T11:21:38.145658+00:00"
"2024-06-16","automatic cat feeder","23","22.5","core_5y","core","cat","true","core_5y","false","AU","Web Search","2026-10-07T11:21:38.145658+00:00"
"2024-06-23","automatic cat feeder","24","23.5","core_5y","core","cat","true","core_5y","false","AU","Web Search","2026-10-07T11:21:38.145658+00:00"
"2024-06-30","automatic cat feeder","21","22.5","core_5y","core","cat","true","core_5y","false","AU","Web Search","2026-10-07T11:21:38.145658+00:00"
"2024-07-07","automatic cat feeder","26","23.5","core_5y","core","cat","true","core_5y","false","AU","Web Search","2026-10-07T11:21:38.145658+00:00"
"2024-07-14","automatic cat feeder","19","22.5","core_5y","core","cat","true","core_5y","false","AU","Web Search","2026-10-07T11:21:38.145658+00:00"
"2024-07-21","automatic cat feeder","28","23.5","core_5y","core","cat","true","core_5y","false","AU","Web Search","2026-10-07T11:21:38.145658+00:00"
"2024-07-28","automatic cat feeder","30","25.75","core_5y","core","cat","true","core_5y","false","AU","Web Search","2026-10-07T11:21:38.145658+00:00"
"2024-08-04","automatic cat feeder","22","24.75","core_5y","core","cat","true","core_5y","false","AU","Web Search","2026-10-07T11:21:38.145658+00:00"
"2024-08-11","automatic cat feeder","22","25.5","core_5y","core","cat","true","core_5y","false","AU","Web Search","2026-10-07T11:21:38.145658+00:00"
"2024-08-18","automatic cat feeder","38","28","core_5y","core","cat","true","core_5y","false","AU","Web Search","2026-10-07T11:21:38.145658+00:00"
"2024-08-25","automatic cat feeder","19","25.25","core_5y","core","cat","true","core_5y","false","AU","Web Search","2026-10-07T11:21:38.145658+00:00"
"2024-09-01","automatic cat feeder","0","19.75","core_5y","core","cat","true","core_5y","false","AU","Web Search","2026-10-07T11:21:38.145658+00:00"
"2024-09-08","automatic cat feeder","29","21.5","core_5y","core","cat","true","core_5y","false","AU","Web Search","2026-10-07T11:21:38.145658+00:00"
"2024-09-15","automatic cat feeder","28","19","core_5y","core","cat","true","core_5y","false","AU","Web Search","2026-10-07T11:21:38.145658+00:00"
"2024-09-22","automatic cat feeder","24","20.25","core_5y","core","cat","true","core_5y","false","AU","Web Search","2026-10-07T11:21:38.145658+00:00"
"2024-09-29","automatic cat feeder","40","30.25","core_5y","core","cat","true","core_5y","false","AU","Web Search","2026-10-07T11:21:38.145658+00:00"
"2024-10-06","automatic cat feeder","0","23","core_5y","core","cat","true","core_5y","false","AU","Web Search","2026-10-07T11:21:38.145658+00:00"
"2024-10-13","automatic cat feeder","23","21.75","core_5y","core","cat","true","core_5y","false","AU","Web Search","2026-10-07T11:21:38.145658+00:00"
"2024-10-20","automatic cat feeder","36","24.75","core_5y","core","cat","true","core_5y","false","AU","Web Search","2026-10-07T11:21:38.145658+00:00"
"2024-10-27","automatic cat feeder","18","19.25","core_5y","core","cat","true","core_5y","false","AU","Web Search","2026-10-07T11:21:38.145658+00:00"
"2024-11-03","automatic cat feeder","32","27.25","core_5y","core","cat","true","core_5y","false","AU","Web Search","2026-10-07T11:21:38.145658+00:00"
"2024-11-10","automatic cat feeder","14","25","core_5y","core","cat","true","core_5y","false","AU","Web Search","2026-10-07T11:21:38.145658+00:00"
"2024-11-17","automatic cat feeder","24","22","core_5y","core","cat","true","core_5y","false","AU","Web Search","2026-10-07T11:21:38.145658+00:00"
"2024-11-24","automatic cat feeder","35","26.25","core_5y","core","cat","true","core_5y","false","AU","Web Search","2026-10-07T11:21:38.145658+00:00"
"2024-12-01","automatic cat feeder","35","27","core_5y","core","cat","true","core_5y","false","AU","Web Search","2026-10-07T11:21:38.145658+00:00"
"2024-12-08","automatic cat feeder","28","30.5","core_5y","core","cat","true","core_5y","false","AU","Web Search","2026-10-07T11:21:38.145658+00:00"
"2024-12-15","automatic cat feeder","42","35","core_5y","core","cat","true","core_5y","false","AU","Web Search","2026-10-07T11:21:38.145658+00:00"
"2024-12-22","automatic cat feeder","42","36.75","core_5y","core","cat","true","core_5y","false","AU","Web Search","2026-10-07T11:21:38.145658+00:00"
"2024-12-29","automatic cat feeder","31","35.75","core_5y","core","cat","true","core_5y","false","AU","Web Search","2026-10-07T11:21:38.145658+00:00"
"2025-01-05","automatic cat feeder","18","33.25","core_5y","core","cat","true","core_5y","false","AU","Web Search","2026-10-07T11:21:38.145658+00:00"
"2025-01-12","automatic cat feeder","22","28.25","core_5y","core","cat","true","core_5y","false","AU","Web Search","2026-10-07T11:21:38.145658+00:00"
"2025-01-19","automatic cat feeder","20","22.75","core_5y","core","cat","true","core_5y","false","AU","Web Search","2026-10-07T11:21:38.145658+00:00"
"2025-01-26","automatic cat feeder","32","23","core_5y","core","cat","true","core_5y","false","AU","Web Search","2026-10-07T11:21:38.145658+00:00"
"2025-02-02","automatic cat feeder","0","18.5","core_5y","core","cat","true","core_5y","false","AU","Web Search","2026-10-07T11:21:38.145658+00:00"
"2025-02-09","automatic cat feeder","17","17.25","core_5y","core","cat","true","core_5y","false","AU","Web Search","2026-10-07T11:21:38.145658+00:00"
"2025-02-16","automatic cat feeder","15","16","core_5y","core","cat","true","core_5y","false","AU","Web Search","2026-10-07T11:21:38.145658+00:00"
"2025-02-23","automatic cat feeder","19","12.75","core_5y","core","cat","true","core_5y","false","AU","Web Search","2026-10-07T11:21:38.145658+00:00"
"2025-03-02","automatic cat feeder","25","19","core_5y","core","cat","true","core_5y","false","AU","Web Search","2026-10-07T11:21:38.145658+00:00"
"2025-03-09","automatic cat feeder","18","19.25","core_5y","core","cat","true","core_5y","false","AU","Web Search","2026-10-07T11:21:38.145658+00:00"
"2025-03-16","automatic cat feeder","19","20.25","core_5y","core","cat","true","core_5y","false","AU","Web Search","2026-10-07T11:21:38.145658+00:00"
"2025-03-23","automatic cat feeder","19","20.25","core_5y","core","cat","true","core_5y","false","AU","Web Search","2026-10-07T11:21:38.145658+00:00"
"2025-03-30","automatic cat feeder","18","18.5","core_5y","core","cat","true","core_5y","false","AU","Web Search","2026-10-07T11:21:38.145658+00:00"
"2025-04-06","automatic cat feeder","28","21","core_5y","core","cat","true","core_5y","false","AU","Web Search","2026-10-07T11:21:38.145658+00:00"
"2025-04-13","automatic cat feeder","33","24.5","core_5y","core","cat","true","core_5y","false","AU","Web Search","2026-10-07T11:21:38.145658+00:00"
"2025-04-20","automatic cat feeder","25","26","core_5y","core","cat","true","core_5y","false","AU","Web Search","2026-10-07T11:21:38.145658+00:00"
"2025-04-27","automatic cat feeder","31","29.25","core_5y","core","cat","true","core_5y","false","AU","Web Search","2026-10-07T11:21:38.145658+00:00"
"2025-05-04","automatic cat feeder","23","28","core_5y","core","cat","true","core_5y","false","AU","Web Search","2026-10-07T11:21:38.145658+00:00"
"2025-05-11","automatic cat feeder","21","25","core_5y","core","cat","true","core_5y","false","AU","Web Search","2026-10-07T11:21:38.145658+00:00"
"2025-05-18","automatic cat feeder","18","23.25","core_5y","core","cat","true","core_5y","false","AU","Web Search","2026-10-07T11:21:38.145658+00:00"
"2025-05-25","automatic cat feeder","0","15.5","core_5y","core","cat","true","core_5y","false","AU","Web Search","2026-10-07T11:21:38.145658+00:00"
"2025-06-01","automatic cat feeder","28","16.75","core_5y","core","cat","true","core_5y","false","AU","Web Search","2026-10-07T11:21:38.145658+00:00"
"2025-06-08","automatic cat feeder","21","16.75","core_5y","core","cat","true","core_5y","false","AU","Web Search","2026-10-07T11:21:38.145658+00:00"
"2025-06-15","automatic cat feeder","22","17.75","core_5y","core","cat","true","core_5y","false","AU","Web Search","2026-10-07T11:21:38.145658+00:00"
"2025-06-22","automatic cat feeder","24","23.75","core_5y","core","cat","true","core_5y","false","AU","Web Search","2026-10-07T11:21:38.145658+00:00"
"2025-06-29","automatic cat feeder","23","22.5","core_5y","core","cat","true","core_5y","false","AU","Web Search","2026-10-07T11:21:38.145658+00:00"
"2025-07-06","automatic cat feeder","26","23.75","core_5y","core","cat","true","core_5y","false","AU","Web Search","2026-10-07T11:21:38.145658+00:00"
"2025-07-13","automatic cat feeder","24","24.25","core_5y","core","cat","true","core_5y","false","AU","Web Search","2026-10-07T11:21:38.145658+00:00"
"2025-07-20","automatic cat feeder","21","23.5","core_5y","core","cat","true","core_5y","false","AU","Web Search","2026-10-07T11:21:38.145658+00:00"
"2025-07-27","automatic cat feeder","24","23.75","core_5y","core","cat","true","core_5y","false","AU","Web Search","2026-10-07T11:21:38.145658+00:00"
"2025-08-03","automatic cat feeder","36","26.25","core_5y","core","cat","true","core_5y","false","AU","Web Search","2026-10-07T11:21:38.145658+00:00"
"2025-08-10","automatic cat feeder","22","25.75","core_5y","core","cat","true","core_5y","false","AU","Web Search","2026-10-07T11:21:38.145658+00:00"
"2025-08-17","automatic cat feeder","14","24","core_5y","core","cat","true","core_5y","false","AU","Web Search","2026-10-07T11:21:38.145658+00:00"
"2025-08-24","automatic cat feeder","31","25.75","core_5y","core","cat","true","core_5y","false","AU","Web Search","2026-10-07T11:21:38.145658+00:00"
"2025-08-31","automatic cat feeder","21","22","core_5y","core","cat","true","core_5y","false","AU","Web Search","2026-10-07T11:21:38.145658+00:00"
"2025-09-07","automatic cat feeder","22","22","core_5y","core","cat","true","core_5y","false","AU","Web Search","2026-10-07T11:21:38.145658+00:00"
"2025-09-14","automatic cat feeder","33","26.75","core_5y","core","cat","true","core_5y","false","AU","Web Search","2026-10-07T11:21:38.145658+00:00"
"2025-09-21","automatic cat feeder","41","29.25","core_5y","core","cat","true","core_5y","false","AU","Web Search","2026-10-07T11:21:38.145658+00:00"
"2025-09-28","automatic cat feeder","33","32.25","core_5y","core","cat","true","core_5y","false","AU","Web Search","2026-10-07T11:21:38.145658+00:00"
"2025-10-05","automatic cat feeder","35","35.5","core_5y","core","cat","true","core_5y","false","AU","Web Search","2026-10-07T11:21:38.145658+00:00"
"2025-10-12","automatic cat feeder","29","34.5","core_5y","core","cat","true","core_5y","false","AU","Web Search","2026-10-07T11:21:38.145658+00:00"
"2025-10-19","automatic cat feeder","28","31.25","core_5y","core","cat","true","core_5y","false","AU","Web Search","2026-10-07T11:21:38.145658+00:00"
"2025-10-26","automatic cat feeder","32","31","core_5y","core","cat","true","core_5y","false","AU","Web Search","2026-10-07T11:21:38.145658+00:00"
"2025-11-02","automatic cat feeder","25","28.5","core_5y","core","cat","true","core_5y","false","AU","Web Search","2026-10-07T11:21:38.145658+00:00"
"2025-11-09","automatic cat feeder","21","26.5","core_5y","core","cat","true","core_5y","false","AU","Web Search","2026-10-07T11:21:38.145658+00:00"
"2025-11-16","automatic cat feeder","27","26.25","core_5y","core","cat","true","core_5y","false","AU","Web Search","2026-10-07T11:21:38.145658+00:00"
"2025-11-23","automatic cat feeder","30","25.75","core_5y","core","cat","true","core_5y","false","AU","Web Search","2026-10-07T11:21:38.145658+00:00"
"2025-11-30","automatic cat feeder","30","27","core_5y","core","cat","true","core_5y","false","AU","Web Search","2026-10-07T11:21:38.145658+00:00"
"2025-12-07","automatic cat feeder","35","30.5","core_5y","core","cat","true","core_5y","false","AU","Web Search","2026-10-07T11:21:38.145658+00:00"
"2025-12-14","automatic cat feeder","41","34","core_5y","core","cat","true","core_5y","false","AU","Web Search","2026-10-07T11:21:38.145658+00:00"
"2025-12-21","automatic cat feeder","40","36.5","core_5y","core","cat","true","core_5y","false","AU","Web Search","2026-10-07T11:21:38.145658+00:00"
"2025-12-28","automatic cat feeder","33","37.25","core_5y","core","cat","true","core_5y","false","AU","Web Search","2026-10-07T11:21:38.145658+00:00"
"2026-01-04","automatic cat feeder","28","35.5","core_5y","core","cat","true","core_5y","false","AU","Web Search","2026-10-07T11:21:38.145658+00:00"
"2026-01-11","automatic cat feeder","29","32.5","core_5y","core","cat","true","core_5y","false","AU","Web Search","2026-10-07T11:21:38.145658+00:00"
"2026-01-18","automatic cat feeder","29","29.75","core_5y","core","cat","true","core_5y","false","AU","Web Search","2026-10-07T11:21:38.145658+00:00"
"2026-01-25","automatic cat feeder","32","29.5","core_5y","core","cat","true","core_5y","false","AU","Web Search","2026-10-07T11:21:38.145658+00:00"
"2026-02-01","automatic cat feeder","28","29.5","core_5y","core","cat","true","core_5y","false","AU","Web Search","2026-10-07T11:21:38.145658+00:00"
"2026-02-08","automatic cat feeder","20","27.25","core_5y","core","cat","true","core_5y","false","AU","Web Search","2026-10-07T11:21:38.145658+00:00"
"2026-02-15","automatic cat feeder","36","29","core_5y","core","cat","true","core_5y","false","AU","Web Search","2026-10-07T11:21:38.145658+00:00"
"2026-02-22","automatic cat feeder","30","28.5","core_5y","core","cat","true","core_5y","false","AU","Web Search","2026-10-07T11:21:38.145658+00:00"
"2026-03-01","automatic cat feeder","25","27.75","core_5y","core","cat","true","core_5y","false","AU","Web Search","2026-10-07T11:21:38.145658+00:00"
"2026-03-08","automatic cat feeder","26","29.25","core_5y","core","cat","true","core_5y","false","AU","Web Search","2026-10-07T11:21:38.145658+00:00"
"2026-03-15","automatic cat feeder","25","26.5","core_5y","core","cat","true","core_5y","false","AU","Web Search","2026-10-07T11:21:38.145658+00:00"
"2026-03-22","automatic cat feeder","23","24.75","core_5y","core","cat","true","core_5y","false","AU","Web Search","2026-10-07T11:21:38.145658+00:00"
"2026-03-29","automatic cat feeder","53","31.75","core_5y","core","cat","true","core_5y","false","AU","Web Search","2026-10-07T11:21:38.145658+00:00"
"2026-04-05","automatic cat feeder","41","35.5","core_5y","core","cat","true","core_5y","false","AU","Web Search","2026-10-07T11:21:38.145658+00:00"
"2026-04-12","automatic cat feeder","43","40","core_5y","core","cat","true","core_5y","false","AU","Web Search","2026-10-07T11:21:38.145658+00:00"
"2026-04-19","automatic cat feeder","23","40","core_5y","core","cat","true","core_5y","false","AU","Web Search","2026-10-07T11:21:38.145658+00:00"
"2026-04-26","automatic cat feeder","26","33.25","core_5y","core","cat","true","core_5y","false","AU","Web Search","2026-10-07T11:21:38.145658+00:00"
"2026-05-03","automatic cat feeder","34","31.5","core_5y","core","cat","true","core_5y","false","AU","Web Search","2026-10-07T11:21:38.145658+00:00"
"2026-05-10","automatic cat feeder","30","28.25","core_5y","core","cat","true","core_5y","false","AU","Web Search","2026-10-07T11:21:38.145658+00:00"
"2026-05-17","automatic cat feeder","15","26.25","core_5y","core","cat","true","core_5y","false","AU","Web Search","2026-10-07T11:21:38.145658+00:00"
"2026-05-24","automatic cat feeder","29","27","core_5y","core","cat","true","core_5y","false","AU","Web Search","2026-10-07T11:21:38.145658+00:00"
"2026-05-31","automatic cat feeder","23","24.25","core_5y","core","cat","true","core_5y","false","AU","Web Search","2026-10-07T11:21:38.145658+00:00"
"2026-06-07","automatic cat feeder","18","21.25","core_5y","core","cat","true","core_5y","false","AU","Web Search","2026-10-07T11:21:38.145658+00:00"
"2026-06-14","automatic cat feeder","33","25.75","core_5y","core","cat","true","core_5y","false","AU","Web Search","2026-10-07T11:21:38.145658+00:00"
"2026-06-21","automatic cat feeder","34","27","core_5y","core","cat","true","core_5y","false","AU","Web Search","2026-10-07T11:21:38.145658+00:00"
"2026-06-28","automatic cat feeder","32","29.25","core_5y","core","cat","true","core_5y","false","AU","Web Search","2026-10-07T11:21:38.145658+00:00"
"2026-07-05","automatic cat feeder","39","34.5","core_5y","core","cat","true","core_5y","false","AU","Web Search","2026-10-07T11:21:38.145658+00:00"
"2026-07-12","automatic cat feeder","32","34.25","core_5y","core","cat","true","core_5y","false","AU","Web Search","2026-10-07T11:21:38.145658+00:00"
"2026-07-19","automatic cat feeder","22","31.25","core_5y","core","cat","true","core_5y","false","AU","Web Search","2026-10-07T11:21:38.145658+00:00"
"2026-07-26","automatic cat feeder","16","27.25","core_5y","core","cat","true","core_5y","false","AU","Web Search","2026-10-07T11:21:38.145658+00:00"
"2026-08-02","automatic cat feeder","22","23","core_5y","core","cat","true","core_5y","false","AU","Web Search","2026-10-07T11:21:38.145658+00:00"
"2026-08-09","automatic cat feeder","26","21.5","core_5y","core","cat","true","core_5y","false","AU","Web Search","2026-10-07T11:21:38.145658+00:00"
"2026-08-16","automatic cat feeder","32","24","core_5y","core","cat","true","core_5y","false","AU","Web Search","2026-10-07T11:21:38.145658+00:00"
"2026-08-23","automatic cat feeder","38","29.5","core_5y","core","cat","true","core_5y","false","AU","Web Search","2026-10-07T11:21:38.145658+00:00"
"2026-08-30","automatic cat feeder","27","30.75","core_5y","core","cat","true","core_5y","false","AU","Web Search","2026-10-07T11:21:38.145658+00:00"
"2026-09-06","automatic cat feeder","27","31","core_5y","core","cat","true","core_5y","false","AU","Web Search","2026-10-07T11:21:38.145658+00:00"
"2026-09-13","automatic cat feeder","27","29.75","core_5y","core","cat","true","core_5y","false","AU","Web Search","2026-10-07T11:21:38.145658+00:00"
"2026-09-20","automatic cat feeder","26","26.75","core_5y","core","cat","true","core_5y","false","AU","Web Search","2026-10-07T11:21:38.145658+00:00"
"2026-09-27","automatic cat feeder","36","29","core_5y","core","cat","true","core_5y","false","AU","Web Search","2026-10-07T11:21:38.145658+00:00"
"2026-10-04","automatic cat feeder","30","29.75","core_5y","core","cat","true","core_5y","true","AU","Web Search","2026-10-07T11:21:38.145658+00:00"
"2021-10-03","pet feeder","39",,"core_5y","core","pet_unspecified","true","core_5y","true","AU","Web Search","2026-10-07T11:21:38.145658+00:00"
"2021-10-10","pet feeder","0",,"core_5y","core","pet_unspecified","true","core_5y","false","AU","Web Search","2026-10-07T11:21:38.145658+00:00"
"2021-10-17","pet feeder","39",,"core_5y","core","pet_unspecified","true","core_5y","false","AU","Web Search","2026-10-07T11:21:38.145658+00:00"
"2021-10-24","pet feeder","53","32.75","core_5y","core","pet_unspecified","true","core_5y","false","AU","Web Search","2026-10-07T11:21:38.145658+00:00"
"2021-10-31","pet feeder","45","34.25","core_5y","core","pet_unspecified","true","core_5y","false","AU","Web Search","2026-10-07T11:21:38.145658+00:00"
"2021-11-07","pet feeder","40","44.25","core_5y","core","pet_unspecified","true","core_5y","false","AU","Web Search","2026-10-07T11:21:38.145658+00:00"
"2021-11-14","pet feeder","40","44.5","core_5y","core","pet_unspecified","true","core_5y","false","AU","Web Search","2026-10-07T11:21:38.145658+00:00"
"2021-11-21","pet feeder","59","46","core_5y","core","pet_unspecified","true","core_5y","false","AU","Web Search","2026-10-07T11:21:38.145658+00:00"
"2021-11-28","pet feeder","48","46.75","core_5y","core","pet_unspecified","true","core_5y","false","AU","Web Search","2026-10-07T11:21:38.145658+00:00"
"2021-12-05","pet feeder","35","45.5","core_5y","core","pet_unspecified","true","core_5y","false","AU","Web Search","2026-10-07T11:21:38.145658+00:00"
"2021-12-12","pet feeder","65","51.75","core_5y","core","pet_unspecified","true","core_5y","false","AU","Web Search","2026-10-07T11:21:38.145658+00:00"
"2021-12-19","pet feeder","72","55","core_5y","core","pet_unspecified","true","core_5y","false","AU","Web Search","2026-10-07T11:21:38.145658+00:00"
"2021-12-26","pet feeder","67","59.75","core_5y","core","pet_unspecified","true","core_5y","false","AU","Web Search","2026-10-07T11:21:38.145658+00:00"
"2022-01-02","pet feeder","57","65.25","core_5y","core","pet_unspecified","true","core_5y","false","AU","Web Search","2026-10-07T11:21:38.145658+00:00"
"2022-01-09","pet feeder","46","60.5","core_5y","core","pet_unspecified","true","core_5y","false","AU","Web Search","2026-10-07T11:21:38.145658+00:00"
"2022-01-16","pet feeder","47","54.25","core_5y","core","pet_unspecified","true","core_5y","false","AU","Web Search","2026-10-07T11:21:38.145658+00:00"
"2022-01-23","pet feeder","46","49","core_5y","core","pet_unspecified","true","core_5y","false","AU","Web Search","2026-10-07T11:21:38.145658+00:00"
"2022-01-30","pet feeder","47","46.5","core_5y","core","pet_unspecified","true","core_5y","false","AU","Web Search","2026-10-07T11:21:38.145658+00:00"
"2022-02-06","pet feeder","46","46.5","core_5y","core","pet_unspecified","true","core_5y","false","AU","Web Search","2026-10-07T11:21:38.145658+00:00"
"2022-02-13","pet feeder","59","49.5","core_5y","core","pet_unspecified","true","core_5y","false","AU","Web Search","2026-10-07T11:21:38.145658+00:00"
"2022-02-20","pet feeder","46","49.5","core_5y","core","pet_unspecified","true","core_5y","false","AU","Web Search","2026-10-07T11:21:38.145658+00:00"
"2022-02-27","pet feeder","48","49.75","core_5y","core","pet_unspecified","true","core_5y","false","AU","Web Search","2026-10-07T11:21:38.145658+00:00"
"2022-03-06","pet feeder","60","53.25","core_5y","core","pet_unspecified","true","core_5y","false","AU","Web Search","2026-10-07T11:21:38.145658+00:00"
"2022-03-13","pet feeder","61","53.75","core_5y","core","pet_unspecified","true","core_5y","false","AU","Web Search","2026-10-07T11:21:38.145658+00:00"
"2022-03-20","pet feeder","47","54","core_5y","core","pet_unspecified","true","core_5y","false","AU","Web Search","2026-10-07T11:21:38.145658+00:00"
"2022-03-27","pet feeder","57","56.25","core_5y","core","pet_unspecified","true","core_5y","false","AU","Web Search","2026-10-07T11:21:38.145658+00:00"
"2022-04-03","pet feeder","53","54.5","core_5y","core","pet_unspecified","true","core_5y","false","AU","Web Search","2026-10-07T11:21:38.145658+00:00"
"2022-04-10","pet feeder","69","56.5","core_5y","core","pet_unspecified","true","core_5y","false","AU","Web Search","2026-10-07T11:21:38.145658+00:00"
"2022-04-17","pet feeder","83","65.5","core_5y","core","pet_unspecified","true","core_5y","false","AU","Web Search","2026-10-07T11:21:38.145658+00:00"
"2022-04-24","pet feeder","62","66.75","core_5y","core","pet_unspecified","true","core_5y","false","AU","Web Search","2026-10-07T11:21:38.145658+00:00"
"2022-05-01","pet feeder","49","65.75","core_5y","core","pet_unspecified","true","core_5y","false","AU","Web Search","2026-10-07T11:21:38.145658+00:00"
"2022-05-08","pet feeder","53","61.75","core_5y","core","pet_unspecified","true","core_5y","false","AU","Web Search","2026-10-07T11:21:38.145658+00:00"
"2022-05-15","pet feeder","51","53.75","core_5y","core","pet_unspecified","true","core_5y","false","AU","Web Search","2026-10-07T11:21:38.145658+00:00"
"2022-05-22","pet feeder","46","49.75","core_5y","core","pet_unspecified","true","core_5y","false","AU","Web Search","2026-10-07T11:21:38.145658+00:00"
"2022-05-29","pet feeder","47","49.25","core_5y","core","pet_unspecified","true","core_5y","false","AU","Web Search","2026-10-07T11:21:38.145658+00:00"
"2022-06-05","pet feeder","31","43.75","core_5y","core","pet_unspecified","true","core_5y","false","AU","Web Search","2026-10-07T11:21:38.145658+00:00"
"2022-06-12","pet feeder","39","40.75","core_5y","core","pet_unspecified","true","core_5y","false","AU","Web Search","2026-10-07T11:21:38.145658+00:00"
"2022-06-19","pet feeder","50","41.75","core_5y","core","pet_unspecified","true","core_5y","false","AU","Web Search","2026-10-07T11:21:38.145658+00:00"
"2022-06-26","pet feeder","47","41.75","core_5y","core","pet_unspecified","true","core_5y","false","AU","Web Search","2026-10-07T11:21:38.145658+00:00"
"2022-07-03","pet feeder","62","49.5","core_5y","core","pet_unspecified","true","core_5y","false","AU","Web Search","2026-10-07T11:21:38.145658+00:00"
"2022-07-10","pet feeder","71","57.5","core_5y","core","pet_unspecified","true","core_5y","false","AU","Web Search","2026-10-07T11:21:38.145658+00:00"
"2022-07-17","pet feeder","61","60.25","core_5y","core","pet_unspecified","true","core_5y","false","AU","Web Search","2026-10-07T11:21:38.145658+00:00"
"2022-07-24","pet feeder","56","62.5","core_5y","core","pet_unspecified","true","core_5y","false","AU","Web Search","2026-10-07T11:21:38.145658+00:00"
"2022-07-31","pet feeder","59","61.75","core_5y","core","pet_unspecified","true","core_5y","false","AU","Web Search","2026-10-07T11:21:38.145658+00:00"
"2022-08-07","pet feeder","65","60.25","core_5y","core","pet_unspecified","true","core_5y","false","AU","Web Search","2026-10-07T11:21:38.145658+00:00"
"2022-08-14","pet feeder","61","60.25","core_5y","core","pet_unspecified","true","core_5y","false","AU","Web Search","2026-10-07T11:21:38.145658+00:00"
"2022-08-21","pet feeder","64","62.25","core_5y","core","pet_unspecified","true","core_5y","false","AU","Web Search","2026-10-07T11:21:38.145658+00:00"
"2022-08-28","pet feeder","57","61.75","core_5y","core","pet_unspecified","true","core_5y","false","AU","Web Search","2026-10-07T11:21:38.145658+00:00"
"2022-09-04","pet feeder","63","61.25","core_5y","core","pet_unspecified","true","core_5y","false","AU","Web Search","2026-10-07T11:21:38.145658+00:00"
"2022-09-11","pet feeder","70","63.5","core_5y","core","pet_unspecified","true","core_5y","false","AU","Web Search","2026-10-07T11:21:38.145658+00:00"
"2022-09-18","pet feeder","61","62.75","core_5y","core","pet_unspecified","true","core_5y","false","AU","Web Search","2026-10-07T11:21:38.145658+00:00"
"2022-09-25","pet feeder","66","65","core_5y","core","pet_unspecified","true","core_5y","false","AU","Web Search","2026-10-07T11:21:38.145658+00:00"
"2022-10-02","pet feeder","43","60","core_5y","core","pet_unspecified","true","core_5y","false","AU","Web Search","2026-10-07T11:21:38.145658+00:00"
"2022-10-09","pet feeder","37","51.75","core_5y","core","pet_unspecified","true","core_5y","false","AU","Web Search","2026-10-07T11:21:38.145658+00:00"
"2022-10-16","pet feeder","41","46.75","core_5y","core","pet_unspecified","true","core_5y","false","AU","Web Search","2026-10-07T11:21:38.145658+00:00"
"2022-10-23","pet feeder","41","40.5","core_5y","core","pet_unspecified","true","core_5y","false","AU","Web Search","2026-10-07T11:21:38.145658+00:00"
"2022-10-30","pet feeder","56","43.75","core_5y","core","pet_unspecified","true","core_5y","false","AU","Web Search","2026-10-07T11:21:38.145658+00:00"
"2022-11-06","pet feeder","49","46.75","core_5y","core","pet_unspecified","true","core_5y","false","AU","Web Search","2026-10-07T11:21:38.145658+00:00"
"2022-11-13","pet feeder","56","50.5","core_5y","core","pet_unspecified","true","core_5y","false","AU","Web Search","2026-10-07T11:21:38.145658+00:00"
"2022-11-20","pet feeder","51","53","core_5y","core","pet_unspecified","true","core_5y","false","AU","Web Search","2026-10-07T11:21:38.145658+00:00"
"2022-11-27","pet feeder","65","55.25","core_5y","core","pet_unspecified","true","core_5y","false","AU","Web Search","2026-10-07T11:21:38.145658+00:00"
"2022-12-04","pet feeder","50","55.5","core_5y","core","pet_unspecified","true","core_5y","false","AU","Web Search","2026-10-07T11:21:38.145658+00:00"
"2022-12-11","pet feeder","77","60.75","core_5y","core","pet_unspecified","true","core_5y","false","AU","Web Search","2026-10-07T11:21:38.145658+00:00"
"2022-12-18","pet feeder","86","69.5","core_5y","core","pet_unspecified","true","core_5y","false","AU","Web Search","2026-10-07T11:21:38.145658+00:00"
"2022-12-25","pet feeder","83","74","core_5y","core","pet_unspecified","true","core_5y","false","AU","Web Search","2026-10-07T11:21:38.145658+00:00"
"2023-01-01","pet feeder","78","81","core_5y","core","pet_unspecified","true","core_5y","false","AU","Web Search","2026-10-07T11:21:38.145658+00:00"
"2023-01-08","pet feeder","68","78.75","core_5y","core","pet_unspecified","true","core_5y","false","AU","Web Search","2026-10-07T11:21:38.145658+00:00"
"2023-01-15","pet feeder","33","65.5","core_5y","core","pet_unspecified","true","core_5y","false","AU","Web Search","2026-10-07T11:21:38.145658+00:00"
"2023-01-22","pet feeder","50","57.25","core_5y","core","pet_unspecified","true","core_5y","false","AU","Web Search","2026-10-07T11:21:38.145658+00:00"
"2023-01-29","pet feeder","55","51.5","core_5y","core","pet_unspecified","true","core_5y","false","AU","Web Search","2026-10-07T11:21:38.145658+00:00"
"2023-02-05","pet feeder","45","45.75","core_5y","core","pet_unspecified","true","core_5y","false","AU","Web Search","2026-10-07T11:21:38.145658+00:00"
"2023-02-12","pet feeder","48","49.5","core_5y","core","pet_unspecified","true","core_5y","false","AU","Web Search","2026-10-07T11:21:38.145658+00:00"
"2023-02-19","pet feeder","56","51","core_5y","core","pet_unspecified","true","core_5y","false","AU","Web Search","2026-10-07T11:21:38.145658+00:00"
"2023-02-26","pet feeder","63","53","core_5y","core","pet_unspecified","true","core_5y","false","AU","Web Search","2026-10-07T11:21:38.145658+00:00"
"2023-03-05","pet feeder","40","51.75","core_5y","core","pet_unspecified","true","core_5y","false","AU","Web Search","2026-10-07T11:21:38.145658+00:00"
"2023-03-12","pet feeder","45","51","core_5y","core","pet_unspecified","true","core_5y","false","AU","Web Search","2026-10-07T11:21:38.145658+00:00"
"2023-03-19","pet feeder","56","51","core_5y","core","pet_unspecified","true","core_5y","false","AU","Web Search","2026-10-07T11:21:38.145658+00:00"
"2023-03-26","pet feeder","54","48.75","core_5y","core","pet_unspecified","true","core_5y","false","AU","Web Search","2026-10-07T11:21:38.145658+00:00"
"2023-04-02","pet feeder","61","54","core_5y","core","pet_unspecified","true","core_5y","false","AU","Web Search","2026-10-07T11:21:38.145658+00:00"
"2023-04-09","pet feeder","74","61.25","core_5y","core","pet_unspecified","true","core_5y","false","AU","Web Search","2026-10-07T11:21:38.145658+00:00"
"2023-04-16","pet feeder","54","60.75","core_5y","core","pet_unspecified","true","core_5y","false","AU","Web Search","2026-10-07T11:21:38.145658+00:00"
"2023-04-23","pet feeder","49","59.5","core_5y","core","pet_unspecified","true","core_5y","false","AU","Web Search","2026-10-07T11:21:38.145658+00:00"
"2023-04-30","pet feeder","49","56.5","core_5y","core","pet_unspecified","true","core_5y","false","AU","Web Search","2026-10-07T11:21:38.145658+00:00"
"2023-05-07","pet feeder","48","50","core_5y","core","pet_unspecified","true","core_5y","false","AU","Web Search","2026-10-07T11:21:38.145658+00:00"
"2023-05-14","pet feeder","49","48.75","core_5y","core","pet_unspecified","true","core_5y","false","AU","Web Search","2026-10-07T11:21:38.145658+00:00"
"2023-05-21","pet feeder","42","47","core_5y","core","pet_unspecified","true","core_5y","false","AU","Web Search","2026-10-07T11:21:38.145658+00:00"
"2023-05-28","pet feeder","43","45.5","core_5y","core","pet_unspecified","true","core_5y","false","AU","Web Search","2026-10-07T11:21:38.145658+00:00"
"2023-06-04","pet feeder","50","46","core_5y","core","pet_unspecified","true","core_5y","false","AU","Web Search","2026-10-07T11:21:38.145658+00:00"
"2023-06-11","pet feeder","60","48.75","core_5y","core","pet_unspecified","true","core_5y","false","AU","Web Search","2026-10-07T11:21:38.145658+00:00"
"2023-06-18","pet feeder","58","52.75","core_5y","core","pet_unspecified","true","core_5y","false","AU","Web Search","2026-10-07T11:21:38.145658+00:00"
"2023-06-25","pet feeder","50","54.5","core_5y","core","pet_unspecified","true","core_5y","false","AU","Web Search","2026-10-07T11:21:38.145658+00:00"
"2023-07-02","pet feeder","50","54.5","core_5y","core","pet_unspecified","true","core_5y","false","AU","Web Search","2026-10-07T11:21:38.145658+00:00"
"2023-07-09","pet feeder","51","52.25","core_5y","core","pet_unspecified","true","core_5y","false","AU","Web Search","2026-10-07T11:21:38.145658+00:00"
"2023-07-16","pet feeder","42","48.25","core_5y","core","pet_unspecified","true","core_5y","false","AU","Web Search","2026-10-07T11:21:38.145658+00:00"
"2023-07-23","pet feeder","51","48.5","core_5y","core","pet_unspecified","true","core_5y","false","AU","Web Search","2026-10-07T11:21:38.145658+00:00"
"2023-07-30","pet feeder","46","47.5","core_5y","core","pet_unspecified","true","core_5y","false","AU","Web Search","2026-10-07T11:21:38.145658+00:00"
"2023-08-06","pet feeder","44","45.75","core_5y","core","pet_unspecified","true","core_5y","false","AU","Web Search","2026-10-07T11:21:38.145658+00:00"
"2023-08-13","pet feeder","34","43.75","core_5y","core","pet_unspecified","true","core_5y","false","AU","Web Search","2026-10-07T11:21:38.145658+00:00"
"2023-08-20","pet feeder","39","40.75","core_5y","core","pet_unspecified","true","core_5y","false","AU","Web Search","2026-10-07T11:21:38.145658+00:00"
"2023-08-27","pet feeder","48","41.25","core_5y","core","pet_unspecified","true","core_5y","false","AU","Web Search","2026-10-07T11:21:38.145658+00:00"
"2023-09-03","pet feeder","51","43","core_5y","core","pet_unspecified","true","core_5y","false","AU","Web Search","2026-10-07T11:21:38.145658+00:00"
"2023-09-10","pet feeder","45","45.75","core_5y","core","pet_unspecified","true","core_5y","false","AU","Web Search","2026-10-07T11:21:38.145658+00:00"
"2023-09-17","pet feeder","45","47.25","core_5y","core","pet_unspecified","true","core_5y","false","AU","Web Search","2026-10-07T11:21:38.145658+00:00"
"2023-09-24","pet feeder","72","53.25","core_5y","core","pet_unspecified","true","core_5y","false","AU","Web Search","2026-10-07T11:21:38.145658+00:00"
"2023-10-01","pet feeder","70","58","core_5y","core","pet_unspecified","true","core_5y","false","AU","Web Search","2026-10-07T11:21:38.145658+00:00"
"2023-10-08","pet feeder","39","56.5","core_5y","core","pet_unspecified","true","core_5y","false","AU","Web Search","2026-10-07T11:21:38.145658+00:00"
"2023-10-15","pet feeder","45","56.5","core_5y","core","pet_unspecified","true","core_5y","false","AU","Web Search","2026-10-07T11:21:38.145658+00:00"
"2023-10-22","pet feeder","38","48","core_5y","core","pet_unspecified","true","core_5y","false","AU","Web Search","2026-10-07T11:21:38.145658+00:00"
"2023-10-29","pet feeder","43","41.25","core_5y","core","pet_unspecified","true","core_5y","false","AU","Web Search","2026-10-07T11:21:38.145658+00:00"
"2023-11-05","pet feeder","48","43.5","core_5y","core","pet_unspecified","true","core_5y","false","AU","Web Search","2026-10-07T11:21:38.145658+00:00"
"2023-11-12","pet feeder","44","43.25","core_5y","core","pet_unspecified","true","core_5y","false","AU","Web Search","2026-10-07T11:21:38.145658+00:00"
"2023-11-19","pet feeder","62","49.25","core_5y","core","pet_unspecified","true","core_5y","false","AU","Web Search","2026-10-07T11:21:38.145658+00:00"
"2023-11-26","pet feeder","45","49.75","core_5y","core","pet_unspecified","true","core_5y","false","AU","Web Search","2026-10-07T11:21:38.145658+00:00"
"2023-12-03","pet feeder","78","57.25","core_5y","core","pet_unspecified","true","core_5y","false","AU","Web Search","2026-10-07T11:21:38.145658+00:00"
"2023-12-10","pet feeder","54","59.75","core_5y","core","pet_unspecified","true","core_5y","false","AU","Web Search","2026-10-07T11:21:38.145658+00:00"
"2023-12-17","pet feeder","78","63.75","core_5y","core","pet_unspecified","true","core_5y","false","AU","Web Search","2026-10-07T11:21:38.145658+00:00"
"2023-12-24","pet feeder","80","72.5","core_5y","core","pet_unspecified","true","core_5y","false","AU","Web Search","2026-10-07T11:21:38.145658+00:00"
"2023-12-31","pet feeder","52","66","core_5y","core","pet_unspecified","true","core_5y","false","AU","Web Search","2026-10-07T11:21:38.145658+00:00"
"2024-01-07","pet feeder","51","65.25","core_5y","core","pet_unspecified","true","core_5y","false","AU","Web Search","2026-10-07T11:21:38.145658+00:00"
"2024-01-14","pet feeder","51","58.5","core_5y","core","pet_unspecified","true","core_5y","false","AU","Web Search","2026-10-07T11:21:38.145658+00:00"
"2024-01-21","pet feeder","56","52.5","core_5y","core","pet_unspecified","true","core_5y","false","AU","Web Search","2026-10-07T11:21:38.145658+00:00"
"2024-01-28","pet feeder","51","52.25","core_5y","core","pet_unspecified","true","core_5y","false","AU","Web Search","2026-10-07T11:21:38.145658+00:00"
"2024-02-04","pet feeder","38","49","core_5y","core","pet_unspecified","true","core_5y","false","AU","Web Search","2026-10-07T11:21:38.145658+00:00"
"2024-02-11","pet feeder","46","47.75","core_5y","core","pet_unspecified","true","core_5y","false","AU","Web Search","2026-10-07T11:21:38.145658+00:00"
"2024-02-18","pet feeder","57","48","core_5y","core","pet_unspecified","true","core_5y","false","AU","Web Search","2026-10-07T11:21:38.145658+00:00"
"2024-02-25","pet feeder","40","45.25","core_5y","core","pet_unspecified","true","core_5y","false","AU","Web Search","2026-10-07T11:21:38.145658+00:00"
"2024-03-03","pet feeder","54","49.25","core_5y","core","pet_unspecified","true","core_5y","false","AU","Web Search","2026-10-07T11:21:38.145658+00:00"
"2024-03-10","pet feeder","44","48.75","core_5y","core","pet_unspecified","true","core_5y","false","AU","Web Search","2026-10-07T11:21:38.145658+00:00"
"2024-03-17","pet feeder","49","46.75","core_5y","core","pet_unspecified","true","core_5y","false","AU","Web Search","2026-10-07T11:21:38.145658+00:00"
"2024-03-24","pet feeder","45","48","core_5y","core","pet_unspecified","true","core_5y","false","AU","Web Search","2026-10-07T11:21:38.145658+00:00"
"2024-03-31","pet feeder","40","44.5","core_5y","core","pet_unspecified","true","core_5y","false","AU","Web Search","2026-10-07T11:21:38.145658+00:00"
"2024-04-07","pet feeder","59","48.25","core_5y","core","pet_unspecified","true","core_5y","false","AU","Web Search","2026-10-07T11:21:38.145658+00:00"
"2024-04-14","pet feeder","46","47.5","core_5y","core","pet_unspecified","true","core_5y","false","AU","Web Search","2026-10-07T11:21:38.145658+00:00"
"2024-04-21","pet feeder","48","48.25","core_5y","core","pet_unspecified","true","core_5y","false","AU","Web Search","2026-10-07T11:21:38.145658+00:00"
"2024-04-28","pet feeder","43","49","core_5y","core","pet_unspecified","true","core_5y","false","AU","Web Search","2026-10-07T11:21:38.145658+00:00"
"2024-05-05","pet feeder","55","48","core_5y","core","pet_unspecified","true","core_5y","false","AU","Web Search","2026-10-07T11:21:38.145658+00:00"
"2024-05-12","pet feeder","52","49.5","core_5y","core","pet_unspecified","true","core_5y","false","AU","Web Search","2026-10-07T11:21:38.145658+00:00"
"2024-05-19","pet feeder","39","47.25","core_5y","core","pet_unspecified","true","core_5y","false","AU","Web Search","2026-10-07T11:21:38.145658+00:00"
"2024-05-26","pet feeder","51","49.25","core_5y","core","pet_unspecified","true","core_5y","false","AU","Web Search","2026-10-07T11:21:38.145658+00:00"
"2024-06-02","pet feeder","44","46.5","core_5y","core","pet_unspecified","true","core_5y","false","AU","Web Search","2026-10-07T11:21:38.145658+00:00"
"2024-06-09","pet feeder","60","48.5","core_5y","core","pet_unspecified","true","core_5y","false","AU","Web Search","2026-10-07T11:21:38.145658+00:00"
"2024-06-16","pet feeder","53","52","core_5y","core","pet_unspecified","true","core_5y","false","AU","Web Search","2026-10-07T11:21:38.145658+00:00"
"2024-06-23","pet feeder","45","50.5","core_5y","core","pet_unspecified","true","core_5y","false","AU","Web Search","2026-10-07T11:21:38.145658+00:00"
"2024-06-30","pet feeder","47","51.25","core_5y","core","pet_unspecified","true","core_5y","false","AU","Web Search","2026-10-07T11:21:38.145658+00:00"
"2024-07-07","pet feeder","64","52.25","core_5y","core","pet_unspecified","true","core_5y","false","AU","Web Search","2026-10-07T11:21:38.145658+00:00"
"2024-07-14","pet feeder","50","51.5","core_5y","core","pet_unspecified","true","core_5y","false","AU","Web Search","2026-10-07T11:21:38.145658+00:00"
"2024-07-21","pet feeder","51","53","core_5y","core","pet_unspecified","true","core_5y","false","AU","Web Search","2026-10-07T11:21:38.145658+00:00"
"2024-07-28","pet feeder","39","51","core_5y","core","pet_unspecified","true","core_5y","false","AU","Web Search","2026-10-07T11:21:38.145658+00:00"
"2024-08-04","pet feeder","53","48.25","core_5y","core","pet_unspecified","true","core_5y","false","AU","Web Search","2026-10-07T11:21:38.145658+00:00"
"2024-08-11","pet feeder","48","47.75","core_5y","core","pet_unspecified","true","core_5y","false","AU","Web Search","2026-10-07T11:21:38.145658+00:00"
"2024-08-18","pet feeder","49","47.25","core_5y","core","pet_unspecified","true","core_5y","false","AU","Web Search","2026-10-07T11:21:38.145658+00:00"
"2024-08-25","pet feeder","43","48.25","core_5y","core","pet_unspecified","true","core_5y","false","AU","Web Search","2026-10-07T11:21:38.145658+00:00"
"2024-09-01","pet feeder","38","44.5","core_5y","core","pet_unspecified","true","core_5y","false","AU","Web Search","2026-10-07T11:21:38.145658+00:00"
"2024-09-08","pet feeder","34","41","core_5y","core","pet_unspecified","true","core_5y","false","AU","Web Search","2026-10-07T11:21:38.145658+00:00"
"2024-09-15","pet feeder","49","41","core_5y","core","pet_unspecified","true","core_5y","false","AU","Web Search","2026-10-07T11:21:38.145658+00:00"
"2024-09-22","pet feeder","62","45.75","core_5y","core","pet_unspecified","true","core_5y","false","AU","Web Search","2026-10-07T11:21:38.145658+00:00"
"2024-09-29","pet feeder","66","52.75","core_5y","core","pet_unspecified","true","core_5y","false","AU","Web Search","2026-10-07T11:21:38.145658+00:00"
"2024-10-06","pet feeder","41","54.5","core_5y","core","pet_unspecified","true","core_5y","false","AU","Web Search","2026-10-07T11:21:38.145658+00:00"
"2024-10-13","pet feeder","67","59","core_5y","core","pet_unspecified","true","core_5y","false","AU","Web Search","2026-10-07T11:21:38.145658+00:00"
"2024-10-20","pet feeder","48","55.5","core_5y","core","pet_unspecified","true","core_5y","false","AU","Web Search","2026-10-07T11:21:38.145658+00:00"
"2024-10-27","pet feeder","41","49.25","core_5y","core","pet_unspecified","true","core_5y","false","AU","Web Search","2026-10-07T11:21:38.145658+00:00"
"2024-11-03","pet feeder","57","53.25","core_5y","core","pet_unspecified","true","core_5y","false","AU","Web Search","2026-10-07T11:21:38.145658+00:00"
"2024-11-10","pet feeder","63","52.25","core_5y","core","pet_unspecified","true","core_5y","false","AU","Web Search","2026-10-07T11:21:38.145658+00:00"
"2024-11-17","pet feeder","55","54","core_5y","core","pet_unspecified","true","core_5y","false","AU","Web Search","2026-10-07T11:21:38.145658+00:00"
"2024-11-24","pet feeder","56","57.75","core_5y","core","pet_unspecified","true","core_5y","false","AU","Web Search","2026-10-07T11:21:38.145658+00:00"
"2024-12-01","pet feeder","69","60.75","core_5y","core","pet_unspecified","true","core_5y","false","AU","Web Search","2026-10-07T11:21:38.145658+00:00"
"2024-12-08","pet feeder","71","62.75","core_5y","core","pet_unspecified","true","core_5y","false","AU","Web Search","2026-10-07T11:21:38.145658+00:00"
"2024-12-15","pet feeder","70","66.5","core_5y","core","pet_unspecified","true","core_5y","false","AU","Web Search","2026-10-07T11:21:38.145658+00:00"
"2024-12-22","pet feeder","71","70.25","core_5y","core","pet_unspecified","true","core_5y","false","AU","Web Search","2026-10-07T11:21:38.145658+00:00"
"2024-12-29","pet feeder","57","67.25","core_5y","core","pet_unspecified","true","core_5y","false","AU","Web Search","2026-10-07T11:21:38.145658+00:00"
"2025-01-05","pet feeder","60","64.5","core_5y","core","pet_unspecified","true","core_5y","false","AU","Web Search","2026-10-07T11:21:38.145658+00:00"
"2025-01-12","pet feeder","69","64.25","core_5y","core","pet_unspecified","true","core_5y","false","AU","Web Search","2026-10-07T11:21:38.145658+00:00"
"2025-01-19","pet feeder","51","59.25","core_5y","core","pet_unspecified","true","core_5y","false","AU","Web Search","2026-10-07T11:21:38.145658+00:00"
"2025-01-26","pet feeder","59","59.75","core_5y","core","pet_unspecified","true","core_5y","false","AU","Web Search","2026-10-07T11:21:38.145658+00:00"
"2025-02-02","pet feeder","41","55","core_5y","core","pet_unspecified","true","core_5y","false","AU","Web Search","2026-10-07T11:21:38.145658+00:00"
"2025-02-09","pet feeder","50","50.25","core_5y","core","pet_unspecified","true","core_5y","false","AU","Web Search","2026-10-07T11:21:38.145658+00:00"
"2025-02-16","pet feeder","40","47.5","core_5y","core","pet_unspecified","true","core_5y","false","AU","Web Search","2026-10-07T11:21:38.145658+00:00"
"2025-02-23","pet feeder","40","42.75","core_5y","core","pet_unspecified","true","core_5y","false","AU","Web Search","2026-10-07T11:21:38.145658+00:00"
"2025-03-02","pet feeder","49","44.75","core_5y","core","pet_unspecified","true","core_5y","false","AU","Web Search","2026-10-07T11:21:38.145658+00:00"
"2025-03-09","pet feeder","43","43","core_5y","core","pet_unspecified","true","core_5y","false","AU","Web Search","2026-10-07T11:21:38.145658+00:00"
"2025-03-16","pet feeder","47","44.75","core_5y","core","pet_unspecified","true","core_5y","false","AU","Web Search","2026-10-07T11:21:38.145658+00:00"
"2025-03-23","pet feeder","73","53","core_5y","core","pet_unspecified","true","core_5y","false","AU","Web Search","2026-10-07T11:21:38.145658+00:00"
"2025-03-30","pet feeder","35","49.5","core_5y","core","pet_unspecified","true","core_5y","false","AU","Web Search","2026-10-07T11:21:38.145658+00:00"
"2025-04-06","pet feeder","60","53.75","core_5y","core","pet_unspecified","true","core_5y","false","AU","Web Search","2026-10-07T11:21:38.145658+00:00"
"2025-04-13","pet feeder","69","59.25","core_5y","core","pet_unspecified","true","core_5y","false","AU","Web Search","2026-10-07T11:21:38.145658+00:00"
"2025-04-20","pet feeder","43","51.75","core_5y","core","pet_unspecified","true","core_5y","false","AU","Web Search","2026-10-07T11:21:38.145658+00:00"
"2025-04-27","pet feeder","54","56.5","core_5y","core","pet_unspecified","true","core_5y","false","AU","Web Search","2026-10-07T11:21:38.145658+00:00"
"2025-05-04","pet feeder","47","53.25","core_5y","core","pet_unspecified","true","core_5y","false","AU","Web Search","2026-10-07T11:21:38.145658+00:00"
"2025-05-11","pet feeder","50","48.5","core_5y","core","pet_unspecified","true","core_5y","false","AU","Web Search","2026-10-07T11:21:38.145658+00:00"
"2025-05-18","pet feeder","47","49.5","core_5y","core","pet_unspecified","true","core_5y","false","AU","Web Search","2026-10-07T11:21:38.145658+00:00"
"2025-05-25","pet feeder","45","47.25","core_5y","core","pet_unspecified","true","core_5y","false","AU","Web Search","2026-10-07T11:21:38.145658+00:00"
"2025-06-01","pet feeder","49","47.75","core_5y","core","pet_unspecified","true","core_5y","false","AU","Web Search","2026-10-07T11:21:38.145658+00:00"
"2025-06-08","pet feeder","47","47","core_5y","core","pet_unspecified","true","core_5y","false","AU","Web Search","2026-10-07T11:21:38.145658+00:00"
"2025-06-15","pet feeder","47","47","core_5y","core","pet_unspecified","true","core_5y","false","AU","Web Search","2026-10-07T11:21:38.145658+00:00"
"2025-06-22","pet feeder","53","49","core_5y","core","pet_unspecified","true","core_5y","false","AU","Web Search","2026-10-07T11:21:38.145658+00:00"
"2025-06-29","pet feeder","51","49.5","core_5y","core","pet_unspecified","true","core_5y","false","AU","Web Search","2026-10-07T11:21:38.145658+00:00"
"2025-07-06","pet feeder","39","47.5","core_5y","core","pet_unspecified","true","core_5y","false","AU","Web Search","2026-10-07T11:21:38.145658+00:00"
"2025-07-13","pet feeder","49","48","core_5y","core","pet_unspecified","true","core_5y","false","AU","Web Search","2026-10-07T11:21:38.145658+00:00"
"2025-07-20","pet feeder","41","45","core_5y","core","pet_unspecified","true","core_5y","false","AU","Web Search","2026-10-07T11:21:38.145658+00:00"
"2025-07-27","pet feeder","42","42.75","core_5y","core","pet_unspecified","true","core_5y","false","AU","Web Search","2026-10-07T11:21:38.145658+00:00"
"2025-08-03","pet feeder","52","46","core_5y","core","pet_unspecified","true","core_5y","false","AU","Web Search","2026-10-07T11:21:38.145658+00:00"
"2025-08-10","pet feeder","48","45.75","core_5y","core","pet_unspecified","true","core_5y","false","AU","Web Search","2026-10-07T11:21:38.145658+00:00"
"2025-08-17","pet feeder","50","48","core_5y","core","pet_unspecified","true","core_5y","false","AU","Web Search","2026-10-07T11:21:38.145658+00:00"
"2025-08-24","pet feeder","51","50.25","core_5y","core","pet_unspecified","true","core_5y","false","AU","Web Search","2026-10-07T11:21:38.145658+00:00"
"2025-08-31","pet feeder","59","52","core_5y","core","pet_unspecified","true","core_5y","false","AU","Web Search","2026-10-07T11:21:38.145658+00:00"
"2025-09-07","pet feeder","43","50.75","core_5y","core","pet_unspecified","true","core_5y","false","AU","Web Search","2026-10-07T11:21:38.145658+00:00"
"2025-09-14","pet feeder","46","49.75","core_5y","core","pet_unspecified","true","core_5y","false","AU","Web Search","2026-10-07T11:21:38.145658+00:00"
"2025-09-21","pet feeder","55","50.75","core_5y","core","pet_unspecified","true","core_5y","false","AU","Web Search","2026-10-07T11:21:38.145658+00:00"
"2025-09-28","pet feeder","55","49.75","core_5y","core","pet_unspecified","true","core_5y","false","AU","Web Search","2026-10-07T11:21:38.145658+00:00"
"2025-10-05","pet feeder","60","54","core_5y","core","pet_unspecified","true","core_5y","false","AU","Web Search","2026-10-07T11:21:38.145658+00:00"
"2025-10-12","pet feeder","51","55.25","core_5y","core","pet_unspecified","true","core_5y","false","AU","Web Search","2026-10-07T11:21:38.145658+00:00"
"2025-10-19","pet feeder","37","50.75","core_5y","core","pet_unspecified","true","core_5y","false","AU","Web Search","2026-10-07T11:21:38.145658+00:00"
"2025-10-26","pet feeder","63","52.75","core_5y","core","pet_unspecified","true","core_5y","false","AU","Web Search","2026-10-07T11:21:38.145658+00:00"
"2025-11-02","pet feeder","64","53.75","core_5y","core","pet_unspecified","true","core_5y","false","AU","Web Search","2026-10-07T11:21:38.145658+00:00"
"2025-11-09","pet feeder","52","54","core_5y","core","pet_unspecified","true","core_5y","false","AU","Web Search","2026-10-07T11:21:38.145658+00:00"
"2025-11-16","pet feeder","71","62.5","core_5y","core","pet_unspecified","true","core_5y","false","AU","Web Search","2026-10-07T11:21:38.145658+00:00"
"2025-11-23","pet feeder","65","63","core_5y","core","pet_unspecified","true","core_5y","false","AU","Web Search","2026-10-07T11:21:38.145658+00:00"
"2025-11-30","pet feeder","73","65.25","core_5y","core","pet_unspecified","true","core_5y","false","AU","Web Search","2026-10-07T11:21:38.145658+00:00"
"2025-12-07","pet feeder","70","69.75","core_5y","core","pet_unspecified","true","core_5y","false","AU","Web Search","2026-10-07T11:21:38.145658+00:00"
"2025-12-14","pet feeder","58","66.5","core_5y","core","pet_unspecified","true","core_5y","false","AU","Web Search","2026-10-07T11:21:38.145658+00:00"
"2025-12-21","pet feeder","83","71","core_5y","core","pet_unspecified","true","core_5y","false","AU","Web Search","2026-10-07T11:21:38.145658+00:00"
"2025-12-28","pet feeder","73","71","core_5y","core","pet_unspecified","true","core_5y","false","AU","Web Search","2026-10-07T11:21:38.145658+00:00"
"2026-01-04","pet feeder","63","69.25","core_5y","core","pet_unspecified","true","core_5y","false","AU","Web Search","2026-10-07T11:21:38.145658+00:00"
"2026-01-11","pet feeder","65","71","core_5y","core","pet_unspecified","true","core_5y","false","AU","Web Search","2026-10-07T11:21:38.145658+00:00"
"2026-01-18","pet feeder","51","63","core_5y","core","pet_unspecified","true","core_5y","false","AU","Web Search","2026-10-07T11:21:38.145658+00:00"
"2026-01-25","pet feeder","54","58.25","core_5y","core","pet_unspecified","true","core_5y","false","AU","Web Search","2026-10-07T11:21:38.145658+00:00"
"2026-02-01","pet feeder","49","54.75","core_5y","core","pet_unspecified","true","core_5y","false","AU","Web Search","2026-10-07T11:21:38.145658+00:00"
"2026-02-08","pet feeder","63","54.25","core_5y","core","pet_unspecified","true","core_5y","false","AU","Web Search","2026-10-07T11:21:38.145658+00:00"
"2026-02-15","pet feeder","71","59.25","core_5y","core","pet_unspecified","true","core_5y","false","AU","Web Search","2026-10-07T11:21:38.145658+00:00"
"2026-02-22","pet feeder","52","58.75","core_5y","core","pet_unspecified","true","core_5y","false","AU","Web Search","2026-10-07T11:21:38.145658+00:00"
"2026-03-01","pet feeder","50","59","core_5y","core","pet_unspecified","true","core_5y","false","AU","Web Search","2026-10-07T11:21:38.145658+00:00"
"2026-03-08","pet feeder","55","57","core_5y","core","pet_unspecified","true","core_5y","false","AU","Web Search","2026-10-07T11:21:38.145658+00:00"
"2026-03-15","pet feeder","45","50.5","core_5y","core","pet_unspecified","true","core_5y","false","AU","Web Search","2026-10-07T11:21:38.145658+00:00"
"2026-03-22","pet feeder","60","52.5","core_5y","core","pet_unspecified","true","core_5y","false","AU","Web Search","2026-10-07T11:21:38.145658+00:00"
"2026-03-29","pet feeder","57","54.25","core_5y","core","pet_unspecified","true","core_5y","false","AU","Web Search","2026-10-07T11:21:38.145658+00:00"
"2026-04-05","pet feeder","48","52.5","core_5y","core","pet_unspecified","true","core_5y","false","AU","Web Search","2026-10-07T11:21:38.145658+00:00"
"2026-04-12","pet feeder","59","56","core_5y","core","pet_unspecified","true","core_5y","false","AU","Web Search","2026-10-07T11:21:38.145658+00:00"
"2026-04-19","pet feeder","46","52.5","core_5y","core","pet_unspecified","true","core_5y","false","AU","Web Search","2026-10-07T11:21:38.145658+00:00"
"2026-04-26","pet feeder","49","50.5","core_5y","core","pet_unspecified","true","core_5y","false","AU","Web Search","2026-10-07T11:21:38.145658+00:00"
"2026-05-03","pet feeder","60","53.5","core_5y","core","pet_unspecified","true","core_5y","false","AU","Web Search","2026-10-07T11:21:38.145658+00:00"
"2026-05-10","pet feeder","66","55.25","core_5y","core","pet_unspecified","true","core_5y","false","AU","Web Search","2026-10-07T11:21:38.145658+00:00"
"2026-05-17","pet feeder","68","60.75","core_5y","core","pet_unspecified","true","core_5y","false","AU","Web Search","2026-10-07T11:21:38.145658+00:00"
"2026-05-24","pet feeder","72","66.5","core_5y","core","pet_unspecified","true","core_5y","false","AU","Web Search","2026-10-07T11:21:38.145658+00:00"
"2026-05-31","pet feeder","56","65.5","core_5y","core","pet_unspecified","true","core_5y","false","AU","Web Search","2026-10-07T11:21:38.145658+00:00"
"2026-06-07","pet feeder","44","60","core_5y","core","pet_unspecified","true","core_5y","false","AU","Web Search","2026-10-07T11:21:38.145658+00:00"
"2026-06-14","pet feeder","66","59.5","core_5y","core","pet_unspecified","true","core_5y","false","AU","Web Search","2026-10-07T11:21:38.145658+00:00"
"2026-06-21","pet feeder","64","57.5","core_5y","core","pet_unspecified","true","core_5y","false","AU","Web Search","2026-10-07T11:21:38.145658+00:00"
"2026-06-28","pet feeder","49","55.75","core_5y","core","pet_unspecified","true","core_5y","false","AU","Web Search","2026-10-07T11:21:38.145658+00:00"
"2026-07-05","pet feeder","66","61.25","core_5y","core","pet_unspecified","true","core_5y","false","AU","Web Search","2026-10-07T11:21:38.145658+00:00"
"2026-07-12","pet feeder","66","61.25","core_5y","core","pet_unspecified","true","core_5y","false","AU","Web Search","2026-10-07T11:21:38.145658+00:00"
"2026-07-19","pet feeder","60","60.25","core_5y","core","pet_unspecified","true","core_5y","false","AU","Web Search","2026-10-07T11:21:38.145658+00:00"
"2026-07-26","pet feeder","47","59.75","core_5y","core","pet_unspecified","true","core_5y","false","AU","Web Search","2026-10-07T11:21:38.145658+00:00"
"2026-08-02","pet feeder","47","55","core_5y","core","pet_unspecified","true","core_5y","false","AU","Web Search","2026-10-07T11:21:38.145658+00:00"
"2026-08-09","pet feeder","54","52","core_5y","core","pet_unspecified","true","core_5y","false","AU","Web Search","2026-10-07T11:21:38.145658+00:00"
"2026-08-16","pet feeder","54","50.5","core_5y","core","pet_unspecified","true","core_5y","false","AU","Web Search","2026-10-07T11:21:38.145658+00:00"
"2026-08-23","pet feeder","45","50","core_5y","core","pet_unspecified","true","core_5y","false","AU","Web Search","2026-10-07T11:21:38.145658+00:00"
"2026-08-30","pet feeder","39","48","core_5y","core","pet_unspecified","true","core_5y","false","AU","Web Search","2026-10-07T11:21:38.145658+00:00"
"2026-09-06","pet feeder","43","45.25","core_5y","core","pet_unspecified","true","core_5y","false","AU","Web Search","2026-10-07T11:21:38.145658+00:00"
"2026-09-13","pet feeder","49","44","core_5y","core","pet_unspecified","true","core_5y","false","AU","Web Search","2026-10-07T11:21:38.145658+00:00"
"2026-09-20","pet feeder","46","44.25","core_5y","core","pet_unspecified","true","core_5y","false","AU","Web Search","2026-10-07T11:21:38.145658+00:00"
"2026-09-27","pet feeder","57","48.75","core_5y","core","pet_unspecified","true","core_5y","false","AU","Web Search","2026-10-07T11:21:38.145658+00:00"
"2026-10-04","pet feeder","51","50.75","core_5y","core","pet_unspecified","true","core_5y","true","AU","Web Search","2026-10-07T11:21:38.145658+00:00"
"2021-10-03","cat feeder","47",,"core_5y","core","cat","true","core_5y","true","AU","Web Search","2026-10-07T11:21:38.145658+00:00"
"2021-10-10","cat feeder","34",,"core_5y","core","cat","true","core_5y","false","AU","Web Search","2026-10-07T11:21:38.145658+00:00"
"2021-10-17","cat feeder","39",,"core_5y","core","cat","true","core_5y","false","AU","Web Search","2026-10-07T11:21:38.145658+00:00"
"2021-10-24","cat feeder","33","38.25","core_5y","core","cat","true","core_5y","false","AU","Web Search","2026-10-07T11:21:38.145658+00:00"
"2021-10-31","cat feeder","27","33.25","core_5y","core","cat","true","core_5y","false","AU","Web Search","2026-10-07T11:21:38.145658+00:00"
"2021-11-07","cat feeder","24","30.75","core_5y","core","cat","true","core_5y","false","AU","Web Search","2026-10-07T11:21:38.145658+00:00"
"2021-11-14","cat feeder","29","28.25","core_5y","core","cat","true","core_5y","false","AU","Web Search","2026-10-07T11:21:38.145658+00:00"
"2021-11-21","cat feeder","41","30.25","core_5y","core","cat","true","core_5y","false","AU","Web Search","2026-10-07T11:21:38.145658+00:00"
"2021-11-28","cat feeder","40","33.5","core_5y","core","cat","true","core_5y","false","AU","Web Search","2026-10-07T11:21:38.145658+00:00"
"2021-12-05","cat feeder","43","38.25","core_5y","core","cat","true","core_5y","false","AU","Web Search","2026-10-07T11:21:38.145658+00:00"
"2021-12-12","cat feeder","56","45","core_5y","core","cat","true","core_5y","false","AU","Web Search","2026-10-07T11:21:38.145658+00:00"
"2021-12-19","cat feeder","38","44.25","core_5y","core","cat","true","core_5y","false","AU","Web Search","2026-10-07T11:21:38.145658+00:00"
"2021-12-26","cat feeder","51","47","core_5y","core","cat","true","core_5y","false","AU","Web Search","2026-10-07T11:21:38.145658+00:00"
"2022-01-02","cat feeder","49","48.5","core_5y","core","cat","true","core_5y","false","AU","Web Search","2026-10-07T11:21:38.145658+00:00"
"2022-01-09","cat feeder","53","47.75","core_5y","core","cat","true","core_5y","false","AU","Web Search","2026-10-07T11:21:38.145658+00:00"
"2022-01-16","cat feeder","37","47.5","core_5y","core","cat","true","core_5y","false","AU","Web Search","2026-10-07T11:21:38.145658+00:00"
"2022-01-23","cat feeder","42","45.25","core_5y","core","cat","true","core_5y","false","AU","Web Search","2026-10-07T11:21:38.145658+00:00"
"2022-01-30","cat feeder","39","42.75","core_5y","core","cat","true","core_5y","false","AU","Web Search","2026-10-07T11:21:38.145658+00:00"
"2022-02-06","cat feeder","40","39.5","core_5y","core","cat","true","core_5y","false","AU","Web Search","2026-10-07T11:21:38.145658+00:00"
"2022-02-13","cat feeder","37","39.5","core_5y","core","cat","true","core_5y","false","AU","Web Search","2026-10-07T11:21:38.145658+00:00"
"2022-02-20","cat feeder","43","39.75","core_5y","core","cat","true","core_5y","false","AU","Web Search","2026-10-07T11:21:38.145658+00:00"
"2022-02-27","cat feeder","33","38.25","core_5y","core","cat","true","core_5y","false","AU","Web Search","2026-10-07T11:21:38.145658+00:00"
"2022-03-06","cat feeder","51","41","core_5y","core","cat","true","core_5y","false","AU","Web Search","2026-10-07T11:21:38.145658+00:00"
"2022-03-13","cat feeder","41","42","core_5y","core","cat","true","core_5y","false","AU","Web Search","2026-10-07T11:21:38.145658+00:00"
"2022-03-20","cat feeder","33","39.5","core_5y","core","cat","true","core_5y","false","AU","Web Search","2026-10-07T11:21:38.145658+00:00"
"2022-03-27","cat feeder","54","44.75","core_5y","core","cat","true","core_5y","false","AU","Web Search","2026-10-07T11:21:38.145658+00:00"
"2022-04-03","cat feeder","60","47","core_5y","core","cat","true","core_5y","false","AU","Web Search","2026-10-07T11:21:38.145658+00:00"
"2022-04-10","cat feeder","56","50.75","core_5y","core","cat","true","core_5y","false","AU","Web Search","2026-10-07T11:21:38.145658+00:00"
"2022-04-17","cat feeder","74","61","core_5y","core","cat","true","core_5y","false","AU","Web Search","2026-10-07T11:21:38.145658+00:00"
"2022-04-24","cat feeder","54","61","core_5y","core","cat","true","core_5y","false","AU","Web Search","2026-10-07T11:21:38.145658+00:00"
"2022-05-01","cat feeder","38","55.5","core_5y","core","cat","true","core_5y","false","AU","Web Search","2026-10-07T11:21:38.145658+00:00"
"2022-05-08","cat feeder","47","53.25","core_5y","core","cat","true","core_5y","false","AU","Web Search","2026-10-07T11:21:38.145658+00:00"
"2022-05-15","cat feeder","48","46.75","core_5y","core","cat","true","core_5y","false","AU","Web Search","2026-10-07T11:21:38.145658+00:00"
"2022-05-22","cat feeder","50","45.75","core_5y","core","cat","true","core_5y","false","AU","Web Search","2026-10-07T11:21:38.145658+00:00"
"2022-05-29","cat feeder","46","47.75","core_5y","core","cat","true","core_5y","false","AU","Web Search","2026-10-07T11:21:38.145658+00:00"
"2022-06-05","cat feeder","40","46","core_5y","core","cat","true","core_5y","false","AU","Web Search","2026-10-07T11:21:38.145658+00:00"
"2022-06-12","cat feeder","57","48.25","core_5y","core","cat","true","core_5y","false","AU","Web Search","2026-10-07T11:21:38.145658+00:00"
"2022-06-19","cat feeder","56","49.75","core_5y","core","cat","true","core_5y","false","AU","Web Search","2026-10-07T11:21:38.145658+00:00"
"2022-06-26","cat feeder","32","46.25","core_5y","core","cat","true","core_5y","false","AU","Web Search","2026-10-07T11:21:38.145658+00:00"
"2022-07-03","cat feeder","50","48.75","core_5y","core","cat","true","core_5y","false","AU","Web Search","2026-10-07T11:21:38.145658+00:00"
"2022-07-10","cat feeder","50","47","core_5y","core","cat","true","core_5y","false","AU","Web Search","2026-10-07T11:21:38.145658+00:00"
"2022-07-17","cat feeder","59","47.75","core_5y","core","cat","true","core_5y","false","AU","Web Search","2026-10-07T11:21:38.145658+00:00"
"2022-07-24","cat feeder","40","49.75","core_5y","core","cat","true","core_5y","false","AU","Web Search","2026-10-07T11:21:38.145658+00:00"
"2022-07-31","cat feeder","47","49","core_5y","core","cat","true","core_5y","false","AU","Web Search","2026-10-07T11:21:38.145658+00:00"
"2022-08-07","cat feeder","47","48.25","core_5y","core","cat","true","core_5y","false","AU","Web Search","2026-10-07T11:21:38.145658+00:00"
"2022-08-14","cat feeder","49","45.75","core_5y","core","cat","true","core_5y","false","AU","Web Search","2026-10-07T11:21:38.145658+00:00"
"2022-08-21","cat feeder","51","48.5","core_5y","core","cat","true","core_5y","false","AU","Web Search","2026-10-07T11:21:38.145658+00:00"
"2022-08-28","cat feeder","48","48.75","core_5y","core","cat","true","core_5y","false","AU","Web Search","2026-10-07T11:21:38.145658+00:00"
"2022-09-04","cat feeder","49","49.25","core_5y","core","cat","true","core_5y","false","AU","Web Search","2026-10-07T11:21:38.145658+00:00"
"2022-09-11","cat feeder","43","47.75","core_5y","core","cat","true","core_5y","false","AU","Web Search","2026-10-07T11:21:38.145658+00:00"
"2022-09-18","cat feeder","62","50.5","core_5y","core","cat","true","core_5y","false","AU","Web Search","2026-10-07T11:21:38.145658+00:00"
"2022-09-25","cat feeder","45","49.75","core_5y","core","cat","true","core_5y","false","AU","Web Search","2026-10-07T11:21:38.145658+00:00"
"2022-10-02","cat feeder","50","50","core_5y","core","cat","true","core_5y","false","AU","Web Search","2026-10-07T11:21:38.145658+00:00"
"2022-10-09","cat feeder","48","51.25","core_5y","core","cat","true","core_5y","false","AU","Web Search","2026-10-07T11:21:38.145658+00:00"
"2022-10-16","cat feeder","65","52","core_5y","core","cat","true","core_5y","false","AU","Web Search","2026-10-07T11:21:38.145658+00:00"
"2022-10-23","cat feeder","35","49.5","core_5y","core","cat","true","core_5y","false","AU","Web Search","2026-10-07T11:21:38.145658+00:00"
"2022-10-30","cat feeder","50","49.5","core_5y","core","cat","true","core_5y","false","AU","Web Search","2026-10-07T11:21:38.145658+00:00"
"2022-11-06","cat feeder","73","55.75","core_5y","core","cat","true","core_5y","false","AU","Web Search","2026-10-07T11:21:38.145658+00:00"
"2022-11-13","cat feeder","33","47.75","core_5y","core","cat","true","core_5y","false","AU","Web Search","2026-10-07T11:21:38.145658+00:00"
"2022-11-20","cat feeder","53","52.25","core_5y","core","cat","true","core_5y","false","AU","Web Search","2026-10-07T11:21:38.145658+00:00"
"2022-11-27","cat feeder","65","56","core_5y","core","cat","true","core_5y","false","AU","Web Search","2026-10-07T11:21:38.145658+00:00"
"2022-12-04","cat feeder","59","52.5","core_5y","core","cat","true","core_5y","false","AU","Web Search","2026-10-07T11:21:38.145658+00:00"
"2022-12-11","cat feeder","65","60.5","core_5y","core","cat","true","core_5y","false","AU","Web Search","2026-10-07T11:21:38.145658+00:00"
"2022-12-18","cat feeder","62","62.75","core_5y","core","cat","true","core_5y","false","AU","Web Search","2026-10-07T11:21:38.145658+00:00"
"2022-12-25","cat feeder","71","64.25","core_5y","core","cat","true","core_5y","false","AU","Web Search","2026-10-07T11:21:38.145658+00:00"
"2023-01-01","cat feeder","40","59.5","core_5y","core","cat","true","core_5y","false","AU","Web Search","2026-10-07T11:21:38.145658+00:00"
"2023-01-08","cat feeder","71","61","core_5y","core","cat","true","core_5y","false","AU","Web Search","2026-10-07T11:21:38.145658+00:00"
"2023-01-15","cat feeder","51","58.25","core_5y","core","cat","true","core_5y","false","AU","Web Search","2026-10-07T11:21:38.145658+00:00"
"2023-01-22","cat feeder","49","52.75","core_5y","core","cat","true","core_5y","false","AU","Web Search","2026-10-07T11:21:38.145658+00:00"
"2023-01-29","cat feeder","51","55.5","core_5y","core","cat","true","core_5y","false","AU","Web Search","2026-10-07T11:21:38.145658+00:00"
"2023-02-05","cat feeder","46","49.25","core_5y","core","cat","true","core_5y","false","AU","Web Search","2026-10-07T11:21:38.145658+00:00"
"2023-02-12","cat feeder","31","44.25","core_5y","core","cat","true","core_5y","false","AU","Web Search","2026-10-07T11:21:38.145658+00:00"
"2023-02-19","cat feeder","59","46.75","core_5y","core","cat","true","core_5y","false","AU","Web Search","2026-10-07T11:21:38.145658+00:00"
"2023-02-26","cat feeder","60","49","core_5y","core","cat","true","core_5y","false","AU","Web Search","2026-10-07T11:21:38.145658+00:00"
"2023-03-05","cat feeder","43","48.25","core_5y","core","cat","true","core_5y","false","AU","Web Search","2026-10-07T11:21:38.145658+00:00"
"2023-03-12","cat feeder","54","54","core_5y","core","cat","true","core_5y","false","AU","Web Search","2026-10-07T11:21:38.145658+00:00"
"2023-03-19","cat feeder","62","54.75","core_5y","core","cat","true","core_5y","false","AU","Web Search","2026-10-07T11:21:38.145658+00:00"
"2023-03-26","cat feeder","58","54.25","core_5y","core","cat","true","core_5y","false","AU","Web Search","2026-10-07T11:21:38.145658+00:00"
"2023-04-02","cat feeder","57","57.75","core_5y","core","cat","true","core_5y","false","AU","Web Search","2026-10-07T11:21:38.145658+00:00"
"2023-04-09","cat feeder","43","55","core_5y","core","cat","true","core_5y","false","AU","Web Search","2026-10-07T11:21:38.145658+00:00"
"2023-04-16","cat feeder","44","50.5","core_5y","core","cat","true","core_5y","false","AU","Web Search","2026-10-07T11:21:38.145658+00:00"
"2023-04-23","cat feeder","48","48","core_5y","core","cat","true","core_5y","false","AU","Web Search","2026-10-07T11:21:38.145658+00:00"
"2023-04-30","cat feeder","40","43.75","core_5y","core","cat","true","core_5y","false","AU","Web Search","2026-10-07T11:21:38.145658+00:00"
"2023-05-07","cat feeder","43","43.75","core_5y","core","cat","true","core_5y","false","AU","Web Search","2026-10-07T11:21:38.145658+00:00"
"2023-05-14","cat feeder","35","41.5","core_5y","core","cat","true","core_5y","false","AU","Web Search","2026-10-07T11:21:38.145658+00:00"
"2023-05-21","cat feeder","53","42.75","core_5y","core","cat","true","core_5y","false","AU","Web Search","2026-10-07T11:21:38.145658+00:00"
"2023-05-28","cat feeder","53","46","core_5y","core","cat","true","core_5y","false","AU","Web Search","2026-10-07T11:21:38.145658+00:00"
"2023-06-04","cat feeder","34","43.75","core_5y","core","cat","true","core_5y","false","AU","Web Search","2026-10-07T11:21:38.145658+00:00"
"2023-06-11","cat feeder","62","50.5","core_5y","core","cat","true","core_5y","false","AU","Web Search","2026-10-07T11:21:38.145658+00:00"
"2023-06-18","cat feeder","47","49","core_5y","core","cat","true","core_5y","false","AU","Web Search","2026-10-07T11:21:38.145658+00:00"
"2023-06-25","cat feeder","56","49.75","core_5y","core","cat","true","core_5y","false","AU","Web Search","2026-10-07T11:21:38.145658+00:00"
"2023-07-02","cat feeder","55","55","core_5y","core","cat","true","core_5y","false","AU","Web Search","2026-10-07T11:21:38.145658+00:00"
"2023-07-09","cat feeder","61","54.75","core_5y","core","cat","true","core_5y","false","AU","Web Search","2026-10-07T11:21:38.145658+00:00"
"2023-07-16","cat feeder","42","53.5","core_5y","core","cat","true","core_5y","false","AU","Web Search","2026-10-07T11:21:38.145658+00:00"
"2023-07-23","cat feeder","38","49","core_5y","core","cat","true","core_5y","false","AU","Web Search","2026-10-07T11:21:38.145658+00:00"
"2023-07-30","cat feeder","30","42.75","core_5y","core","cat","true","core_5y","false","AU","Web Search","2026-10-07T11:21:38.145658+00:00"
"2023-08-06","cat feeder","45","38.75","core_5y","core","cat","true","core_5y","false","AU","Web Search","2026-10-07T11:21:38.145658+00:00"
"2023-08-13","cat feeder","51","41","core_5y","core","cat","true","core_5y","false","AU","Web Search","2026-10-07T11:21:38.145658+00:00"
"2023-08-20","cat feeder","39","41.25","core_5y","core","cat","true","core_5y","false","AU","Web Search","2026-10-07T11:21:38.145658+00:00"
"2023-08-27","cat feeder","59","48.5","core_5y","core","cat","true","core_5y","false","AU","Web Search","2026-10-07T11:21:38.145658+00:00"
"2023-09-03","cat feeder","47","49","core_5y","core","cat","true","core_5y","false","AU","Web Search","2026-10-07T11:21:38.145658+00:00"
"2023-09-10","cat feeder","52","49.25","core_5y","core","cat","true","core_5y","false","AU","Web Search","2026-10-07T11:21:38.145658+00:00"
"2023-09-17","cat feeder","54","53","core_5y","core","cat","true","core_5y","false","AU","Web Search","2026-10-07T11:21:38.145658+00:00"
"2023-09-24","cat feeder","66","54.75","core_5y","core","cat","true","core_5y","false","AU","Web Search","2026-10-07T11:21:38.145658+00:00"
"2023-10-01","cat feeder","44","54","core_5y","core","cat","true","core_5y","false","AU","Web Search","2026-10-07T11:21:38.145658+00:00"
"2023-10-08","cat feeder","34","49.5","core_5y","core","cat","true","core_5y","false","AU","Web Search","2026-10-07T11:21:38.145658+00:00"
"2023-10-15","cat feeder","52","49","core_5y","core","cat","true","core_5y","false","AU","Web Search","2026-10-07T11:21:38.145658+00:00"
"2023-10-22","cat feeder","43","43.25","core_5y","core","cat","true","core_5y","false","AU","Web Search","2026-10-07T11:21:38.145658+00:00"
"2023-10-29","cat feeder","27","39","core_5y","core","cat","true","core_5y","false","AU","Web Search","2026-10-07T11:21:38.145658+00:00"
"2023-11-05","cat feeder","54","44","core_5y","core","cat","true","core_5y","false","AU","Web Search","2026-10-07T11:21:38.145658+00:00"
"2023-11-12","cat feeder","47","42.75","core_5y","core","cat","true","core_5y","false","AU","Web Search","2026-10-07T11:21:38.145658+00:00"
"2023-11-19","cat feeder","54","45.5","core_5y","core","cat","true","core_5y","false","AU","Web Search","2026-10-07T11:21:38.145658+00:00"
"2023-11-26","cat feeder","59","53.5","core_5y","core","cat","true","core_5y","false","AU","Web Search","2026-10-07T11:21:38.145658+00:00"
"2023-12-03","cat feeder","66","56.5","core_5y","core","cat","true","core_5y","false","AU","Web Search","2026-10-07T11:21:38.145658+00:00"
"2023-12-10","cat feeder","57","59","core_5y","core","cat","true","core_5y","false","AU","Web Search","2026-10-07T11:21:38.145658+00:00"
"2023-12-17","cat feeder","80","65.5","core_5y","core","cat","true","core_5y","false","AU","Web Search","2026-10-07T11:21:38.145658+00:00"
"2023-12-24","cat feeder","59","65.5","core_5y","core","cat","true","core_5y","false","AU","Web Search","2026-10-07T11:21:38.145658+00:00"
"2023-12-31","cat feeder","61","64.25","core_5y","core","cat","true","core_5y","false","AU","Web Search","2026-10-07T11:21:38.145658+00:00"
"2024-01-07","cat feeder","58","64.5","core_5y","core","cat","true","core_5y","false","AU","Web Search","2026-10-07T11:21:38.145658+00:00"
"2024-01-14","cat feeder","60","59.5","core_5y","core","cat","true","core_5y","false","AU","Web Search","2026-10-07T11:21:38.145658+00:00"
"2024-01-21","cat feeder","58","59.25","core_5y","core","cat","true","core_5y","false","AU","Web Search","2026-10-07T11:21:38.145658+00:00"
"2024-01-28","cat feeder","57","58.25","core_5y","core","cat","true","core_5y","false","AU","Web Search","2026-10-07T11:21:38.145658+00:00"
"2024-02-04","cat feeder","60","58.75","core_5y","core","cat","true","core_5y","false","AU","Web Search","2026-10-07T11:21:38.145658+00:00"
"2024-02-11","cat feeder","37","53","core_5y","core","cat","true","core_5y","false","AU","Web Search","2026-10-07T11:21:38.145658+00:00"
"2024-02-18","cat feeder","52","51.5","core_5y","core","cat","true","core_5y","false","AU","Web Search","2026-10-07T11:21:38.145658+00:00"
"2024-02-25","cat feeder","37","46.5","core_5y","core","cat","true","core_5y","false","AU","Web Search","2026-10-07T11:21:38.145658+00:00"
"2024-03-03","cat feeder","47","43.25","core_5y","core","cat","true","core_5y","false","AU","Web Search","2026-10-07T11:21:38.145658+00:00"
"2024-03-10","cat feeder","58","48.5","core_5y","core","cat","true","core_5y","false","AU","Web Search","2026-10-07T11:21:38.145658+00:00"
"2024-03-17","cat feeder","59","50.25","core_5y","core","cat","true","core_5y","false","AU","Web Search","2026-10-07T11:21:38.145658+00:00"
"2024-03-24","cat feeder","51","53.75","core_5y","core","cat","true","core_5y","false","AU","Web Search","2026-10-07T11:21:38.145658+00:00"
"2024-03-31","cat feeder","51","54.75","core_5y","core","cat","true","core_5y","false","AU","Web Search","2026-10-07T11:21:38.145658+00:00"
"2024-04-07","cat feeder","59","55","core_5y","core","cat","true","core_5y","false","AU","Web Search","2026-10-07T11:21:38.145658+00:00"
"2024-04-14","cat feeder","53","53.5","core_5y","core","cat","true","core_5y","false","AU","Web Search","2026-10-07T11:21:38.145658+00:00"
"2024-04-21","cat feeder","46","52.25","core_5y","core","cat","true","core_5y","false","AU","Web Search","2026-10-07T11:21:38.145658+00:00"
"2024-04-28","cat feeder","56","53.5","core_5y","core","cat","true","core_5y","false","AU","Web Search","2026-10-07T11:21:38.145658+00:00"
"2024-05-05","cat feeder","49","51","core_5y","core","cat","true","core_5y","false","AU","Web Search","2026-10-07T11:21:38.145658+00:00"
"2024-05-12","cat feeder","49","50","core_5y","core","cat","true","core_5y","false","AU","Web Search","2026-10-07T11:21:38.145658+00:00"
"2024-05-19","cat feeder","45","49.75","core_5y","core","cat","true","core_5y","false","AU","Web Search","2026-10-07T11:21:38.145658+00:00"
"2024-05-26","cat feeder","61","51","core_5y","core","cat","true","core_5y","false","AU","Web Search","2026-10-07T11:21:38.145658+00:00"
"2024-06-02","cat feeder","51","51.5","core_5y","core","cat","true","core_5y","false","AU","Web Search","2026-10-07T11:21:38.145658+00:00"
"2024-06-09","cat feeder","53","52.5","core_5y","core","cat","true","core_5y","false","AU","Web Search","2026-10-07T11:21:38.145658+00:00"
"2024-06-16","cat feeder","48","53.25","core_5y","core","cat","true","core_5y","false","AU","Web Search","2026-10-07T11:21:38.145658+00:00"
"2024-06-23","cat feeder","67","54.75","core_5y","core","cat","true","core_5y","false","AU","Web Search","2026-10-07T11:21:38.145658+00:00"
"2024-06-30","cat feeder","52","55","core_5y","core","cat","true","core_5y","false","AU","Web Search","2026-10-07T11:21:38.145658+00:00"
"2024-07-07","cat feeder","58","56.25","core_5y","core","cat","true","core_5y","false","AU","Web Search","2026-10-07T11:21:38.145658+00:00"
"2024-07-14","cat feeder","65","60.5","core_5y","core","cat","true","core_5y","false","AU","Web Search","2026-10-07T11:21:38.145658+00:00"
"2024-07-21","cat feeder","54","57.25","core_5y","core","cat","true","core_5y","false","AU","Web Search","2026-10-07T11:21:38.145658+00:00"
"2024-07-28","cat feeder","64","60.25","core_5y","core","cat","true","core_5y","false","AU","Web Search","2026-10-07T11:21:38.145658+00:00"
"2024-08-04","cat feeder","50","58.25","core_5y","core","cat","true","core_5y","false","AU","Web Search","2026-10-07T11:21:38.145658+00:00"
"2024-08-11","cat feeder","47","53.75","core_5y","core","cat","true","core_5y","false","AU","Web Search","2026-10-07T11:21:38.145658+00:00"
"2024-08-18","cat feeder","75","59","core_5y","core","cat","true","core_5y","false","AU","Web Search","2026-10-07T11:21:38.145658+00:00"
"2024-08-25","cat feeder","57","57.25","core_5y","core","cat","true","core_5y","false","AU","Web Search","2026-10-07T11:21:38.145658+00:00"
"2024-09-01","cat feeder","42","55.25","core_5y","core","cat","true","core_5y","false","AU","Web Search","2026-10-07T11:21:38.145658+00:00"
"2024-09-08","cat feeder","45","54.75","core_5y","core","cat","true","core_5y","false","AU","Web Search","2026-10-07T11:21:38.145658+00:00"
"2024-09-15","cat feeder","65","52.25","core_5y","core","cat","true","core_5y","false","AU","Web Search","2026-10-07T11:21:38.145658+00:00"
"2024-09-22","cat feeder","49","50.25","core_5y","core","cat","true","core_5y","false","AU","Web Search","2026-10-07T11:21:38.145658+00:00"
"2024-09-29","cat feeder","61","55","core_5y","core","cat","true","core_5y","false","AU","Web Search","2026-10-07T11:21:38.145658+00:00"
"2024-10-06","cat feeder","48","55.75","core_5y","core","cat","true","core_5y","false","AU","Web Search","2026-10-07T11:21:38.145658+00:00"
"2024-10-13","cat feeder","64","55.5","core_5y","core","cat","true","core_5y","false","AU","Web Search","2026-10-07T11:21:38.145658+00:00"
"2024-10-20","cat feeder","61","58.5","core_5y","core","cat","true","core_5y","false","AU","Web Search","2026-10-07T11:21:38.145658+00:00"
"2024-10-27","cat feeder","48","55.25","core_5y","core","cat","true","core_5y","false","AU","Web Search","2026-10-07T11:21:38.145658+00:00"
"2024-11-03","cat feeder","62","58.75","core_5y","core","cat","true","core_5y","false","AU","Web Search","2026-10-07T11:21:38.145658+00:00"
"2024-11-10","cat feeder","44","53.75","core_5y","core","cat","true","core_5y","false","AU","Web Search","2026-10-07T11:21:38.145658+00:00"
"2024-11-17","cat feeder","58","53","core_5y","core","cat","true","core_5y","false","AU","Web Search","2026-10-07T11:21:38.145658+00:00"
"2024-11-24","cat feeder","69","58.25","core_5y","core","cat","true","core_5y","false","AU","Web Search","2026-10-07T11:21:38.145658+00:00"
"2024-12-01","cat feeder","80","62.75","core_5y","core","cat","true","core_5y","false","AU","Web Search","2026-10-07T11:21:38.145658+00:00"
"2024-12-08","cat feeder","87","73.5","core_5y","core","cat","true","core_5y","false","AU","Web Search","2026-10-07T11:21:38.145658+00:00"
"2024-12-15","cat feeder","70","76.5","core_5y","core","cat","true","core_5y","false","AU","Web Search","2026-10-07T11:21:38.145658+00:00"
"2024-12-22","cat feeder","95","83","core_5y","core","cat","true","core_5y","false","AU","Web Search","2026-10-07T11:21:38.145658+00:00"
"2024-12-29","cat feeder","71","80.75","core_5y","core","cat","true","core_5y","false","AU","Web Search","2026-10-07T11:21:38.145658+00:00"
"2025-01-05","cat feeder","57","73.25","core_5y","core","cat","true","core_5y","false","AU","Web Search","2026-10-07T11:21:38.145658+00:00"
"2025-01-12","cat feeder","67","72.5","core_5y","core","cat","true","core_5y","false","AU","Web Search","2026-10-07T11:21:38.145658+00:00"
"2025-01-19","cat feeder","54","62.25","core_5y","core","cat","true","core_5y","false","AU","Web Search","2026-10-07T11:21:38.145658+00:00"
"2025-01-26","cat feeder","57","58.75","core_5y","core","cat","true","core_5y","false","AU","Web Search","2026-10-07T11:21:38.145658+00:00"
"2025-02-02","cat feeder","66","61","core_5y","core","cat","true","core_5y","false","AU","Web Search","2026-10-07T11:21:38.145658+00:00"
"2025-02-09","cat feeder","42","54.75","core_5y","core","cat","true","core_5y","false","AU","Web Search","2026-10-07T11:21:38.145658+00:00"
"2025-02-16","cat feeder","44","52.25","core_5y","core","cat","true","core_5y","false","AU","Web Search","2026-10-07T11:21:38.145658+00:00"
"2025-02-23","cat feeder","56","52","core_5y","core","cat","true","core_5y","false","AU","Web Search","2026-10-07T11:21:38.145658+00:00"
"2025-03-02","cat feeder","45","46.75","core_5y","core","cat","true","core_5y","false","AU","Web Search","2026-10-07T11:21:38.145658+00:00"
"2025-03-09","cat feeder","43","47","core_5y","core","cat","true","core_5y","false","AU","Web Search","2026-10-07T11:21:38.145658+00:00"
"2025-03-16","cat feeder","50","48.5","core_5y","core","cat","true","core_5y","false","AU","Web Search","2026-10-07T11:21:38.145658+00:00"
"2025-03-23","cat feeder","52","47.5","core_5y","core","cat","true","core_5y","false","AU","Web Search","2026-10-07T11:21:38.145658+00:00"
"2025-03-30","cat feeder","51","49","core_5y","core","cat","true","core_5y","false","AU","Web Search","2026-10-07T11:21:38.145658+00:00"
"2025-04-06","cat feeder","64","54.25","core_5y","core","cat","true","core_5y","false","AU","Web Search","2026-10-07T11:21:38.145658+00:00"
"2025-04-13","cat feeder","68","58.75","core_5y","core","cat","true","core_5y","false","AU","Web Search","2026-10-07T11:21:38.145658+00:00"
"2025-04-20","cat feeder","67","62.5","core_5y","core","cat","true","core_5y","false","AU","Web Search","2026-10-07T11:21:38.145658+00:00"
"2025-04-27","cat feeder","52","62.75","core_5y","core","cat","true","core_5y","false","AU","Web Search","2026-10-07T11:21:38.145658+00:00"
"2025-05-04","cat feeder","63","62.5","core_5y","core","cat","true","core_5y","false","AU","Web Search","2026-10-07T11:21:38.145658+00:00"
"2025-05-11","cat feeder","53","58.75","core_5y","core","cat","true","core_5y","false","AU","Web Search","2026-10-07T11:21:38.145658+00:00"
"2025-05-18","cat feeder","45","53.25","core_5y","core","cat","true","core_5y","false","AU","Web Search","2026-10-07T11:21:38.145658+00:00"
"2025-05-25","cat feeder","46","51.75","core_5y","core","cat","true","core_5y","false","AU","Web Search","2026-10-07T11:21:38.145658+00:00"
"2025-06-01","cat feeder","58","50.5","core_5y","core","cat","true","core_5y","false","AU","Web Search","2026-10-07T11:21:38.145658+00:00"
"2025-06-08","cat feeder","48","49.25","core_5y","core","cat","true","core_5y","false","AU","Web Search","2026-10-07T11:21:38.145658+00:00"
"2025-06-15","cat feeder","57","52.25","core_5y","core","cat","true","core_5y","false","AU","Web Search","2026-10-07T11:21:38.145658+00:00"
"2025-06-22","cat feeder","56","54.75","core_5y","core","cat","true","core_5y","false","AU","Web Search","2026-10-07T11:21:38.145658+00:00"
"2025-06-29","cat feeder","71","58","core_5y","core","cat","true","core_5y","false","AU","Web Search","2026-10-07T11:21:38.145658+00:00"
"2025-07-06","cat feeder","66","62.5","core_5y","core","cat","true","core_5y","false","AU","Web Search","2026-10-07T11:21:38.145658+00:00"
"2025-07-13","cat feeder","68","65.25","core_5y","core","cat","true","core_5y","false","AU","Web Search","2026-10-07T11:21:38.145658+00:00"
"2025-07-20","cat feeder","51","64","core_5y","core","cat","true","core_5y","false","AU","Web Search","2026-10-07T11:21:38.145658+00:00"
"2025-07-27","cat feeder","65","62.5","core_5y","core","cat","true","core_5y","false","AU","Web Search","2026-10-07T11:21:38.145658+00:00"
"2025-08-03","cat feeder","61","61.25","core_5y","core","cat","true","core_5y","false","AU","Web Search","2026-10-07T11:21:38.145658+00:00"
"2025-08-10","cat feeder","53","57.5","core_5y","core","cat","true","core_5y","false","AU","Web Search","2026-10-07T11:21:38.145658+00:00"
"2025-08-17","cat feeder","48","56.75","core_5y","core","cat","true","core_5y","false","AU","Web Search","2026-10-07T11:21:38.145658+00:00"
"2025-08-24","cat feeder","66","57","core_5y","core","cat","true","core_5y","false","AU","Web Search","2026-10-07T11:21:38.145658+00:00"
"2025-08-31","cat feeder","68","58.75","core_5y","core","cat","true","core_5y","false","AU","Web Search","2026-10-07T11:21:38.145658+00:00"
"2025-09-07","cat feeder","55","59.25","core_5y","core","cat","true","core_5y","false","AU","Web Search","2026-10-07T11:21:38.145658+00:00"
"2025-09-14","cat feeder","64","63.25","core_5y","core","cat","true","core_5y","false","AU","Web Search","2026-10-07T11:21:38.145658+00:00"
"2025-09-21","cat feeder","68","63.75","core_5y","core","cat","true","core_5y","false","AU","Web Search","2026-10-07T11:21:38.145658+00:00"
"2025-09-28","cat feeder","55","60.5","core_5y","core","cat","true","core_5y","false","AU","Web Search","2026-10-07T11:21:38.145658+00:00"
"2025-10-05","cat feeder","53","60","core_5y","core","cat","true","core_5y","false","AU","Web Search","2026-10-07T11:21:38.145658+00:00"
"2025-10-12","cat feeder","55","57.75","core_5y","core","cat","true","core_5y","false","AU","Web Search","2026-10-07T11:21:38.145658+00:00"
"2025-10-19","cat feeder","51","53.5","core_5y","core","cat","true","core_5y","false","AU","Web Search","2026-10-07T11:21:38.145658+00:00"
"2025-10-26","cat feeder","66","56.25","core_5y","core","cat","true","core_5y","false","AU","Web Search","2026-10-07T11:21:38.145658+00:00"
"2025-11-02","cat feeder","72","61","core_5y","core","cat","true","core_5y","false","AU","Web Search","2026-10-07T11:21:38.145658+00:00"
"2025-11-09","cat feeder","48","59.25","core_5y","core","cat","true","core_5y","false","AU","Web Search","2026-10-07T11:21:38.145658+00:00"
"2025-11-16","cat feeder","79","66.25","core_5y","core","cat","true","core_5y","false","AU","Web Search","2026-10-07T11:21:38.145658+00:00"
"2025-11-23","cat feeder","86","71.25","core_5y","core","cat","true","core_5y","false","AU","Web Search","2026-10-07T11:21:38.145658+00:00"
"2025-11-30","cat feeder","62","68.75","core_5y","core","cat","true","core_5y","false","AU","Web Search","2026-10-07T11:21:38.145658+00:00"
"2025-12-07","cat feeder","68","73.75","core_5y","core","cat","true","core_5y","false","AU","Web Search","2026-10-07T11:21:38.145658+00:00"
"2025-12-14","cat feeder","85","75.25","core_5y","core","cat","true","core_5y","false","AU","Web Search","2026-10-07T11:21:38.145658+00:00"
"2025-12-21","cat feeder","96","77.75","core_5y","core","cat","true","core_5y","false","AU","Web Search","2026-10-07T11:21:38.145658+00:00"
"2025-12-28","cat feeder","71","80","core_5y","core","cat","true","core_5y","false","AU","Web Search","2026-10-07T11:21:38.145658+00:00"
"2026-01-04","cat feeder","77","82.25","core_5y","core","cat","true","core_5y","false","AU","Web Search","2026-10-07T11:21:38.145658+00:00"
"2026-01-11","cat feeder","72","79","core_5y","core","cat","true","core_5y","false","AU","Web Search","2026-10-07T11:21:38.145658+00:00"
"2026-01-18","cat feeder","70","72.5","core_5y","core","cat","true","core_5y","false","AU","Web Search","2026-10-07T11:21:38.145658+00:00"
"2026-01-25","cat feeder","65","71","core_5y","core","cat","true","core_5y","false","AU","Web Search","2026-10-07T11:21:38.145658+00:00"
"2026-02-01","cat feeder","65","68","core_5y","core","cat","true","core_5y","false","AU","Web Search","2026-10-07T11:21:38.145658+00:00"
"2026-02-08","cat feeder","65","66.25","core_5y","core","cat","true","core_5y","false","AU","Web Search","2026-10-07T11:21:38.145658+00:00"
"2026-02-15","cat feeder","69","66","core_5y","core","cat","true","core_5y","false","AU","Web Search","2026-10-07T11:21:38.145658+00:00"
"2026-02-22","cat feeder","74","68.25","core_5y","core","cat","true","core_5y","false","AU","Web Search","2026-10-07T11:21:38.145658+00:00"
"2026-03-01","cat feeder","58","66.5","core_5y","core","cat","true","core_5y","false","AU","Web Search","2026-10-07T11:21:38.145658+00:00"
"2026-03-08","cat feeder","54","63.75","core_5y","core","cat","true","core_5y","false","AU","Web Search","2026-10-07T11:21:38.145658+00:00"
"2026-03-15","cat feeder","48","58.5","core_5y","core","cat","true","core_5y","false","AU","Web Search","2026-10-07T11:21:38.145658+00:00"
"2026-03-22","cat feeder","82","60.5","core_5y","core","cat","true","core_5y","false","AU","Web Search","2026-10-07T11:21:38.145658+00:00"
"2026-03-29","cat feeder","86","67.5","core_5y","core","cat","true","core_5y","false","AU","Web Search","2026-10-07T11:21:38.145658+00:00"
"2026-04-05","cat feeder","91","76.75","core_5y","core","cat","true","core_5y","false","AU","Web Search","2026-10-07T11:21:38.145658+00:00"
"2026-04-12","cat feeder","88","86.75","core_5y","core","cat","true","core_5y","false","AU","Web Search","2026-10-07T11:21:38.145658+00:00"
"2026-04-19","cat feeder","73","84.5","core_5y","core","cat","true","core_5y","false","AU","Web Search","2026-10-07T11:21:38.145658+00:00"
"2026-04-26","cat feeder","71","80.75","core_5y","core","cat","true","core_5y","false","AU","Web Search","2026-10-07T11:21:38.145658+00:00"
"2026-05-03","cat feeder","76","77","core_5y","core","cat","true","core_5y","false","AU","Web Search","2026-10-07T11:21:38.145658+00:00"
"2026-05-10","cat feeder","72","73","core_5y","core","cat","true","core_5y","false","AU","Web Search","2026-10-07T11:21:38.145658+00:00"
"2026-05-17","cat feeder","56","68.75","core_5y","core","cat","true","core_5y","false","AU","Web Search","2026-10-07T11:21:38.145658+00:00"
"2026-05-24","cat feeder","64","67","core_5y","core","cat","true","core_5y","false","AU","Web Search","2026-10-07T11:21:38.145658+00:00"
"2026-05-31","cat feeder","59","62.75","core_5y","core","cat","true","core_5y","false","AU","Web Search","2026-10-07T11:21:38.145658+00:00"
"2026-06-07","cat feeder","57","59","core_5y","core","cat","true","core_5y","false","AU","Web Search","2026-10-07T11:21:38.145658+00:00"
"2026-06-14","cat feeder","72","63","core_5y","core","cat","true","core_5y","false","AU","Web Search","2026-10-07T11:21:38.145658+00:00"
"2026-06-21","cat feeder","100","72","core_5y","core","cat","true","core_5y","false","AU","Web Search","2026-10-07T11:21:38.145658+00:00"
"2026-06-28","cat feeder","61","72.5","core_5y","core","cat","true","core_5y","false","AU","Web Search","2026-10-07T11:21:38.145658+00:00"
"2026-07-05","cat feeder","92","81.25","core_5y","core","cat","true","core_5y","false","AU","Web Search","2026-10-07T11:21:38.145658+00:00"
"2026-07-12","cat feeder","77","82.5","core_5y","core","cat","true","core_5y","false","AU","Web Search","2026-10-07T11:21:38.145658+00:00"
"2026-07-19","cat feeder","82","78","core_5y","core","cat","true","core_5y","false","AU","Web Search","2026-10-07T11:21:38.145658+00:00"
"2026-07-26","cat feeder","81","83","core_5y","core","cat","true","core_5y","false","AU","Web Search","2026-10-07T11:21:38.145658+00:00"
"2026-08-02","cat feeder","80","80","core_5y","core","cat","true","core_5y","false","AU","Web Search","2026-10-07T11:21:38.145658+00:00"
"2026-08-09","cat feeder","85","82","core_5y","core","cat","true","core_5y","false","AU","Web Search","2026-10-07T11:21:38.145658+00:00"
"2026-08-16","cat feeder","76","80.5","core_5y","core","cat","true","core_5y","false","AU","Web Search","2026-10-07T11:21:38.145658+00:00"
"2026-08-23","cat feeder","73","78.5","core_5y","core","cat","true","core_5y","false","AU","Web Search","2026-10-07T11:21:38.145658+00:00"
"2026-08-30","cat feeder","73","76.75","core_5y","core","cat","true","core_5y","false","AU","Web Search","2026-10-07T11:21:38.145658+00:00"
"2026-09-06","cat feeder","63","71.25","core_5y","core","cat","true","core_5y","false","AU","Web Search","2026-10-07T11:21:38.145658+00:00"
"2026-09-13","cat feeder","80","72.25","core_5y","core","cat","true","core_5y","false","AU","Web Search","2026-10-07T11:21:38.145658+00:00"
"2026-09-20","cat feeder","58","68.5","core_5y","core","cat","true","core_5y","false","AU","Web Search","2026-10-07T11:21:38.145658+00:00"
"2026-09-27","cat feeder","76","69.25","core_5y","core","cat","true","core_5y","false","AU","Web Search","2026-10-07T11:21:38.145658+00:00"
"2026-10-04","cat feeder","64","69.5","core_5y","core","cat","true","core_5y","true","AU","Web Search","2026-10-07T11:21:38.145658+00:00"
"2025-10-05","automatic pet feeder","0",,"core_12m","core","pet_unspecified","true","core_12m","true","AU","Web Search","2026-10-07T11:21:38.145658+00:00"
"2025-10-12","automatic pet feeder","20",,"core_12m","core","pet_unspecified","true","core_12m","false","AU","Web Search","2026-10-07T11:21:38.145658+00:00"
"2025-10-19","automatic pet feeder","28",,"core_12m","core","pet_unspecified","true","core_12m","false","AU","Web Search","2026-10-07T11:21:38.145658+00:00"
"2025-10-26","automatic pet feeder","0","12","core_12m","core","pet_unspecified","true","core_12m","false","AU","Web Search","2026-10-07T11:21:38.145658+00:00"
"2025-11-02","automatic pet feeder","14","15.5","core_12m","core","pet_unspecified","true","core_12m","false","AU","Web Search","2026-10-07T11:21:38.145658+00:00"
"2025-11-09","automatic pet feeder","19","15.25","core_12m","core","pet_unspecified","true","core_12m","false","AU","Web Search","2026-10-07T11:21:38.145658+00:00"
"2025-11-16","automatic pet feeder","21","13.5","core_12m","core","pet_unspecified","true","core_12m","false","AU","Web Search","2026-10-07T11:21:38.145658+00:00"
"2025-11-23","automatic pet feeder","19","18.25","core_12m","core","pet_unspecified","true","core_12m","false","AU","Web Search","2026-10-07T11:21:38.145658+00:00"
"2025-11-30","automatic pet feeder","25","21","core_12m","core","pet_unspecified","true","core_12m","false","AU","Web Search","2026-10-07T11:21:38.145658+00:00"
"2025-12-07","automatic pet feeder","26","22.75","core_12m","core","pet_unspecified","true","core_12m","false","AU","Web Search","2026-10-07T11:21:38.145658+00:00"
"2025-12-14","automatic pet feeder","0","17.5","core_12m","core","pet_unspecified","true","core_12m","false","AU","Web Search","2026-10-07T11:21:38.145658+00:00"
"2025-12-21","automatic pet feeder","24","18.75","core_12m","core","pet_unspecified","true","core_12m","false","AU","Web Search","2026-10-07T11:21:38.145658+00:00"
"2025-12-28","automatic pet feeder","24","18.5","core_12m","core","pet_unspecified","true","core_12m","false","AU","Web Search","2026-10-07T11:21:38.145658+00:00"
"2026-01-04","automatic pet feeder","23","17.75","core_12m","core","pet_unspecified","true","core_12m","false","AU","Web Search","2026-10-07T11:21:38.145658+00:00"
"2026-01-11","automatic pet feeder","25","24","core_12m","core","pet_unspecified","true","core_12m","false","AU","Web Search","2026-10-07T11:21:38.145658+00:00"
"2026-01-18","automatic pet feeder","17","22.25","core_12m","core","pet_unspecified","true","core_12m","false","AU","Web Search","2026-10-07T11:21:38.145658+00:00"
"2026-01-25","automatic pet feeder","16","20.25","core_12m","core","pet_unspecified","true","core_12m","false","AU","Web Search","2026-10-07T11:21:38.145658+00:00"
"2026-02-01","automatic pet feeder","17","18.75","core_12m","core","pet_unspecified","true","core_12m","false","AU","Web Search","2026-10-07T11:21:38.145658+00:00"
"2026-02-08","automatic pet feeder","17","16.75","core_12m","core","pet_unspecified","true","core_12m","false","AU","Web Search","2026-10-07T11:21:38.145658+00:00"
"2026-02-15","automatic pet feeder","24","18.5","core_12m","core","pet_unspecified","true","core_12m","false","AU","Web Search","2026-10-07T11:21:38.145658+00:00"
"2026-02-22","automatic pet feeder","15","18.25","core_12m","core","pet_unspecified","true","core_12m","false","AU","Web Search","2026-10-07T11:21:38.145658+00:00"
"2026-03-01","automatic pet feeder","17","18.25","core_12m","core","pet_unspecified","true","core_12m","false","AU","Web Search","2026-10-07T11:21:38.145658+00:00"
"2026-03-08","automatic pet feeder","0","14","core_12m","core","pet_unspecified","true","core_12m","false","AU","Web Search","2026-10-07T11:21:38.145658+00:00"
"2026-03-15","automatic pet feeder","0","8","core_12m","core","pet_unspecified","true","core_12m","false","AU","Web Search","2026-10-07T11:21:38.145658+00:00"
"2026-03-22","automatic pet feeder","0","4.25","core_12m","core","pet_unspecified","true","core_12m","false","AU","Web Search","2026-10-07T11:21:38.145658+00:00"
"2026-03-29","automatic pet feeder","14","3.5","core_12m","core","pet_unspecified","true","core_12m","false","AU","Web Search","2026-10-07T11:21:38.145658+00:00"
"2026-04-05","automatic pet feeder","24","9.5","core_12m","core","pet_unspecified","true","core_12m","false","AU","Web Search","2026-10-07T11:21:38.145658+00:00"
"2026-04-12","automatic pet feeder","22","15","core_12m","core","pet_unspecified","true","core_12m","false","AU","Web Search","2026-10-07T11:21:38.145658+00:00"
"2026-04-19","automatic pet feeder","0","15","core_12m","core","pet_unspecified","true","core_12m","false","AU","Web Search","2026-10-07T11:21:38.145658+00:00"
"2026-04-26","automatic pet feeder","23","17.25","core_12m","core","pet_unspecified","true","core_12m","false","AU","Web Search","2026-10-07T11:21:38.145658+00:00"
"2026-05-03","automatic pet feeder","0","11.25","core_12m","core","pet_unspecified","true","core_12m","false","AU","Web Search","2026-10-07T11:21:38.145658+00:00"
"2026-05-10","automatic pet feeder","20","10.75","core_12m","core","pet_unspecified","true","core_12m","false","AU","Web Search","2026-10-07T11:21:38.145658+00:00"
"2026-05-17","automatic pet feeder","18","15.25","core_12m","core","pet_unspecified","true","core_12m","false","AU","Web Search","2026-10-07T11:21:38.145658+00:00"
"2026-05-24","automatic pet feeder","0","9.5","core_12m","core","pet_unspecified","true","core_12m","false","AU","Web Search","2026-10-07T11:21:38.145658+00:00"
"2026-05-31","automatic pet feeder","0","9.5","core_12m","core","pet_unspecified","true","core_12m","false","AU","Web Search","2026-10-07T11:21:38.145658+00:00"
"2026-06-07","automatic pet feeder","0","4.5","core_12m","core","pet_unspecified","true","core_12m","false","AU","Web Search","2026-10-07T11:21:38.145658+00:00"
"2026-06-14","automatic pet feeder","23","5.75","core_12m","core","pet_unspecified","true","core_12m","false","AU","Web Search","2026-10-07T11:21:38.145658+00:00"
"2026-06-21","automatic pet feeder","0","5.75","core_12m","core","pet_unspecified","true","core_12m","false","AU","Web Search","2026-10-07T11:21:38.145658+00:00"
"2026-06-28","automatic pet feeder","16","9.75","core_12m","core","pet_unspecified","true","core_12m","false","AU","Web Search","2026-10-07T11:21:38.145658+00:00"
"2026-07-05","automatic pet feeder","22","15.25","core_12m","core","pet_unspecified","true","core_12m","false","AU","Web Search","2026-10-07T11:21:38.145658+00:00"
"2026-07-12","automatic pet feeder","20","14.5","core_12m","core","pet_unspecified","true","core_12m","false","AU","Web Search","2026-10-07T11:21:38.145658+00:00"
"2026-07-19","automatic pet feeder","23","20.25","core_12m","core","pet_unspecified","true","core_12m","false","AU","Web Search","2026-10-07T11:21:38.145658+00:00"
"2026-07-26","automatic pet feeder","14","19.75","core_12m","core","pet_unspecified","true","core_12m","false","AU","Web Search","2026-10-07T11:21:38.145658+00:00"
"2026-08-02","automatic pet feeder","0","14.25","core_12m","core","pet_unspecified","true","core_12m","false","AU","Web Search","2026-10-07T11:21:38.145658+00:00"
"2026-08-09","automatic pet feeder","0","9.25","core_12m","core","pet_unspecified","true","core_12m","false","AU","Web Search","2026-10-07T11:21:38.145658+00:00"
"2026-08-16","automatic pet feeder","15","7.25","core_12m","core","pet_unspecified","true","core_12m","false","AU","Web Search","2026-10-07T11:21:38.145658+00:00"
"2026-08-23","automatic pet feeder","17","8","core_12m","core","pet_unspecified","true","core_12m","false","AU","Web Search","2026-10-07T11:21:38.145658+00:00"
"2026-08-30","automatic pet feeder","0","8","core_12m","core","pet_unspecified","true","core_12m","false","AU","Web Search","2026-10-07T11:21:38.145658+00:00"
"2026-09-06","automatic pet feeder","0","8","core_12m","core","pet_unspecified","true","core_12m","false","AU","Web Search","2026-10-07T11:21:38.145658+00:00"
"2026-09-13","automatic pet feeder","23","10","core_12m","core","pet_unspecified","true","core_12m","false","AU","Web Search","2026-10-07T11:21:38.145658+00:00"
"2026-09-20","automatic pet feeder","16","9.75","core_12m","core","pet_unspecified","true","core_12m","false","AU","Web Search","2026-10-07T11:21:38.145658+00:00"
"2026-09-27","automatic pet feeder","16","13.75","core_12m","core","pet_unspecified","true","core_12m","false","AU","Web Search","2026-10-07T11:21:38.145658+00:00"
"2026-10-04","automatic pet feeder","14","17.25","core_12m","core","pet_unspecified","true","core_12m","true","AU","Web Search","2026-10-07T11:21:38.145658+00:00"
"2025-10-05","automatic cat feeder","35",,"core_12m","core","cat","true","core_12m","true","AU","Web Search","2026-10-07T11:21:38.145658+00:00"
"2025-10-12","automatic cat feeder","29",,"core_12m","core","cat","true","core_12m","false","AU","Web Search","2026-10-07T11:21:38.145658+00:00"
"2025-10-19","automatic cat feeder","28",,"core_12m","core","cat","true","core_12m","false","AU","Web Search","2026-10-07T11:21:38.145658+00:00"
"2025-10-26","automatic cat feeder","32","31","core_12m","core","cat","true","core_12m","false","AU","Web Search","2026-10-07T11:21:38.145658+00:00"
"2025-11-02","automatic cat feeder","25","28.5","core_12m","core","cat","true","core_12m","false","AU","Web Search","2026-10-07T11:21:38.145658+00:00"
"2025-11-09","automatic cat feeder","21","26.5","core_12m","core","cat","true","core_12m","false","AU","Web Search","2026-10-07T11:21:38.145658+00:00"
"2025-11-16","automatic cat feeder","27","26.25","core_12m","core","cat","true","core_12m","false","AU","Web Search","2026-10-07T11:21:38.145658+00:00"
"2025-11-23","automatic cat feeder","30","25.75","core_12m","core","cat","true","core_12m","false","AU","Web Search","2026-10-07T11:21:38.145658+00:00"
"2025-11-30","automatic cat feeder","30","27","core_12m","core","cat","true","core_12m","false","AU","Web Search","2026-10-07T11:21:38.145658+00:00"
"2025-12-07","automatic cat feeder","35","30.5","core_12m","core","cat","true","core_12m","false","AU","Web Search","2026-10-07T11:21:38.145658+00:00"
"2025-12-14","automatic cat feeder","41","34","core_12m","core","cat","true","core_12m","false","AU","Web Search","2026-10-07T11:21:38.145658+00:00"
"2025-12-21","automatic cat feeder","40","36.5","core_12m","core","cat","true","core_12m","false","AU","Web Search","2026-10-07T11:21:38.145658+00:00"
"2025-12-28","automatic cat feeder","33","37.25","core_12m","core","cat","true","core_12m","false","AU","Web Search","2026-10-07T11:21:38.145658+00:00"
"2026-01-04","automatic cat feeder","28","35.5","core_12m","core","cat","true","core_12m","false","AU","Web Search","2026-10-07T11:21:38.145658+00:00"
"2026-01-11","automatic cat feeder","29","32.5","core_12m","core","cat","true","core_12m","false","AU","Web Search","2026-10-07T11:21:38.145658+00:00"
"2026-01-18","automatic cat feeder","29","29.75","core_12m","core","cat","true","core_12m","false","AU","Web Search","2026-10-07T11:21:38.145658+00:00"
"2026-01-25","automatic cat feeder","32","29.5","core_12m","core","cat","true","core_12m","false","AU","Web Search","2026-10-07T11:21:38.145658+00:00"
"2026-02-01","automatic cat feeder","28","29.5","core_12m","core","cat","true","core_12m","false","AU","Web Search","2026-10-07T11:21:38.145658+00:00"
"2026-02-08","automatic cat feeder","20","27.25","core_12m","core","cat","true","core_12m","false","AU","Web Search","2026-10-07T11:21:38.145658+00:00"
"2026-02-15","automatic cat feeder","36","29","core_12m","core","cat","true","core_12m","false","AU","Web Search","2026-10-07T11:21:38.145658+00:00"
"2026-02-22","automatic cat feeder","30","28.5","core_12m","core","cat","true","core_12m","false","AU","Web Search","2026-10-07T11:21:38.145658+00:00"
"2026-03-01","automatic cat feeder","25","27.75","core_12m","core","cat","true","core_12m","false","AU","Web Search","2026-10-07T11:21:38.145658+00:00"
"2026-03-08","automatic cat feeder","26","29.25","core_12m","core","cat","true","core_12m","false","AU","Web Search","2026-10-07T11:21:38.145658+00:00"
"2026-03-15","automatic cat feeder","25","26.5","core_12m","core","cat","true","core_12m","false","AU","Web Search","2026-10-07T11:21:38.145658+00:00"
"2026-03-22","automatic cat feeder","23","24.75","core_12m","core","cat","true","core_12m","false","AU","Web Search","2026-10-07T11:21:38.145658+00:00"
"2026-03-29","automatic cat feeder","53","31.75","core_12m","core","cat","true","core_12m","false","AU","Web Search","2026-10-07T11:21:38.145658+00:00"
"2026-04-05","automatic cat feeder","41","35.5","core_12m","core","cat","true","core_12m","false","AU","Web Search","2026-10-07T11:21:38.145658+00:00"
"2026-04-12","automatic cat feeder","43","40","core_12m","core","cat","true","core_12m","false","AU","Web Search","2026-10-07T11:21:38.145658+00:00"
"2026-04-19","automatic cat feeder","23","40","core_12m","core","cat","true","core_12m","false","AU","Web Search","2026-10-07T11:21:38.145658+00:00"
"2026-04-26","automatic cat feeder","26","33.25","core_12m","core","cat","true","core_12m","false","AU","Web Search","2026-10-07T11:21:38.145658+00:00"
"2026-05-03","automatic cat feeder","34","31.5","core_12m","core","cat","true","core_12m","false","AU","Web Search","2026-10-07T11:21:38.145658+00:00"
"2026-05-10","automatic cat feeder","30","28.25","core_12m","core","cat","true","core_12m","false","AU","Web Search","2026-10-07T11:21:38.145658+00:00"
"2026-05-17","automatic cat feeder","15","26.25","core_12m","core","cat","true","core_12m","false","AU","Web Search","2026-10-07T11:21:38.145658+00:00"
"2026-05-24","automatic cat feeder","29","27","core_12m","core","cat","true","core_12m","false","AU","Web Search","2026-10-07T11:21:38.145658+00:00"
"2026-05-31","automatic cat feeder","23","24.25","core_12m","core","cat","true","core_12m","false","AU","Web Search","2026-10-07T11:21:38.145658+00:00"
"2026-06-07","automatic cat feeder","18","21.25","core_12m","core","cat","true","core_12m","false","AU","Web Search","2026-10-07T11:21:38.145658+00:00"
"2026-06-14","automatic cat feeder","33","25.75","core_12m","core","cat","true","core_12m","false","AU","Web Search","2026-10-07T11:21:38.145658+00:00"
"2026-06-21","automatic cat feeder","34","27","core_12m","core","cat","true","core_12m","false","AU","Web Search","2026-10-07T11:21:38.145658+00:00"
"2026-06-28","automatic cat feeder","32","29.25","core_12m","core","cat","true","core_12m","false","AU","Web Search","2026-10-07T11:21:38.145658+00:00"
"2026-07-05","automatic cat feeder","39","34.5","core_12m","core","cat","true","core_12m","false","AU","Web Search","2026-10-07T11:21:38.145658+00:00"
"2026-07-12","automatic cat feeder","32","34.25","core_12m","core","cat","true","core_12m","false","AU","Web Search","2026-10-07T11:21:38.145658+00:00"
"2026-07-19","automatic cat feeder","22","31.25","core_12m","core","cat","true","core_12m","false","AU","Web Search","2026-10-07T11:21:38.145658+00:00"
"2026-07-26","automatic cat feeder","16","27.25","core_12m","core","cat","true","core_12m","false","AU","Web Search","2026-10-07T11:21:38.145658+00:00"
"2026-08-02","automatic cat feeder","22","23","core_12m","core","cat","true","core_12m","false","AU","Web Search","2026-10-07T11:21:38.145658+00:00"
"2026-08-09","automatic cat feeder","26","21.5","core_12m","core","cat","true","core_12m","false","AU","Web Search","2026-10-07T11:21:38.145658+00:00"
"2026-08-16","automatic cat feeder","32","24","core_12m","core","cat","true","core_12m","false","AU","Web Search","2026-10-07T11:21:38.145658+00:00"
"2026-08-23","automatic cat feeder","38","29.5","core_12m","core","cat","true","core_12m","false","AU","Web Search","2026-10-07T11:21:38.145658+00:00"
"2026-08-30","automatic cat feeder","27","30.75","core_12m","core","cat","true","core_12m","false","AU","Web Search","2026-10-07T11:21:38.145658+00:00"
"2026-09-06","automatic cat feeder","27","31","core_12m","core","cat","true","core_12m","false","AU","Web Search","2026-10-07T11:21:38.145658+00:00"
"2026-09-13","automatic cat feeder","27","29.75","core_12m","core","cat","true","core_12m","false","AU","Web Search","2026-10-07T11:21:38.145658+00:00"
"2026-09-20","automatic cat feeder","26","26.75","core_12m","core","cat","true","core_12m","false","AU","Web Search","2026-10-07T11:21:38.145658+00:00"
"2026-09-27","automatic cat feeder","36","29","core_12m","core","cat","true","core_12m","false","AU","Web Search","2026-10-07T11:21:38.145658+00:00"
"2026-10-04","automatic cat feeder","29","29.5","core_12m","core","cat","true","core_12m","true","AU","Web Search","2026-10-07T11:21:38.145658+00:00"
"2025-10-05","pet feeder","60",,"core_12m","core","pet_unspecified","true","core_12m","true","AU","Web Search","2026-10-07T11:21:38.145658+00:00"
"2025-10-12","pet feeder","51",,"core_12m","core","pet_unspecified","true","core_12m","false","AU","Web Search","2026-10-07T11:21:38.145658+00:00"
"2025-10-19","pet feeder","37",,"core_12m","core","pet_unspecified","true","core_12m","false","AU","Web Search","2026-10-07T11:21:38.145658+00:00"
"2025-10-26","pet feeder","63","52.75","core_12m","core","pet_unspecified","true","core_12m","false","AU","Web Search","2026-10-07T11:21:38.145658+00:00"
"2025-11-02","pet feeder","64","53.75","core_12m","core","pet_unspecified","true","core_12m","false","AU","Web Search","2026-10-07T11:21:38.145658+00:00"
"2025-11-09","pet feeder","52","54","core_12m","core","pet_unspecified","true","core_12m","false","AU","Web Search","2026-10-07T11:21:38.145658+00:00"
"2025-11-16","pet feeder","71","62.5","core_12m","core","pet_unspecified","true","core_12m","false","AU","Web Search","2026-10-07T11:21:38.145658+00:00"
"2025-11-23","pet feeder","65","63","core_12m","core","pet_unspecified","true","core_12m","false","AU","Web Search","2026-10-07T11:21:38.145658+00:00"
"2025-11-30","pet feeder","73","65.25","core_12m","core","pet_unspecified","true","core_12m","false","AU","Web Search","2026-10-07T11:21:38.145658+00:00"
"2025-12-07","pet feeder","70","69.75","core_12m","core","pet_unspecified","true","core_12m","false","AU","Web Search","2026-10-07T11:21:38.145658+00:00"
"2025-12-14","pet feeder","58","66.5","core_12m","core","pet_unspecified","true","core_12m","false","AU","Web Search","2026-10-07T11:21:38.145658+00:00"
"2025-12-21","pet feeder","83","71","core_12m","core","pet_unspecified","true","core_12m","false","AU","Web Search","2026-10-07T11:21:38.145658+00:00"
"2025-12-28","pet feeder","73","71","core_12m","core","pet_unspecified","true","core_12m","false","AU","Web Search","2026-10-07T11:21:38.145658+00:00"
"2026-01-04","pet feeder","63","69.25","core_12m","core","pet_unspecified","true","core_12m","false","AU","Web Search","2026-10-07T11:21:38.145658+00:00"
"2026-01-11","pet feeder","65","71","core_12m","core","pet_unspecified","true","core_12m","false","AU","Web Search","2026-10-07T11:21:38.145658+00:00"
"2026-01-18","pet feeder","51","63","core_12m","core","pet_unspecified","true","core_12m","false","AU","Web Search","2026-10-07T11:21:38.145658+00:00"
"2026-01-25","pet feeder","54","58.25","core_12m","core","pet_unspecified","true","core_12m","false","AU","Web Search","2026-10-07T11:21:38.145658+00:00"
"2026-02-01","pet feeder","49","54.75","core_12m","core","pet_unspecified","true","core_12m","false","AU","Web Search","2026-10-07T11:21:38.145658+00:00"
"2026-02-08","pet feeder","63","54.25","core_12m","core","pet_unspecified","true","core_12m","false","AU","Web Search","2026-10-07T11:21:38.145658+00:00"
"2026-02-15","pet feeder","71","59.25","core_12m","core","pet_unspecified","true","core_12m","false","AU","Web Search","2026-10-07T11:21:38.145658+00:00"
"2026-02-22","pet feeder","52","58.75","core_12m","core","pet_unspecified","true","core_12m","false","AU","Web Search","2026-10-07T11:21:38.145658+00:00"
"2026-03-01","pet feeder","50","59","core_12m","core","pet_unspecified","true","core_12m","false","AU","Web Search","2026-10-07T11:21:38.145658+00:00"
"2026-03-08","pet feeder","55","57","core_12m","core","pet_unspecified","true","core_12m","false","AU","Web Search","2026-10-07T11:21:38.145658+00:00"
"2026-03-15","pet feeder","45","50.5","core_12m","core","pet_unspecified","true","core_12m","false","AU","Web Search","2026-10-07T11:21:38.145658+00:00"
"2026-03-22","pet feeder","60","52.5","core_12m","core","pet_unspecified","true","core_12m","false","AU","Web Search","2026-10-07T11:21:38.145658+00:00"
"2026-03-29","pet feeder","57","54.25","core_12m","core","pet_unspecified","true","core_12m","false","AU","Web Search","2026-10-07T11:21:38.145658+00:00"
"2026-04-05","pet feeder","48","52.5","core_12m","core","pet_unspecified","true","core_12m","false","AU","Web Search","2026-10-07T11:21:38.145658+00:00"
"2026-04-12","pet feeder","59","56","core_12m","core","pet_unspecified","true","core_12m","false","AU","Web Search","2026-10-07T11:21:38.145658+00:00"
"2026-04-19","pet feeder","46","52.5","core_12m","core","pet_unspecified","true","core_12m","false","AU","Web Search","2026-10-07T11:21:38.145658+00:00"
"2026-04-26","pet feeder","49","50.5","core_12m","core","pet_unspecified","true","core_12m","false","AU","Web Search","2026-10-07T11:21:38.145658+00:00"
"2026-05-03","pet feeder","60","53.5","core_12m","core","pet_unspecified","true","core_12m","false","AU","Web Search","2026-10-07T11:21:38.145658+00:00"
"2026-05-10","pet feeder","66","55.25","core_12m","core","pet_unspecified","true","core_12m","false","AU","Web Search","2026-10-07T11:21:38.145658+00:00"
"2026-05-17","pet feeder","68","60.75","core_12m","core","pet_unspecified","true","core_12m","false","AU","Web Search","2026-10-07T11:21:38.145658+00:00"
"2026-05-24","pet feeder","72","66.5","core_12m","core","pet_unspecified","true","core_12m","false","AU","Web Search","2026-10-07T11:21:38.145658+00:00"
"2026-05-31","pet feeder","56","65.5","core_12m","core","pet_unspecified","true","core_12m","false","AU","Web Search","2026-10-07T11:21:38.145658+00:00"
"2026-06-07","pet feeder","44","60","core_12m","core","pet_unspecified","true","core_12m","false","AU","Web Search","2026-10-07T11:21:38.145658+00:00"
"2026-06-14","pet feeder","66","59.5","core_12m","core","pet_unspecified","true","core_12m","false","AU","Web Search","2026-10-07T11:21:38.145658+00:00"
"2026-06-21","pet feeder","64","57.5","core_12m","core","pet_unspecified","true","core_12m","false","AU","Web Search","2026-10-07T11:21:38.145658+00:00"
"2026-06-28","pet feeder","49","55.75","core_12m","core","pet_unspecified","true","core_12m","false","AU","Web Search","2026-10-07T11:21:38.145658+00:00"
"2026-07-05","pet feeder","66","61.25","core_12m","core","pet_unspecified","true","core_12m","false","AU","Web Search","2026-10-07T11:21:38.145658+00:00"
"2026-07-12","pet feeder","66","61.25","core_12m","core","pet_unspecified","true","core_12m","false","AU","Web Search","2026-10-07T11:21:38.145658+00:00"
"2026-07-19","pet feeder","60","60.25","core_12m","core","pet_unspecified","true","core_12m","false","AU","Web Search","2026-10-07T11:21:38.145658+00:00"
"2026-07-26","pet feeder","47","59.75","core_12m","core","pet_unspecified","true","core_12m","false","AU","Web Search","2026-10-07T11:21:38.145658+00:00"
"2026-08-02","pet feeder","47","55","core_12m","core","pet_unspecified","true","core_12m","false","AU","Web Search","2026-10-07T11:21:38.145658+00:00"
"2026-08-09","pet feeder","54","52","core_12m","core","pet_unspecified","true","core_12m","false","AU","Web Search","2026-10-07T11:21:38.145658+00:00"
"2026-08-16","pet feeder","54","50.5","core_12m","core","pet_unspecified","true","core_12m","false","AU","Web Search","2026-10-07T11:21:38.145658+00:00"
"2026-08-23","pet feeder","45","50","core_12m","core","pet_unspecified","true","core_12m","false","AU","Web Search","2026-10-07T11:21:38.145658+00:00"
"2026-08-30","pet feeder","39","48","core_12m","core","pet_unspecified","true","core_12m","false","AU","Web Search","2026-10-07T11:21:38.145658+00:00"
"2026-09-06","pet feeder","43","45.25","core_12m","core","pet_unspecified","true","core_12m","false","AU","Web Search","2026-10-07T11:21:38.145658+00:00"
"2026-09-13","pet feeder","49","44","core_12m","core","pet_unspecified","true","core_12m","false","AU","Web Search","2026-10-07T11:21:38.145658+00:00"
"2026-09-20","pet feeder","46","44.25","core_12m","core","pet_unspecified","true","core_12m","false","AU","Web Search","2026-10-07T11:21:38.145658+00:00"
"2026-09-27","pet feeder","57","48.75","core_12m","core","pet_unspecified","true","core_12m","false","AU","Web Search","2026-10-07T11:21:38.145658+00:00"
"2026-10-04","pet feeder","51","50.75","core_12m","core","pet_unspecified","true","core_12m","true","AU","Web Search","2026-10-07T11:21:38.145658+00:00"
"2025-10-05","cat feeder","53",,"core_12m","core","cat","true","core_12m","true","AU","Web Search","2026-10-07T11:21:38.145658+00:00"
"2025-10-12","cat feeder","55",,"core_12m","core","cat","true","core_12m","false","AU","Web Search","2026-10-07T11:21:38.145658+00:00"
"2025-10-19","cat feeder","51",,"core_12m","core","cat","true","core_12m","false","AU","Web Search","2026-10-07T11:21:38.145658+00:00"
"2025-10-26","cat feeder","66","56.25","core_12m","core","cat","true","core_12m","false","AU","Web Search","2026-10-07T11:21:38.145658+00:00"
"2025-11-02","cat feeder","72","61","core_12m","core","cat","true","core_12m","false","AU","Web Search","2026-10-07T11:21:38.145658+00:00"
"2025-11-09","cat feeder","48","59.25","core_12m","core","cat","true","core_12m","false","AU","Web Search","2026-10-07T11:21:38.145658+00:00"
"2025-11-16","cat feeder","79","66.25","core_12m","core","cat","true","core_12m","false","AU","Web Search","2026-10-07T11:21:38.145658+00:00"
"2025-11-23","cat feeder","86","71.25","core_12m","core","cat","true","core_12m","false","AU","Web Search","2026-10-07T11:21:38.145658+00:00"
"2025-11-30","cat feeder","62","68.75","core_12m","core","cat","true","core_12m","false","AU","Web Search","2026-10-07T11:21:38.145658+00:00"
"2025-12-07","cat feeder","68","73.75","core_12m","core","cat","true","core_12m","false","AU","Web Search","2026-10-07T11:21:38.145658+00:00"
"2025-12-14","cat feeder","85","75.25","core_12m","core","cat","true","core_12m","false","AU","Web Search","2026-10-07T11:21:38.145658+00:00"
"2025-12-21","cat feeder","96","77.75","core_12m","core","cat","true","core_12m","false","AU","Web Search","2026-10-07T11:21:38.145658+00:00"
"2025-12-28","cat feeder","71","80","core_12m","core","cat","true","core_12m","false","AU","Web Search","2026-10-07T11:21:38.145658+00:00"
"2026-01-04","cat feeder","77","82.25","core_12m","core","cat","true","core_12m","false","AU","Web Search","2026-10-07T11:21:38.145658+00:00"
"2026-01-11","cat feeder","72","79","core_12m","core","cat","true","core_12m","false","AU","Web Search","2026-10-07T11:21:38.145658+00:00"
"2026-01-18","cat feeder","70","72.5","core_12m","core","cat","true","core_12m","false","AU","Web Search","2026-10-07T11:21:38.145658+00:00"
"2026-01-25","cat feeder","65","71","core_12m","core","cat","true","core_12m","false","AU","Web Search","2026-10-07T11:21:38.145658+00:00"
"2026-02-01","cat feeder","65","68","core_12m","core","cat","true","core_12m","false","AU","Web Search","2026-10-07T11:21:38.145658+00:00"
"2026-02-08","cat feeder","65","66.25","core_12m","core","cat","true","core_12m","false","AU","Web Search","2026-10-07T11:21:38.145658+00:00"
"2026-02-15","cat feeder","69","66","core_12m","core","cat","true","core_12m","false","AU","Web Search","2026-10-07T11:21:38.145658+00:00"
"2026-02-22","cat feeder","74","68.25","core_12m","core","cat","true","core_12m","false","AU","Web Search","2026-10-07T11:21:38.145658+00:00"
"2026-03-01","cat feeder","58","66.5","core_12m","core","cat","true","core_12m","false","AU","Web Search","2026-10-07T11:21:38.145658+00:00"
"2026-03-08","cat feeder","54","63.75","core_12m","core","cat","true","core_12m","false","AU","Web Search","2026-10-07T11:21:38.145658+00:00"
"2026-03-15","cat feeder","48","58.5","core_12m","core","cat","true","core_12m","false","AU","Web Search","2026-10-07T11:21:38.145658+00:00"
"2026-03-22","cat feeder","82","60.5","core_12m","core","cat","true","core_12m","false","AU","Web Search","2026-10-07T11:21:38.145658+00:00"
"2026-03-29","cat feeder","86","67.5","core_12m","core","cat","true","core_12m","false","AU","Web Search","2026-10-07T11:21:38.145658+00:00"
"2026-04-05","cat feeder","91","76.75","core_12m","core","cat","true","core_12m","false","AU","Web Search","2026-10-07T11:21:38.145658+00:00"
"2026-04-12","cat feeder","88","86.75","core_12m","core","cat","true","core_12m","false","AU","Web Search","2026-10-07T11:21:38.145658+00:00"
"2026-04-19","cat feeder","73","84.5","core_12m","core","cat","true","core_12m","false","AU","Web Search","2026-10-07T11:21:38.145658+00:00"
"2026-04-26","cat feeder","71","80.75","core_12m","core","cat","true","core_12m","false","AU","Web Search","2026-10-07T11:21:38.145658+00:00"
"2026-05-03","cat feeder","76","77","core_12m","core","cat","true","core_12m","false","AU","Web Search","2026-10-07T11:21:38.145658+00:00"
"2026-05-10","cat feeder","72","73","core_12m","core","cat","true","core_12m","false","AU","Web Search","2026-10-07T11:21:38.145658+00:00"
"2026-05-17","cat feeder","56","68.75","core_12m","core","cat","true","core_12m","false","AU","Web Search","2026-10-07T11:21:38.145658+00:00"
"2026-05-24","cat feeder","64","67","core_12m","core","cat","true","core_12m","false","AU","Web Search","2026-10-07T11:21:38.145658+00:00"
"2026-05-31","cat feeder","59","62.75","core_12m","core","cat","true","core_12m","false","AU","Web Search","2026-10-07T11:21:38.145658+00:00"
"2026-06-07","cat feeder","57","59","core_12m","core","cat","true","core_12m","false","AU","Web Search","2026-10-07T11:21:38.145658+00:00"
"2026-06-14","cat feeder","72","63","core_12m","core","cat","true","core_12m","false","AU","Web Search","2026-10-07T11:21:38.145658+00:00"
"2026-06-21","cat feeder","100","72","core_12m","core","cat","true","core_12m","false","AU","Web Search","2026-10-07T11:21:38.145658+00:00"
"2026-06-28","cat feeder","61","72.5","core_12m","core","cat","true","core_12m","false","AU","Web Search","2026-10-07T11:21:38.145658+00:00"
"2026-07-05","cat feeder","92","81.25","core_12m","core","cat","true","core_12m","false","AU","Web Search","2026-10-07T11:21:38.145658+00:00"
"2026-07-12","cat feeder","77","82.5","core_12m","core","cat","true","core_12m","false","AU","Web Search","2026-10-07T11:21:38.145658+00:00"
"2026-07-19","cat feeder","82","78","core_12m","core","cat","true","core_12m","false","AU","Web Search","2026-10-07T11:21:38.145658+00:00"
"2026-07-26","cat feeder","81","83","core_12m","core","cat","true","core_12m","false","AU","Web Search","2026-10-07T11:21:38.145658+00:00"
"2026-08-02","cat feeder","80","80","core_12m","core","cat","true","core_12m","false","AU","Web Search","2026-10-07T11:21:38.145658+00:00"
"2026-08-09","cat feeder","85","82","core_12m","core","cat","true","core_12m","false","AU","Web Search","2026-10-07T11:21:38.145658+00:00"
"2026-08-16","cat feeder","76","80.5","core_12m","core","cat","true","core_12m","false","AU","Web Search","2026-10-07T11:21:38.145658+00:00"
"2026-08-23","cat feeder","73","78.5","core_12m","core","cat","true","core_12m","false","AU","Web Search","2026-10-07T11:21:38.145658+00:00"
"2026-08-30","cat feeder","73","76.75","core_12m","core","cat","true","core_12m","false","AU","Web Search","2026-10-07T11:21:38.145658+00:00"
"2026-09-06","cat feeder","63","71.25","core_12m","core","cat","true","core_12m","false","AU","Web Search","2026-10-07T11:21:38.145658+00:00"
"2026-09-13","cat feeder","80","72.25","core_12m","core","cat","true","core_12m","false","AU","Web Search","2026-10-07T11:21:38.145658+00:00"
"2026-09-20","cat feeder","58","68.5","core_12m","core","cat","true","core_12m","false","AU","Web Search","2026-10-07T11:21:38.145658+00:00"
"2026-09-27","cat feeder","76","69.25","core_12m","core","cat","true","core_12m","false","AU","Web Search","2026-10-07T11:21:38.145658+00:00"
"2026-10-04","cat feeder","65","69.75","core_12m","core","cat","true","core_12m","true","AU","Web Search","2026-10-07T11:21:38.145658+00:00"
"2021-10-03","automatic pet feeder","0",,"diagnostic_automatic_5y","core","pet_unspecified","true","diagnostic_automatic_5y","true","AU","Web Search","2026-10-07T11:21:38.145658+00:00"
"2021-10-10","automatic pet feeder","0",,"diagnostic_automatic_5y","core","pet_unspecified","true","diagnostic_automatic_5y","false","AU","Web Search","2026-10-07T11:21:38.145658+00:00"
"2021-10-17","automatic pet feeder","0",,"diagnostic_automatic_5y","core","pet_unspecified","true","diagnostic_automatic_5y","false","AU","Web Search","2026-10-07T11:21:38.145658+00:00"
"2021-10-24","automatic pet feeder","0","0","diagnostic_automatic_5y","core","pet_unspecified","true","diagnostic_automatic_5y","false","AU","Web Search","2026-10-07T11:21:38.145658+00:00"
"2021-10-31","automatic pet feeder","0","0","diagnostic_automatic_5y","core","pet_unspecified","true","diagnostic_automatic_5y","false","AU","Web Search","2026-10-07T11:21:38.145658+00:00"
"2021-11-07","automatic pet feeder","34","8.5","diagnostic_automatic_5y","core","pet_unspecified","true","diagnostic_automatic_5y","false","AU","Web Search","2026-10-07T11:21:38.145658+00:00"
"2021-11-14","automatic pet feeder","0","8.5","diagnostic_automatic_5y","core","pet_unspecified","true","diagnostic_automatic_5y","false","AU","Web Search","2026-10-07T11:21:38.145658+00:00"
"2021-11-21","automatic pet feeder","36","17.5","diagnostic_automatic_5y","core","pet_unspecified","true","diagnostic_automatic_5y","false","AU","Web Search","2026-10-07T11:21:38.145658+00:00"
"2021-11-28","automatic pet feeder","43","28.25","diagnostic_automatic_5y","core","pet_unspecified","true","diagnostic_automatic_5y","false","AU","Web Search","2026-10-07T11:21:38.145658+00:00"
"2021-12-05","automatic pet feeder","0","19.75","diagnostic_automatic_5y","core","pet_unspecified","true","diagnostic_automatic_5y","false","AU","Web Search","2026-10-07T11:21:38.145658+00:00"
"2021-12-12","automatic pet feeder","48","31.75","diagnostic_automatic_5y","core","pet_unspecified","true","diagnostic_automatic_5y","false","AU","Web Search","2026-10-07T11:21:38.145658+00:00"
"2021-12-19","automatic pet feeder","47","34.5","diagnostic_automatic_5y","core","pet_unspecified","true","diagnostic_automatic_5y","false","AU","Web Search","2026-10-07T11:21:38.145658+00:00"
"2021-12-26","automatic pet feeder","37","33","diagnostic_automatic_5y","core","pet_unspecified","true","diagnostic_automatic_5y","false","AU","Web Search","2026-10-07T11:21:38.145658+00:00"
"2022-01-02","automatic pet feeder","33","41.25","diagnostic_automatic_5y","core","pet_unspecified","true","diagnostic_automatic_5y","false","AU","Web Search","2026-10-07T11:21:38.145658+00:00"
"2022-01-09","automatic pet feeder","0","29.25","diagnostic_automatic_5y","core","pet_unspecified","true","diagnostic_automatic_5y","false","AU","Web Search","2026-10-07T11:21:38.145658+00:00"
"2022-01-16","automatic pet feeder","29","24.75","diagnostic_automatic_5y","core","pet_unspecified","true","diagnostic_automatic_5y","false","AU","Web Search","2026-10-07T11:21:38.145658+00:00"
"2022-01-23","automatic pet feeder","28","22.5","diagnostic_automatic_5y","core","pet_unspecified","true","diagnostic_automatic_5y","false","AU","Web Search","2026-10-07T11:21:38.145658+00:00"
"2022-01-30","automatic pet feeder","34","22.75","diagnostic_automatic_5y","core","pet_unspecified","true","diagnostic_automatic_5y","false","AU","Web Search","2026-10-07T11:21:38.145658+00:00"
"2022-02-06","automatic pet feeder","37","32","diagnostic_automatic_5y","core","pet_unspecified","true","diagnostic_automatic_5y","false","AU","Web Search","2026-10-07T11:21:38.145658+00:00"
"2022-02-13","automatic pet feeder","0","24.75","diagnostic_automatic_5y","core","pet_unspecified","true","diagnostic_automatic_5y","false","AU","Web Search","2026-10-07T11:21:38.145658+00:00"
"2022-02-20","automatic pet feeder","28","24.75","diagnostic_automatic_5y","core","pet_unspecified","true","diagnostic_automatic_5y","false","AU","Web Search","2026-10-07T11:21:38.145658+00:00"
"2022-02-27","automatic pet feeder","34","24.75","diagnostic_automatic_5y","core","pet_unspecified","true","diagnostic_automatic_5y","false","AU","Web Search","2026-10-07T11:21:38.145658+00:00"
"2022-03-06","automatic pet feeder","34","24","diagnostic_automatic_5y","core","pet_unspecified","true","diagnostic_automatic_5y","false","AU","Web Search","2026-10-07T11:21:38.145658+00:00"
"2022-03-13","automatic pet feeder","25","30.25","diagnostic_automatic_5y","core","pet_unspecified","true","diagnostic_automatic_5y","false","AU","Web Search","2026-10-07T11:21:38.145658+00:00"
"2022-03-20","automatic pet feeder","27","30","diagnostic_automatic_5y","core","pet_unspecified","true","diagnostic_automatic_5y","false","AU","Web Search","2026-10-07T11:21:38.145658+00:00"
"2022-03-27","automatic pet feeder","0","21.5","diagnostic_automatic_5y","core","pet_unspecified","true","diagnostic_automatic_5y","false","AU","Web Search","2026-10-07T11:21:38.145658+00:00"
"2022-04-03","automatic pet feeder","36","22","diagnostic_automatic_5y","core","pet_unspecified","true","diagnostic_automatic_5y","false","AU","Web Search","2026-10-07T11:21:38.145658+00:00"
"2022-04-10","automatic pet feeder","59","30.5","diagnostic_automatic_5y","core","pet_unspecified","true","diagnostic_automatic_5y","false","AU","Web Search","2026-10-07T11:21:38.145658+00:00"
"2022-04-17","automatic pet feeder","42","34.25","diagnostic_automatic_5y","core","pet_unspecified","true","diagnostic_automatic_5y","false","AU","Web Search","2026-10-07T11:21:38.145658+00:00"
"2022-04-24","automatic pet feeder","28","41.25","diagnostic_automatic_5y","core","pet_unspecified","true","diagnostic_automatic_5y","false","AU","Web Search","2026-10-07T11:21:38.145658+00:00"
"2022-05-01","automatic pet feeder","0","32.25","diagnostic_automatic_5y","core","pet_unspecified","true","diagnostic_automatic_5y","false","AU","Web Search","2026-10-07T11:21:38.145658+00:00"
"2022-05-08","automatic pet feeder","37","26.75","diagnostic_automatic_5y","core","pet_unspecified","true","diagnostic_automatic_5y","false","AU","Web Search","2026-10-07T11:21:38.145658+00:00"
"2022-05-15","automatic pet feeder","27","23","diagnostic_automatic_5y","core","pet_unspecified","true","diagnostic_automatic_5y","false","AU","Web Search","2026-10-07T11:21:38.145658+00:00"
"2022-05-22","automatic pet feeder","0","16","diagnostic_automatic_5y","core","pet_unspecified","true","diagnostic_automatic_5y","false","AU","Web Search","2026-10-07T11:21:38.145658+00:00"
"2022-05-29","automatic pet feeder","0","16","diagnostic_automatic_5y","core","pet_unspecified","true","diagnostic_automatic_5y","false","AU","Web Search","2026-10-07T11:21:38.145658+00:00"
"2022-06-05","automatic pet feeder","34","15.25","diagnostic_automatic_5y","core","pet_unspecified","true","diagnostic_automatic_5y","false","AU","Web Search","2026-10-07T11:21:38.145658+00:00"
"2022-06-12","automatic pet feeder","34","17","diagnostic_automatic_5y","core","pet_unspecified","true","diagnostic_automatic_5y","false","AU","Web Search","2026-10-07T11:21:38.145658+00:00"
"2022-06-19","automatic pet feeder","27","23.75","diagnostic_automatic_5y","core","pet_unspecified","true","diagnostic_automatic_5y","false","AU","Web Search","2026-10-07T11:21:38.145658+00:00"
"2022-06-26","automatic pet feeder","30","31.25","diagnostic_automatic_5y","core","pet_unspecified","true","diagnostic_automatic_5y","false","AU","Web Search","2026-10-07T11:21:38.145658+00:00"
"2022-07-03","automatic pet feeder","0","22.75","diagnostic_automatic_5y","core","pet_unspecified","true","diagnostic_automatic_5y","false","AU","Web Search","2026-10-07T11:21:38.145658+00:00"
"2022-07-10","automatic pet feeder","43","25","diagnostic_automatic_5y","core","pet_unspecified","true","diagnostic_automatic_5y","false","AU","Web Search","2026-10-07T11:21:38.145658+00:00"
"2022-07-17","automatic pet feeder","49","30.5","diagnostic_automatic_5y","core","pet_unspecified","true","diagnostic_automatic_5y","false","AU","Web Search","2026-10-07T11:21:38.145658+00:00"
"2022-07-24","automatic pet feeder","35","31.75","diagnostic_automatic_5y","core","pet_unspecified","true","diagnostic_automatic_5y","false","AU","Web Search","2026-10-07T11:21:38.145658+00:00"
"2022-07-31","automatic pet feeder","40","41.75","diagnostic_automatic_5y","core","pet_unspecified","true","diagnostic_automatic_5y","false","AU","Web Search","2026-10-07T11:21:38.145658+00:00"
"2022-08-07","automatic pet feeder","40","41","diagnostic_automatic_5y","core","pet_unspecified","true","diagnostic_automatic_5y","false","AU","Web Search","2026-10-07T11:21:38.145658+00:00"
"2022-08-14","automatic pet feeder","39","38.5","diagnostic_automatic_5y","core","pet_unspecified","true","diagnostic_automatic_5y","false","AU","Web Search","2026-10-07T11:21:38.145658+00:00"
"2022-08-21","automatic pet feeder","33","38","diagnostic_automatic_5y","core","pet_unspecified","true","diagnostic_automatic_5y","false","AU","Web Search","2026-10-07T11:21:38.145658+00:00"
"2022-08-28","automatic pet feeder","27","34.75","diagnostic_automatic_5y","core","pet_unspecified","true","diagnostic_automatic_5y","false","AU","Web Search","2026-10-07T11:21:38.145658+00:00"
"2022-09-04","automatic pet feeder","48","36.75","diagnostic_automatic_5y","core","pet_unspecified","true","diagnostic_automatic_5y","false","AU","Web Search","2026-10-07T11:21:38.145658+00:00"
"2022-09-11","automatic pet feeder","43","37.75","diagnostic_automatic_5y","core","pet_unspecified","true","diagnostic_automatic_5y","false","AU","Web Search","2026-10-07T11:21:38.145658+00:00"
"2022-09-18","automatic pet feeder","0","29.5","diagnostic_automatic_5y","core","pet_unspecified","true","diagnostic_automatic_5y","false","AU","Web Search","2026-10-07T11:21:38.145658+00:00"
"2022-09-25","automatic pet feeder","46","34.25","diagnostic_automatic_5y","core","pet_unspecified","true","diagnostic_automatic_5y","false","AU","Web Search","2026-10-07T11:21:38.145658+00:00"
"2022-10-02","automatic pet feeder","0","22.25","diagnostic_automatic_5y","core","pet_unspecified","true","diagnostic_automatic_5y","false","AU","Web Search","2026-10-07T11:21:38.145658+00:00"
"2022-10-09","automatic pet feeder","34","20","diagnostic_automatic_5y","core","pet_unspecified","true","diagnostic_automatic_5y","false","AU","Web Search","2026-10-07T11:21:38.145658+00:00"
"2022-10-16","automatic pet feeder","26","26.5","diagnostic_automatic_5y","core","pet_unspecified","true","diagnostic_automatic_5y","false","AU","Web Search","2026-10-07T11:21:38.145658+00:00"
"2022-10-23","automatic pet feeder","0","15","diagnostic_automatic_5y","core","pet_unspecified","true","diagnostic_automatic_5y","false","AU","Web Search","2026-10-07T11:21:38.145658+00:00"
"2022-10-30","automatic pet feeder","27","21.75","diagnostic_automatic_5y","core","pet_unspecified","true","diagnostic_automatic_5y","false","AU","Web Search","2026-10-07T11:21:38.145658+00:00"
"2022-11-06","automatic pet feeder","40","23.25","diagnostic_automatic_5y","core","pet_unspecified","true","diagnostic_automatic_5y","false","AU","Web Search","2026-10-07T11:21:38.145658+00:00"
"2022-11-13","automatic pet feeder","41","27","diagnostic_automatic_5y","core","pet_unspecified","true","diagnostic_automatic_5y","false","AU","Web Search","2026-10-07T11:21:38.145658+00:00"
"2022-11-20","automatic pet feeder","40","37","diagnostic_automatic_5y","core","pet_unspecified","true","diagnostic_automatic_5y","false","AU","Web Search","2026-10-07T11:21:38.145658+00:00"
"2022-11-27","automatic pet feeder","49","42.5","diagnostic_automatic_5y","core","pet_unspecified","true","diagnostic_automatic_5y","false","AU","Web Search","2026-10-07T11:21:38.145658+00:00"
"2022-12-04","automatic pet feeder","43","43.25","diagnostic_automatic_5y","core","pet_unspecified","true","diagnostic_automatic_5y","false","AU","Web Search","2026-10-07T11:21:38.145658+00:00"
"2022-12-11","automatic pet feeder","54","46.5","diagnostic_automatic_5y","core","pet_unspecified","true","diagnostic_automatic_5y","false","AU","Web Search","2026-10-07T11:21:38.145658+00:00"
"2022-12-18","automatic pet feeder","54","50","diagnostic_automatic_5y","core","pet_unspecified","true","diagnostic_automatic_5y","false","AU","Web Search","2026-10-07T11:21:38.145658+00:00"
"2022-12-25","automatic pet feeder","0","37.75","diagnostic_automatic_5y","core","pet_unspecified","true","diagnostic_automatic_5y","false","AU","Web Search","2026-10-07T11:21:38.145658+00:00"
"2023-01-01","automatic pet feeder","37","36.25","diagnostic_automatic_5y","core","pet_unspecified","true","diagnostic_automatic_5y","false","AU","Web Search","2026-10-07T11:21:38.145658+00:00"
"2023-01-08","automatic pet feeder","0","22.75","diagnostic_automatic_5y","core","pet_unspecified","true","diagnostic_automatic_5y","false","AU","Web Search","2026-10-07T11:21:38.145658+00:00"
"2023-01-15","automatic pet feeder","0","9.25","diagnostic_automatic_5y","core","pet_unspecified","true","diagnostic_automatic_5y","false","AU","Web Search","2026-10-07T11:21:38.145658+00:00"
"2023-01-22","automatic pet feeder","27","16","diagnostic_automatic_5y","core","pet_unspecified","true","diagnostic_automatic_5y","false","AU","Web Search","2026-10-07T11:21:38.145658+00:00"
"2023-01-29","automatic pet feeder","26","13.25","diagnostic_automatic_5y","core","pet_unspecified","true","diagnostic_automatic_5y","false","AU","Web Search","2026-10-07T11:21:38.145658+00:00"
"2023-02-05","automatic pet feeder","0","13.25","diagnostic_automatic_5y","core","pet_unspecified","true","diagnostic_automatic_5y","false","AU","Web Search","2026-10-07T11:21:38.145658+00:00"
"2023-02-12","automatic pet feeder","0","13.25","diagnostic_automatic_5y","core","pet_unspecified","true","diagnostic_automatic_5y","false","AU","Web Search","2026-10-07T11:21:38.145658+00:00"
"2023-02-19","automatic pet feeder","30","14","diagnostic_automatic_5y","core","pet_unspecified","true","diagnostic_automatic_5y","false","AU","Web Search","2026-10-07T11:21:38.145658+00:00"
"2023-02-26","automatic pet feeder","38","17","diagnostic_automatic_5y","core","pet_unspecified","true","diagnostic_automatic_5y","false","AU","Web Search","2026-10-07T11:21:38.145658+00:00"
"2023-03-05","automatic pet feeder","32","25","diagnostic_automatic_5y","core","pet_unspecified","true","diagnostic_automatic_5y","false","AU","Web Search","2026-10-07T11:21:38.145658+00:00"
"2023-03-12","automatic pet feeder","24","31","diagnostic_automatic_5y","core","pet_unspecified","true","diagnostic_automatic_5y","false","AU","Web Search","2026-10-07T11:21:38.145658+00:00"
"2023-03-19","automatic pet feeder","0","23.5","diagnostic_automatic_5y","core","pet_unspecified","true","diagnostic_automatic_5y","false","AU","Web Search","2026-10-07T11:21:38.145658+00:00"
"2023-03-26","automatic pet feeder","0","14","diagnostic_automatic_5y","core","pet_unspecified","true","diagnostic_automatic_5y","false","AU","Web Search","2026-10-07T11:21:38.145658+00:00"
"2023-04-02","automatic pet feeder","0","6","diagnostic_automatic_5y","core","pet_unspecified","true","diagnostic_automatic_5y","false","AU","Web Search","2026-10-07T11:21:38.145658+00:00"
"2023-04-09","automatic pet feeder","0","0","diagnostic_automatic_5y","core","pet_unspecified","true","diagnostic_automatic_5y","false","AU","Web Search","2026-10-07T11:21:38.145658+00:00"
"2023-04-16","automatic pet feeder","27","6.75","diagnostic_automatic_5y","core","pet_unspecified","true","diagnostic_automatic_5y","false","AU","Web Search","2026-10-07T11:21:38.145658+00:00"
"2023-04-23","automatic pet feeder","29","14","diagnostic_automatic_5y","core","pet_unspecified","true","diagnostic_automatic_5y","false","AU","Web Search","2026-10-07T11:21:38.145658+00:00"
"2023-04-30","automatic pet feeder","0","14","diagnostic_automatic_5y","core","pet_unspecified","true","diagnostic_automatic_5y","false","AU","Web Search","2026-10-07T11:21:38.145658+00:00"
"2023-05-07","automatic pet feeder","28","21","diagnostic_automatic_5y","core","pet_unspecified","true","diagnostic_automatic_5y","false","AU","Web Search","2026-10-07T11:21:38.145658+00:00"
"2023-05-14","automatic pet feeder","0","14.25","diagnostic_automatic_5y","core","pet_unspecified","true","diagnostic_automatic_5y","false","AU","Web Search","2026-10-07T11:21:38.145658+00:00"
"2023-05-21","automatic pet feeder","29","14.25","diagnostic_automatic_5y","core","pet_unspecified","true","diagnostic_automatic_5y","false","AU","Web Search","2026-10-07T11:21:38.145658+00:00"
"2023-05-28","automatic pet feeder","28","21.25","diagnostic_automatic_5y","core","pet_unspecified","true","diagnostic_automatic_5y","false","AU","Web Search","2026-10-07T11:21:38.145658+00:00"
"2023-06-04","automatic pet feeder","0","14.25","diagnostic_automatic_5y","core","pet_unspecified","true","diagnostic_automatic_5y","false","AU","Web Search","2026-10-07T11:21:38.145658+00:00"
"2023-06-11","automatic pet feeder","46","25.75","diagnostic_automatic_5y","core","pet_unspecified","true","diagnostic_automatic_5y","false","AU","Web Search","2026-10-07T11:21:38.145658+00:00"
"2023-06-18","automatic pet feeder","25","24.75","diagnostic_automatic_5y","core","pet_unspecified","true","diagnostic_automatic_5y","false","AU","Web Search","2026-10-07T11:21:38.145658+00:00"
"2023-06-25","automatic pet feeder","0","17.75","diagnostic_automatic_5y","core","pet_unspecified","true","diagnostic_automatic_5y","false","AU","Web Search","2026-10-07T11:21:38.145658+00:00"
"2023-07-02","automatic pet feeder","40","27.75","diagnostic_automatic_5y","core","pet_unspecified","true","diagnostic_automatic_5y","false","AU","Web Search","2026-10-07T11:21:38.145658+00:00"
"2023-07-09","automatic pet feeder","0","16.25","diagnostic_automatic_5y","core","pet_unspecified","true","diagnostic_automatic_5y","false","AU","Web Search","2026-10-07T11:21:38.145658+00:00"
"2023-07-16","automatic pet feeder","28","17","diagnostic_automatic_5y","core","pet_unspecified","true","diagnostic_automatic_5y","false","AU","Web Search","2026-10-07T11:21:38.145658+00:00"
"2023-07-23","automatic pet feeder","33","25.25","diagnostic_automatic_5y","core","pet_unspecified","true","diagnostic_automatic_5y","false","AU","Web Search","2026-10-07T11:21:38.145658+00:00"
"2023-07-30","automatic pet feeder","0","15.25","diagnostic_automatic_5y","core","pet_unspecified","true","diagnostic_automatic_5y","false","AU","Web Search","2026-10-07T11:21:38.145658+00:00"
"2023-08-06","automatic pet feeder","0","15.25","diagnostic_automatic_5y","core","pet_unspecified","true","diagnostic_automatic_5y","false","AU","Web Search","2026-10-07T11:21:38.145658+00:00"
"2023-08-13","automatic pet feeder","32","16.25","diagnostic_automatic_5y","core","pet_unspecified","true","diagnostic_automatic_5y","false","AU","Web Search","2026-10-07T11:21:38.145658+00:00"
"2023-08-20","automatic pet feeder","0","8","diagnostic_automatic_5y","core","pet_unspecified","true","diagnostic_automatic_5y","false","AU","Web Search","2026-10-07T11:21:38.145658+00:00"
"2023-08-27","automatic pet feeder","31","15.75","diagnostic_automatic_5y","core","pet_unspecified","true","diagnostic_automatic_5y","false","AU","Web Search","2026-10-07T11:21:38.145658+00:00"
"2023-09-03","automatic pet feeder","0","15.75","diagnostic_automatic_5y","core","pet_unspecified","true","diagnostic_automatic_5y","false","AU","Web Search","2026-10-07T11:21:38.145658+00:00"
"2023-09-10","automatic pet feeder","32","15.75","diagnostic_automatic_5y","core","pet_unspecified","true","diagnostic_automatic_5y","false","AU","Web Search","2026-10-07T11:21:38.145658+00:00"
"2023-09-17","automatic pet feeder","0","15.75","diagnostic_automatic_5y","core","pet_unspecified","true","diagnostic_automatic_5y","false","AU","Web Search","2026-10-07T11:21:38.145658+00:00"
"2023-09-24","automatic pet feeder","30","15.5","diagnostic_automatic_5y","core","pet_unspecified","true","diagnostic_automatic_5y","false","AU","Web Search","2026-10-07T11:21:38.145658+00:00"
"2023-10-01","automatic pet feeder","56","29.5","diagnostic_automatic_5y","core","pet_unspecified","true","diagnostic_automatic_5y","false","AU","Web Search","2026-10-07T11:21:38.145658+00:00"
"2023-10-08","automatic pet feeder","0","21.5","diagnostic_automatic_5y","core","pet_unspecified","true","diagnostic_automatic_5y","false","AU","Web Search","2026-10-07T11:21:38.145658+00:00"
"2023-10-15","automatic pet feeder","31","29.25","diagnostic_automatic_5y","core","pet_unspecified","true","diagnostic_automatic_5y","false","AU","Web Search","2026-10-07T11:21:38.145658+00:00"
"2023-10-22","automatic pet feeder","0","21.75","diagnostic_automatic_5y","core","pet_unspecified","true","diagnostic_automatic_5y","false","AU","Web Search","2026-10-07T11:21:38.145658+00:00"
"2023-10-29","automatic pet feeder","31","15.5","diagnostic_automatic_5y","core","pet_unspecified","true","diagnostic_automatic_5y","false","AU","Web Search","2026-10-07T11:21:38.145658+00:00"
"2023-11-05","automatic pet feeder","0","15.5","diagnostic_automatic_5y","core","pet_unspecified","true","diagnostic_automatic_5y","false","AU","Web Search","2026-10-07T11:21:38.145658+00:00"
"2023-11-12","automatic pet feeder","28","14.75","diagnostic_automatic_5y","core","pet_unspecified","true","diagnostic_automatic_5y","false","AU","Web Search","2026-10-07T11:21:38.145658+00:00"
"2023-11-19","automatic pet feeder","35","23.5","diagnostic_automatic_5y","core","pet_unspecified","true","diagnostic_automatic_5y","false","AU","Web Search","2026-10-07T11:21:38.145658+00:00"
"2023-11-26","automatic pet feeder","36","24.75","diagnostic_automatic_5y","core","pet_unspecified","true","diagnostic_automatic_5y","false","AU","Web Search","2026-10-07T11:21:38.145658+00:00"
"2023-12-03","automatic pet feeder","66","41.25","diagnostic_automatic_5y","core","pet_unspecified","true","diagnostic_automatic_5y","false","AU","Web Search","2026-10-07T11:21:38.145658+00:00"
"2023-12-10","automatic pet feeder","35","43","diagnostic_automatic_5y","core","pet_unspecified","true","diagnostic_automatic_5y","false","AU","Web Search","2026-10-07T11:21:38.145658+00:00"
"2023-12-17","automatic pet feeder","42","44.75","diagnostic_automatic_5y","core","pet_unspecified","true","diagnostic_automatic_5y","false","AU","Web Search","2026-10-07T11:21:38.145658+00:00"
"2023-12-24","automatic pet feeder","51","48.5","diagnostic_automatic_5y","core","pet_unspecified","true","diagnostic_automatic_5y","false","AU","Web Search","2026-10-07T11:21:38.145658+00:00"
"2023-12-31","automatic pet feeder","33","40.25","diagnostic_automatic_5y","core","pet_unspecified","true","diagnostic_automatic_5y","false","AU","Web Search","2026-10-07T11:21:38.145658+00:00"
"2024-01-07","automatic pet feeder","30","39","diagnostic_automatic_5y","core","pet_unspecified","true","diagnostic_automatic_5y","false","AU","Web Search","2026-10-07T11:21:38.145658+00:00"
"2024-01-14","automatic pet feeder","32","36.5","diagnostic_automatic_5y","core","pet_unspecified","true","diagnostic_automatic_5y","false","AU","Web Search","2026-10-07T11:21:38.145658+00:00"
"2024-01-21","automatic pet feeder","40","33.75","diagnostic_automatic_5y","core","pet_unspecified","true","diagnostic_automatic_5y","false","AU","Web Search","2026-10-07T11:21:38.145658+00:00"
"2024-01-28","automatic pet feeder","27","32.25","diagnostic_automatic_5y","core","pet_unspecified","true","diagnostic_automatic_5y","false","AU","Web Search","2026-10-07T11:21:38.145658+00:00"
"2024-02-04","automatic pet feeder","33","33","diagnostic_automatic_5y","core","pet_unspecified","true","diagnostic_automatic_5y","false","AU","Web Search","2026-10-07T11:21:38.145658+00:00"
"2024-02-11","automatic pet feeder","30","32.5","diagnostic_automatic_5y","core","pet_unspecified","true","diagnostic_automatic_5y","false","AU","Web Search","2026-10-07T11:21:38.145658+00:00"
"2024-02-18","automatic pet feeder","31","30.25","diagnostic_automatic_5y","core","pet_unspecified","true","diagnostic_automatic_5y","false","AU","Web Search","2026-10-07T11:21:38.145658+00:00"
"2024-02-25","automatic pet feeder","0","23.5","diagnostic_automatic_5y","core","pet_unspecified","true","diagnostic_automatic_5y","false","AU","Web Search","2026-10-07T11:21:38.145658+00:00"
"2024-03-03","automatic pet feeder","33","23.5","diagnostic_automatic_5y","core","pet_unspecified","true","diagnostic_automatic_5y","false","AU","Web Search","2026-10-07T11:21:38.145658+00:00"
"2024-03-10","automatic pet feeder","31","23.75","diagnostic_automatic_5y","core","pet_unspecified","true","diagnostic_automatic_5y","false","AU","Web Search","2026-10-07T11:21:38.145658+00:00"
"2024-03-17","automatic pet feeder","41","26.25","diagnostic_automatic_5y","core","pet_unspecified","true","diagnostic_automatic_5y","false","AU","Web Search","2026-10-07T11:21:38.145658+00:00"
"2024-03-24","automatic pet feeder","0","26.25","diagnostic_automatic_5y","core","pet_unspecified","true","diagnostic_automatic_5y","false","AU","Web Search","2026-10-07T11:21:38.145658+00:00"
"2024-03-31","automatic pet feeder","0","18","diagnostic_automatic_5y","core","pet_unspecified","true","diagnostic_automatic_5y","false","AU","Web Search","2026-10-07T11:21:38.145658+00:00"
"2024-04-07","automatic pet feeder","32","18.25","diagnostic_automatic_5y","core","pet_unspecified","true","diagnostic_automatic_5y","false","AU","Web Search","2026-10-07T11:21:38.145658+00:00"
"2024-04-14","automatic pet feeder","43","18.75","diagnostic_automatic_5y","core","pet_unspecified","true","diagnostic_automatic_5y","false","AU","Web Search","2026-10-07T11:21:38.145658+00:00"
"2024-04-21","automatic pet feeder","0","18.75","diagnostic_automatic_5y","core","pet_unspecified","true","diagnostic_automatic_5y","false","AU","Web Search","2026-10-07T11:21:38.145658+00:00"
"2024-04-28","automatic pet feeder","0","18.75","diagnostic_automatic_5y","core","pet_unspecified","true","diagnostic_automatic_5y","false","AU","Web Search","2026-10-07T11:21:38.145658+00:00"
"2024-05-05","automatic pet feeder","34","19.25","diagnostic_automatic_5y","core","pet_unspecified","true","diagnostic_automatic_5y","false","AU","Web Search","2026-10-07T11:21:38.145658+00:00"
"2024-05-12","automatic pet feeder","32","16.5","diagnostic_automatic_5y","core","pet_unspecified","true","diagnostic_automatic_5y","false","AU","Web Search","2026-10-07T11:21:38.145658+00:00"
"2024-05-19","automatic pet feeder","30","24","diagnostic_automatic_5y","core","pet_unspecified","true","diagnostic_automatic_5y","false","AU","Web Search","2026-10-07T11:21:38.145658+00:00"
"2024-05-26","automatic pet feeder","33","32.25","diagnostic_automatic_5y","core","pet_unspecified","true","diagnostic_automatic_5y","false","AU","Web Search","2026-10-07T11:21:38.145658+00:00"
"2024-06-02","automatic pet feeder","33","32","diagnostic_automatic_5y","core","pet_unspecified","true","diagnostic_automatic_5y","false","AU","Web Search","2026-10-07T11:21:38.145658+00:00"
"2024-06-09","automatic pet feeder","0","24","diagnostic_automatic_5y","core","pet_unspecified","true","diagnostic_automatic_5y","false","AU","Web Search","2026-10-07T11:21:38.145658+00:00"
"2024-06-16","automatic pet feeder","44","27.5","diagnostic_automatic_5y","core","pet_unspecified","true","diagnostic_automatic_5y","false","AU","Web Search","2026-10-07T11:21:38.145658+00:00"
"2024-06-23","automatic pet feeder","29","26.5","diagnostic_automatic_5y","core","pet_unspecified","true","diagnostic_automatic_5y","false","AU","Web Search","2026-10-07T11:21:38.145658+00:00"
"2024-06-30","automatic pet feeder","39","28","diagnostic_automatic_5y","core","pet_unspecified","true","diagnostic_automatic_5y","false","AU","Web Search","2026-10-07T11:21:38.145658+00:00"
"2024-07-07","automatic pet feeder","47","39.75","diagnostic_automatic_5y","core","pet_unspecified","true","diagnostic_automatic_5y","false","AU","Web Search","2026-10-07T11:21:38.145658+00:00"
"2024-07-14","automatic pet feeder","32","36.75","diagnostic_automatic_5y","core","pet_unspecified","true","diagnostic_automatic_5y","false","AU","Web Search","2026-10-07T11:21:38.145658+00:00"
"2024-07-21","automatic pet feeder","0","29.5","diagnostic_automatic_5y","core","pet_unspecified","true","diagnostic_automatic_5y","false","AU","Web Search","2026-10-07T11:21:38.145658+00:00"
"2024-07-28","automatic pet feeder","32","27.75","diagnostic_automatic_5y","core","pet_unspecified","true","diagnostic_automatic_5y","false","AU","Web Search","2026-10-07T11:21:38.145658+00:00"
"2024-08-04","automatic pet feeder","0","16","diagnostic_automatic_5y","core","pet_unspecified","true","diagnostic_automatic_5y","false","AU","Web Search","2026-10-07T11:21:38.145658+00:00"
"2024-08-11","automatic pet feeder","36","17","diagnostic_automatic_5y","core","pet_unspecified","true","diagnostic_automatic_5y","false","AU","Web Search","2026-10-07T11:21:38.145658+00:00"
"2024-08-18","automatic pet feeder","0","17","diagnostic_automatic_5y","core","pet_unspecified","true","diagnostic_automatic_5y","false","AU","Web Search","2026-10-07T11:21:38.145658+00:00"
"2024-08-25","automatic pet feeder","27","15.75","diagnostic_automatic_5y","core","pet_unspecified","true","diagnostic_automatic_5y","false","AU","Web Search","2026-10-07T11:21:38.145658+00:00"
"2024-09-01","automatic pet feeder","0","15.75","diagnostic_automatic_5y","core","pet_unspecified","true","diagnostic_automatic_5y","false","AU","Web Search","2026-10-07T11:21:38.145658+00:00"
"2024-09-08","automatic pet feeder","0","6.75","diagnostic_automatic_5y","core","pet_unspecified","true","diagnostic_automatic_5y","false","AU","Web Search","2026-10-07T11:21:38.145658+00:00"
"2024-09-15","automatic pet feeder","49","19","diagnostic_automatic_5y","core","pet_unspecified","true","diagnostic_automatic_5y","false","AU","Web Search","2026-10-07T11:21:38.145658+00:00"
"2024-09-22","automatic pet feeder","30","19.75","diagnostic_automatic_5y","core","pet_unspecified","true","diagnostic_automatic_5y","false","AU","Web Search","2026-10-07T11:21:38.145658+00:00"
"2024-09-29","automatic pet feeder","49","32","diagnostic_automatic_5y","core","pet_unspecified","true","diagnostic_automatic_5y","false","AU","Web Search","2026-10-07T11:21:38.145658+00:00"
"2024-10-06","automatic pet feeder","0","32","diagnostic_automatic_5y","core","pet_unspecified","true","diagnostic_automatic_5y","false","AU","Web Search","2026-10-07T11:21:38.145658+00:00"
"2024-10-13","automatic pet feeder","49","32","diagnostic_automatic_5y","core","pet_unspecified","true","diagnostic_automatic_5y","false","AU","Web Search","2026-10-07T11:21:38.145658+00:00"
"2024-10-20","automatic pet feeder","35","33.25","diagnostic_automatic_5y","core","pet_unspecified","true","diagnostic_automatic_5y","false","AU","Web Search","2026-10-07T11:21:38.145658+00:00"
"2024-10-27","automatic pet feeder","28","28","diagnostic_automatic_5y","core","pet_unspecified","true","diagnostic_automatic_5y","false","AU","Web Search","2026-10-07T11:21:38.145658+00:00"
"2024-11-03","automatic pet feeder","35","36.75","diagnostic_automatic_5y","core","pet_unspecified","true","diagnostic_automatic_5y","false","AU","Web Search","2026-10-07T11:21:38.145658+00:00"
"2024-11-10","automatic pet feeder","74","43","diagnostic_automatic_5y","core","pet_unspecified","true","diagnostic_automatic_5y","false","AU","Web Search","2026-10-07T11:21:38.145658+00:00"
"2024-11-17","automatic pet feeder","48","46.25","diagnostic_automatic_5y","core","pet_unspecified","true","diagnostic_automatic_5y","false","AU","Web Search","2026-10-07T11:21:38.145658+00:00"
"2024-11-24","automatic pet feeder","45","50.5","diagnostic_automatic_5y","core","pet_unspecified","true","diagnostic_automatic_5y","false","AU","Web Search","2026-10-07T11:21:38.145658+00:00"
"2024-12-01","automatic pet feeder","58","56.25","diagnostic_automatic_5y","core","pet_unspecified","true","diagnostic_automatic_5y","false","AU","Web Search","2026-10-07T11:21:38.145658+00:00"
"2024-12-08","automatic pet feeder","34","46.25","diagnostic_automatic_5y","core","pet_unspecified","true","diagnostic_automatic_5y","false","AU","Web Search","2026-10-07T11:21:38.145658+00:00"
"2024-12-15","automatic pet feeder","41","44.5","diagnostic_automatic_5y","core","pet_unspecified","true","diagnostic_automatic_5y","false","AU","Web Search","2026-10-07T11:21:38.145658+00:00"
"2024-12-22","automatic pet feeder","65","49.5","diagnostic_automatic_5y","core","pet_unspecified","true","diagnostic_automatic_5y","false","AU","Web Search","2026-10-07T11:21:38.145658+00:00"
"2024-12-29","automatic pet feeder","48","47","diagnostic_automatic_5y","core","pet_unspecified","true","diagnostic_automatic_5y","false","AU","Web Search","2026-10-07T11:21:38.145658+00:00"
"2025-01-05","automatic pet feeder","0","38.5","diagnostic_automatic_5y","core","pet_unspecified","true","diagnostic_automatic_5y","false","AU","Web Search","2026-10-07T11:21:38.145658+00:00"
"2025-01-12","automatic pet feeder","66","44.75","diagnostic_automatic_5y","core","pet_unspecified","true","diagnostic_automatic_5y","false","AU","Web Search","2026-10-07T11:21:38.145658+00:00"
"2025-01-19","automatic pet feeder","0","28.5","diagnostic_automatic_5y","core","pet_unspecified","true","diagnostic_automatic_5y","false","AU","Web Search","2026-10-07T11:21:38.145658+00:00"
"2025-01-26","automatic pet feeder","51","29.25","diagnostic_automatic_5y","core","pet_unspecified","true","diagnostic_automatic_5y","false","AU","Web Search","2026-10-07T11:21:38.145658+00:00"
"2025-02-02","automatic pet feeder","34","37.75","diagnostic_automatic_5y","core","pet_unspecified","true","diagnostic_automatic_5y","false","AU","Web Search","2026-10-07T11:21:38.145658+00:00"
"2025-02-09","automatic pet feeder","27","28","diagnostic_automatic_5y","core","pet_unspecified","true","diagnostic_automatic_5y","false","AU","Web Search","2026-10-07T11:21:38.145658+00:00"
"2025-02-16","automatic pet feeder","0","28","diagnostic_automatic_5y","core","pet_unspecified","true","diagnostic_automatic_5y","false","AU","Web Search","2026-10-07T11:21:38.145658+00:00"
"2025-02-23","automatic pet feeder","40","25.25","diagnostic_automatic_5y","core","pet_unspecified","true","diagnostic_automatic_5y","false","AU","Web Search","2026-10-07T11:21:38.145658+00:00"
"2025-03-02","automatic pet feeder","0","16.75","diagnostic_automatic_5y","core","pet_unspecified","true","diagnostic_automatic_5y","false","AU","Web Search","2026-10-07T11:21:38.145658+00:00"
"2025-03-09","automatic pet feeder","29","17.25","diagnostic_automatic_5y","core","pet_unspecified","true","diagnostic_automatic_5y","false","AU","Web Search","2026-10-07T11:21:38.145658+00:00"
"2025-03-16","automatic pet feeder","0","17.25","diagnostic_automatic_5y","core","pet_unspecified","true","diagnostic_automatic_5y","false","AU","Web Search","2026-10-07T11:21:38.145658+00:00"
"2025-03-23","automatic pet feeder","40","17.25","diagnostic_automatic_5y","core","pet_unspecified","true","diagnostic_automatic_5y","false","AU","Web Search","2026-10-07T11:21:38.145658+00:00"
"2025-03-30","automatic pet feeder","0","17.25","diagnostic_automatic_5y","core","pet_unspecified","true","diagnostic_automatic_5y","false","AU","Web Search","2026-10-07T11:21:38.145658+00:00"
"2025-04-06","automatic pet feeder","28","17","diagnostic_automatic_5y","core","pet_unspecified","true","diagnostic_automatic_5y","false","AU","Web Search","2026-10-07T11:21:38.145658+00:00"
"2025-04-13","automatic pet feeder","51","29.75","diagnostic_automatic_5y","core","pet_unspecified","true","diagnostic_automatic_5y","false","AU","Web Search","2026-10-07T11:21:38.145658+00:00"
"2025-04-20","automatic pet feeder","38","29.25","diagnostic_automatic_5y","core","pet_unspecified","true","diagnostic_automatic_5y","false","AU","Web Search","2026-10-07T11:21:38.145658+00:00"
"2025-04-27","automatic pet feeder","29","36.5","diagnostic_automatic_5y","core","pet_unspecified","true","diagnostic_automatic_5y","false","AU","Web Search","2026-10-07T11:21:38.145658+00:00"
"2025-05-04","automatic pet feeder","27","36.25","diagnostic_automatic_5y","core","pet_unspecified","true","diagnostic_automatic_5y","false","AU","Web Search","2026-10-07T11:21:38.145658+00:00"
"2025-05-11","automatic pet feeder","0","23.5","diagnostic_automatic_5y","core","pet_unspecified","true","diagnostic_automatic_5y","false","AU","Web Search","2026-10-07T11:21:38.145658+00:00"
"2025-05-18","automatic pet feeder","0","14","diagnostic_automatic_5y","core","pet_unspecified","true","diagnostic_automatic_5y","false","AU","Web Search","2026-10-07T11:21:38.145658+00:00"
"2025-05-25","automatic pet feeder","0","6.75","diagnostic_automatic_5y","core","pet_unspecified","true","diagnostic_automatic_5y","false","AU","Web Search","2026-10-07T11:21:38.145658+00:00"
"2025-06-01","automatic pet feeder","0","0","diagnostic_automatic_5y","core","pet_unspecified","true","diagnostic_automatic_5y","false","AU","Web Search","2026-10-07T11:21:38.145658+00:00"
"2025-06-08","automatic pet feeder","0","0","diagnostic_automatic_5y","core","pet_unspecified","true","diagnostic_automatic_5y","false","AU","Web Search","2026-10-07T11:21:38.145658+00:00"
"2025-06-15","automatic pet feeder","0","0","diagnostic_automatic_5y","core","pet_unspecified","true","diagnostic_automatic_5y","false","AU","Web Search","2026-10-07T11:21:38.145658+00:00"
"2025-06-22","automatic pet feeder","28","7","diagnostic_automatic_5y","core","pet_unspecified","true","diagnostic_automatic_5y","false","AU","Web Search","2026-10-07T11:21:38.145658+00:00"
"2025-06-29","automatic pet feeder","0","7","diagnostic_automatic_5y","core","pet_unspecified","true","diagnostic_automatic_5y","false","AU","Web Search","2026-10-07T11:21:38.145658+00:00"
"2025-07-06","automatic pet feeder","0","7","diagnostic_automatic_5y","core","pet_unspecified","true","diagnostic_automatic_5y","false","AU","Web Search","2026-10-07T11:21:38.145658+00:00"
"2025-07-13","automatic pet feeder","0","7","diagnostic_automatic_5y","core","pet_unspecified","true","diagnostic_automatic_5y","false","AU","Web Search","2026-10-07T11:21:38.145658+00:00"
"2025-07-20","automatic pet feeder","41","10.25","diagnostic_automatic_5y","core","pet_unspecified","true","diagnostic_automatic_5y","false","AU","Web Search","2026-10-07T11:21:38.145658+00:00"
"2025-07-27","automatic pet feeder","41","20.5","diagnostic_automatic_5y","core","pet_unspecified","true","diagnostic_automatic_5y","false","AU","Web Search","2026-10-07T11:21:38.145658+00:00"
"2025-08-03","automatic pet feeder","0","20.5","diagnostic_automatic_5y","core","pet_unspecified","true","diagnostic_automatic_5y","false","AU","Web Search","2026-10-07T11:21:38.145658+00:00"
"2025-08-10","automatic pet feeder","30","28","diagnostic_automatic_5y","core","pet_unspecified","true","diagnostic_automatic_5y","false","AU","Web Search","2026-10-07T11:21:38.145658+00:00"
"2025-08-17","automatic pet feeder","27","24.5","diagnostic_automatic_5y","core","pet_unspecified","true","diagnostic_automatic_5y","false","AU","Web Search","2026-10-07T11:21:38.145658+00:00"
"2025-08-24","automatic pet feeder","51","27","diagnostic_automatic_5y","core","pet_unspecified","true","diagnostic_automatic_5y","false","AU","Web Search","2026-10-07T11:21:38.145658+00:00"
"2025-08-31","automatic pet feeder","0","27","diagnostic_automatic_5y","core","pet_unspecified","true","diagnostic_automatic_5y","false","AU","Web Search","2026-10-07T11:21:38.145658+00:00"
"2025-09-07","automatic pet feeder","0","19.5","diagnostic_automatic_5y","core","pet_unspecified","true","diagnostic_automatic_5y","false","AU","Web Search","2026-10-07T11:21:38.145658+00:00"
"2025-09-14","automatic pet feeder","35","21.5","diagnostic_automatic_5y","core","pet_unspecified","true","diagnostic_automatic_5y","false","AU","Web Search","2026-10-07T11:21:38.145658+00:00"
"2025-09-21","automatic pet feeder","30","16.25","diagnostic_automatic_5y","core","pet_unspecified","true","diagnostic_automatic_5y","false","AU","Web Search","2026-10-07T11:21:38.145658+00:00"
"2025-09-28","automatic pet feeder","54","29.75","diagnostic_automatic_5y","core","pet_unspecified","true","diagnostic_automatic_5y","false","AU","Web Search","2026-10-07T11:21:38.145658+00:00"
"2025-10-05","automatic pet feeder","0","29.75","diagnostic_automatic_5y","core","pet_unspecified","true","diagnostic_automatic_5y","false","AU","Web Search","2026-10-07T11:21:38.145658+00:00"
"2025-10-12","automatic pet feeder","37","30.25","diagnostic_automatic_5y","core","pet_unspecified","true","diagnostic_automatic_5y","false","AU","Web Search","2026-10-07T11:21:38.145658+00:00"
"2025-10-19","automatic pet feeder","52","35.75","diagnostic_automatic_5y","core","pet_unspecified","true","diagnostic_automatic_5y","false","AU","Web Search","2026-10-07T11:21:38.145658+00:00"
"2025-10-26","automatic pet feeder","0","22.25","diagnostic_automatic_5y","core","pet_unspecified","true","diagnostic_automatic_5y","false","AU","Web Search","2026-10-07T11:21:38.145658+00:00"
"2025-11-02","automatic pet feeder","26","28.75","diagnostic_automatic_5y","core","pet_unspecified","true","diagnostic_automatic_5y","false","AU","Web Search","2026-10-07T11:21:38.145658+00:00"
"2025-11-09","automatic pet feeder","36","28.5","diagnostic_automatic_5y","core","pet_unspecified","true","diagnostic_automatic_5y","false","AU","Web Search","2026-10-07T11:21:38.145658+00:00"
"2025-11-16","automatic pet feeder","41","25.75","diagnostic_automatic_5y","core","pet_unspecified","true","diagnostic_automatic_5y","false","AU","Web Search","2026-10-07T11:21:38.145658+00:00"
"2025-11-23","automatic pet feeder","36","34.75","diagnostic_automatic_5y","core","pet_unspecified","true","diagnostic_automatic_5y","false","AU","Web Search","2026-10-07T11:21:38.145658+00:00"
"2025-11-30","automatic pet feeder","48","40.25","diagnostic_automatic_5y","core","pet_unspecified","true","diagnostic_automatic_5y","false","AU","Web Search","2026-10-07T11:21:38.145658+00:00"
"2025-12-07","automatic pet feeder","50","43.75","diagnostic_automatic_5y","core","pet_unspecified","true","diagnostic_automatic_5y","false","AU","Web Search","2026-10-07T11:21:38.145658+00:00"
"2025-12-14","automatic pet feeder","0","33.5","diagnostic_automatic_5y","core","pet_unspecified","true","diagnostic_automatic_5y","false","AU","Web Search","2026-10-07T11:21:38.145658+00:00"
"2025-12-21","automatic pet feeder","45","35.75","diagnostic_automatic_5y","core","pet_unspecified","true","diagnostic_automatic_5y","false","AU","Web Search","2026-10-07T11:21:38.145658+00:00"
"2025-12-28","automatic pet feeder","46","35.25","diagnostic_automatic_5y","core","pet_unspecified","true","diagnostic_automatic_5y","false","AU","Web Search","2026-10-07T11:21:38.145658+00:00"
"2026-01-04","automatic pet feeder","44","33.75","diagnostic_automatic_5y","core","pet_unspecified","true","diagnostic_automatic_5y","false","AU","Web Search","2026-10-07T11:21:38.145658+00:00"
"2026-01-11","automatic pet feeder","48","45.75","diagnostic_automatic_5y","core","pet_unspecified","true","diagnostic_automatic_5y","false","AU","Web Search","2026-10-07T11:21:38.145658+00:00"
"2026-01-18","automatic pet feeder","33","42.75","diagnostic_automatic_5y","core","pet_unspecified","true","diagnostic_automatic_5y","false","AU","Web Search","2026-10-07T11:21:38.145658+00:00"
"2026-01-25","automatic pet feeder","30","38.75","diagnostic_automatic_5y","core","pet_unspecified","true","diagnostic_automatic_5y","false","AU","Web Search","2026-10-07T11:21:38.145658+00:00"
"2026-02-01","automatic pet feeder","32","35.75","diagnostic_automatic_5y","core","pet_unspecified","true","diagnostic_automatic_5y","false","AU","Web Search","2026-10-07T11:21:38.145658+00:00"
"2026-02-08","automatic pet feeder","32","31.75","diagnostic_automatic_5y","core","pet_unspecified","true","diagnostic_automatic_5y","false","AU","Web Search","2026-10-07T11:21:38.145658+00:00"
"2026-02-15","automatic pet feeder","46","35","diagnostic_automatic_5y","core","pet_unspecified","true","diagnostic_automatic_5y","false","AU","Web Search","2026-10-07T11:21:38.145658+00:00"
"2026-02-22","automatic pet feeder","29","34.75","diagnostic_automatic_5y","core","pet_unspecified","true","diagnostic_automatic_5y","false","AU","Web Search","2026-10-07T11:21:38.145658+00:00"
"2026-03-01","automatic pet feeder","32","34.75","diagnostic_automatic_5y","core","pet_unspecified","true","diagnostic_automatic_5y","false","AU","Web Search","2026-10-07T11:21:38.145658+00:00"
"2026-03-08","automatic pet feeder","0","26.75","diagnostic_automatic_5y","core","pet_unspecified","true","diagnostic_automatic_5y","false","AU","Web Search","2026-10-07T11:21:38.145658+00:00"
"2026-03-15","automatic pet feeder","0","15.25","diagnostic_automatic_5y","core","pet_unspecified","true","diagnostic_automatic_5y","false","AU","Web Search","2026-10-07T11:21:38.145658+00:00"
"2026-03-22","automatic pet feeder","0","8","diagnostic_automatic_5y","core","pet_unspecified","true","diagnostic_automatic_5y","false","AU","Web Search","2026-10-07T11:21:38.145658+00:00"
"2026-03-29","automatic pet feeder","27","6.75","diagnostic_automatic_5y","core","pet_unspecified","true","diagnostic_automatic_5y","false","AU","Web Search","2026-10-07T11:21:38.145658+00:00"
"2026-04-05","automatic pet feeder","45","18","diagnostic_automatic_5y","core","pet_unspecified","true","diagnostic_automatic_5y","false","AU","Web Search","2026-10-07T11:21:38.145658+00:00"
"2026-04-12","automatic pet feeder","41","28.25","diagnostic_automatic_5y","core","pet_unspecified","true","diagnostic_automatic_5y","false","AU","Web Search","2026-10-07T11:21:38.145658+00:00"
"2026-04-19","automatic pet feeder","0","28.25","diagnostic_automatic_5y","core","pet_unspecified","true","diagnostic_automatic_5y","false","AU","Web Search","2026-10-07T11:21:38.145658+00:00"
"2026-04-26","automatic pet feeder","43","32.25","diagnostic_automatic_5y","core","pet_unspecified","true","diagnostic_automatic_5y","false","AU","Web Search","2026-10-07T11:21:38.145658+00:00"
"2026-05-03","automatic pet feeder","0","21","diagnostic_automatic_5y","core","pet_unspecified","true","diagnostic_automatic_5y","false","AU","Web Search","2026-10-07T11:21:38.145658+00:00"
"2026-05-10","automatic pet feeder","37","20","diagnostic_automatic_5y","core","pet_unspecified","true","diagnostic_automatic_5y","false","AU","Web Search","2026-10-07T11:21:38.145658+00:00"
"2026-05-17","automatic pet feeder","34","28.5","diagnostic_automatic_5y","core","pet_unspecified","true","diagnostic_automatic_5y","false","AU","Web Search","2026-10-07T11:21:38.145658+00:00"
"2026-05-24","automatic pet feeder","0","17.75","diagnostic_automatic_5y","core","pet_unspecified","true","diagnostic_automatic_5y","false","AU","Web Search","2026-10-07T11:21:38.145658+00:00"
"2026-05-31","automatic pet feeder","0","17.75","diagnostic_automatic_5y","core","pet_unspecified","true","diagnostic_automatic_5y","false","AU","Web Search","2026-10-07T11:21:38.145658+00:00"
"2026-06-07","automatic pet feeder","0","8.5","diagnostic_automatic_5y","core","pet_unspecified","true","diagnostic_automatic_5y","false","AU","Web Search","2026-10-07T11:21:38.145658+00:00"
"2026-06-14","automatic pet feeder","43","10.75","diagnostic_automatic_5y","core","pet_unspecified","true","diagnostic_automatic_5y","false","AU","Web Search","2026-10-07T11:21:38.145658+00:00"
"2026-06-21","automatic pet feeder","0","10.75","diagnostic_automatic_5y","core","pet_unspecified","true","diagnostic_automatic_5y","false","AU","Web Search","2026-10-07T11:21:38.145658+00:00"
"2026-06-28","automatic pet feeder","30","18.25","diagnostic_automatic_5y","core","pet_unspecified","true","diagnostic_automatic_5y","false","AU","Web Search","2026-10-07T11:21:38.145658+00:00"
"2026-07-05","automatic pet feeder","42","28.75","diagnostic_automatic_5y","core","pet_unspecified","true","diagnostic_automatic_5y","false","AU","Web Search","2026-10-07T11:21:38.145658+00:00"
"2026-07-12","automatic pet feeder","37","27.25","diagnostic_automatic_5y","core","pet_unspecified","true","diagnostic_automatic_5y","false","AU","Web Search","2026-10-07T11:21:38.145658+00:00"
"2026-07-19","automatic pet feeder","44","38.25","diagnostic_automatic_5y","core","pet_unspecified","true","diagnostic_automatic_5y","false","AU","Web Search","2026-10-07T11:21:38.145658+00:00"
"2026-07-26","automatic pet feeder","27","37.5","diagnostic_automatic_5y","core","pet_unspecified","true","diagnostic_automatic_5y","false","AU","Web Search","2026-10-07T11:21:38.145658+00:00"
"2026-08-02","automatic pet feeder","0","27","diagnostic_automatic_5y","core","pet_unspecified","true","diagnostic_automatic_5y","false","AU","Web Search","2026-10-07T11:21:38.145658+00:00"
"2026-08-09","automatic pet feeder","0","17.75","diagnostic_automatic_5y","core","pet_unspecified","true","diagnostic_automatic_5y","false","AU","Web Search","2026-10-07T11:21:38.145658+00:00"
"2026-08-16","automatic pet feeder","28","13.75","diagnostic_automatic_5y","core","pet_unspecified","true","diagnostic_automatic_5y","false","AU","Web Search","2026-10-07T11:21:38.145658+00:00"
"2026-08-23","automatic pet feeder","32","15","diagnostic_automatic_5y","core","pet_unspecified","true","diagnostic_automatic_5y","false","AU","Web Search","2026-10-07T11:21:38.145658+00:00"
"2026-08-30","automatic pet feeder","0","15","diagnostic_automatic_5y","core","pet_unspecified","true","diagnostic_automatic_5y","false","AU","Web Search","2026-10-07T11:21:38.145658+00:00"
"2026-09-06","automatic pet feeder","0","15","diagnostic_automatic_5y","core","pet_unspecified","true","diagnostic_automatic_5y","false","AU","Web Search","2026-10-07T11:21:38.145658+00:00"
"2026-09-13","automatic pet feeder","43","18.75","diagnostic_automatic_5y","core","pet_unspecified","true","diagnostic_automatic_5y","false","AU","Web Search","2026-10-07T11:21:38.145658+00:00"
"2026-09-20","automatic pet feeder","30","18.25","diagnostic_automatic_5y","core","pet_unspecified","true","diagnostic_automatic_5y","false","AU","Web Search","2026-10-07T11:21:38.145658+00:00"
"2026-09-27","automatic pet feeder","31","26","diagnostic_automatic_5y","core","pet_unspecified","true","diagnostic_automatic_5y","false","AU","Web Search","2026-10-07T11:21:38.145658+00:00"
"2026-10-04","automatic pet feeder","27","32.75","diagnostic_automatic_5y","core","pet_unspecified","true","diagnostic_automatic_5y","true","AU","Web Search","2026-10-07T11:21:38.145658+00:00"
"2021-10-03","automatic cat feeder","38",,"diagnostic_automatic_5y","core","cat","true","diagnostic_automatic_5y","true","AU","Web Search","2026-10-07T11:21:38.145658+00:00"
"2021-10-10","automatic cat feeder","0",,"diagnostic_automatic_5y","core","cat","true","diagnostic_automatic_5y","false","AU","Web Search","2026-10-07T11:21:38.145658+00:00"
"2021-10-17","automatic cat feeder","0",,"diagnostic_automatic_5y","core","cat","true","diagnostic_automatic_5y","false","AU","Web Search","2026-10-07T11:21:38.145658+00:00"
"2021-10-24","automatic cat feeder","0","9.5","diagnostic_automatic_5y","core","cat","true","diagnostic_automatic_5y","false","AU","Web Search","2026-10-07T11:21:38.145658+00:00"
"2021-10-31","automatic cat feeder","42","10.5","diagnostic_automatic_5y","core","cat","true","diagnostic_automatic_5y","false","AU","Web Search","2026-10-07T11:21:38.145658+00:00"
"2021-11-07","automatic cat feeder","38","20","diagnostic_automatic_5y","core","cat","true","diagnostic_automatic_5y","false","AU","Web Search","2026-10-07T11:21:38.145658+00:00"
"2021-11-14","automatic cat feeder","0","20","diagnostic_automatic_5y","core","cat","true","diagnostic_automatic_5y","false","AU","Web Search","2026-10-07T11:21:38.145658+00:00"
"2021-11-21","automatic cat feeder","34","28.5","diagnostic_automatic_5y","core","cat","true","diagnostic_automatic_5y","false","AU","Web Search","2026-10-07T11:21:38.145658+00:00"
"2021-11-28","automatic cat feeder","35","26.75","diagnostic_automatic_5y","core","cat","true","diagnostic_automatic_5y","false","AU","Web Search","2026-10-07T11:21:38.145658+00:00"
"2021-12-05","automatic cat feeder","37","26.5","diagnostic_automatic_5y","core","cat","true","diagnostic_automatic_5y","false","AU","Web Search","2026-10-07T11:21:38.145658+00:00"
"2021-12-12","automatic cat feeder","0","26.5","diagnostic_automatic_5y","core","cat","true","diagnostic_automatic_5y","false","AU","Web Search","2026-10-07T11:21:38.145658+00:00"
"2021-12-19","automatic cat feeder","38","27.5","diagnostic_automatic_5y","core","cat","true","diagnostic_automatic_5y","false","AU","Web Search","2026-10-07T11:21:38.145658+00:00"
"2021-12-26","automatic cat feeder","43","29.5","diagnostic_automatic_5y","core","cat","true","diagnostic_automatic_5y","false","AU","Web Search","2026-10-07T11:21:38.145658+00:00"
"2022-01-02","automatic cat feeder","50","32.75","diagnostic_automatic_5y","core","cat","true","diagnostic_automatic_5y","false","AU","Web Search","2026-10-07T11:21:38.145658+00:00"
"2022-01-09","automatic cat feeder","44","43.75","diagnostic_automatic_5y","core","cat","true","diagnostic_automatic_5y","false","AU","Web Search","2026-10-07T11:21:38.145658+00:00"
"2022-01-16","automatic cat feeder","36","43.25","diagnostic_automatic_5y","core","cat","true","diagnostic_automatic_5y","false","AU","Web Search","2026-10-07T11:21:38.145658+00:00"
"2022-01-23","automatic cat feeder","0","32.5","diagnostic_automatic_5y","core","cat","true","diagnostic_automatic_5y","false","AU","Web Search","2026-10-07T11:21:38.145658+00:00"
"2022-01-30","automatic cat feeder","38","29.5","diagnostic_automatic_5y","core","cat","true","diagnostic_automatic_5y","false","AU","Web Search","2026-10-07T11:21:38.145658+00:00"
"2022-02-06","automatic cat feeder","34","27","diagnostic_automatic_5y","core","cat","true","diagnostic_automatic_5y","false","AU","Web Search","2026-10-07T11:21:38.145658+00:00"
"2022-02-13","automatic cat feeder","38","27.5","diagnostic_automatic_5y","core","cat","true","diagnostic_automatic_5y","false","AU","Web Search","2026-10-07T11:21:38.145658+00:00"
"2022-02-20","automatic cat feeder","49","39.75","diagnostic_automatic_5y","core","cat","true","diagnostic_automatic_5y","false","AU","Web Search","2026-10-07T11:21:38.145658+00:00"
"2022-02-27","automatic cat feeder","32","38.25","diagnostic_automatic_5y","core","cat","true","diagnostic_automatic_5y","false","AU","Web Search","2026-10-07T11:21:38.145658+00:00"
"2022-03-06","automatic cat feeder","44","40.75","diagnostic_automatic_5y","core","cat","true","diagnostic_automatic_5y","false","AU","Web Search","2026-10-07T11:21:38.145658+00:00"
"2022-03-13","automatic cat feeder","52","44.25","diagnostic_automatic_5y","core","cat","true","diagnostic_automatic_5y","false","AU","Web Search","2026-10-07T11:21:38.145658+00:00"
"2022-03-20","automatic cat feeder","36","41","diagnostic_automatic_5y","core","cat","true","diagnostic_automatic_5y","false","AU","Web Search","2026-10-07T11:21:38.145658+00:00"
"2022-03-27","automatic cat feeder","38","42.5","diagnostic_automatic_5y","core","cat","true","diagnostic_automatic_5y","false","AU","Web Search","2026-10-07T11:21:38.145658+00:00"
"2022-04-03","automatic cat feeder","53","44.75","diagnostic_automatic_5y","core","cat","true","diagnostic_automatic_5y","false","AU","Web Search","2026-10-07T11:21:38.145658+00:00"
"2022-04-10","automatic cat feeder","53","45","diagnostic_automatic_5y","core","cat","true","diagnostic_automatic_5y","false","AU","Web Search","2026-10-07T11:21:38.145658+00:00"
"2022-04-17","automatic cat feeder","61","51.25","diagnostic_automatic_5y","core","cat","true","diagnostic_automatic_5y","false","AU","Web Search","2026-10-07T11:21:38.145658+00:00"
"2022-04-24","automatic cat feeder","57","56","diagnostic_automatic_5y","core","cat","true","diagnostic_automatic_5y","false","AU","Web Search","2026-10-07T11:21:38.145658+00:00"
"2022-05-01","automatic cat feeder","32","50.75","diagnostic_automatic_5y","core","cat","true","diagnostic_automatic_5y","false","AU","Web Search","2026-10-07T11:21:38.145658+00:00"
"2022-05-08","automatic cat feeder","41","47.75","diagnostic_automatic_5y","core","cat","true","diagnostic_automatic_5y","false","AU","Web Search","2026-10-07T11:21:38.145658+00:00"
"2022-05-15","automatic cat feeder","38","42","diagnostic_automatic_5y","core","cat","true","diagnostic_automatic_5y","false","AU","Web Search","2026-10-07T11:21:38.145658+00:00"
"2022-05-22","automatic cat feeder","0","27.75","diagnostic_automatic_5y","core","cat","true","diagnostic_automatic_5y","false","AU","Web Search","2026-10-07T11:21:38.145658+00:00"
"2022-05-29","automatic cat feeder","30","27.25","diagnostic_automatic_5y","core","cat","true","diagnostic_automatic_5y","false","AU","Web Search","2026-10-07T11:21:38.145658+00:00"
"2022-06-05","automatic cat feeder","44","28","diagnostic_automatic_5y","core","cat","true","diagnostic_automatic_5y","false","AU","Web Search","2026-10-07T11:21:38.145658+00:00"
"2022-06-12","automatic cat feeder","43","29.25","diagnostic_automatic_5y","core","cat","true","diagnostic_automatic_5y","false","AU","Web Search","2026-10-07T11:21:38.145658+00:00"
"2022-06-19","automatic cat feeder","64","45.25","diagnostic_automatic_5y","core","cat","true","diagnostic_automatic_5y","false","AU","Web Search","2026-10-07T11:21:38.145658+00:00"
"2022-06-26","automatic cat feeder","31","45.5","diagnostic_automatic_5y","core","cat","true","diagnostic_automatic_5y","false","AU","Web Search","2026-10-07T11:21:38.145658+00:00"
"2022-07-03","automatic cat feeder","40","44.5","diagnostic_automatic_5y","core","cat","true","diagnostic_automatic_5y","false","AU","Web Search","2026-10-07T11:21:38.145658+00:00"
"2022-07-10","automatic cat feeder","27","40.5","diagnostic_automatic_5y","core","cat","true","diagnostic_automatic_5y","false","AU","Web Search","2026-10-07T11:21:38.145658+00:00"
"2022-07-17","automatic cat feeder","55","38.25","diagnostic_automatic_5y","core","cat","true","diagnostic_automatic_5y","false","AU","Web Search","2026-10-07T11:21:38.145658+00:00"
"2022-07-24","automatic cat feeder","48","42.5","diagnostic_automatic_5y","core","cat","true","diagnostic_automatic_5y","false","AU","Web Search","2026-10-07T11:21:38.145658+00:00"
"2022-07-31","automatic cat feeder","34","41","diagnostic_automatic_5y","core","cat","true","diagnostic_automatic_5y","false","AU","Web Search","2026-10-07T11:21:38.145658+00:00"
"2022-08-07","automatic cat feeder","52","47.25","diagnostic_automatic_5y","core","cat","true","diagnostic_automatic_5y","false","AU","Web Search","2026-10-07T11:21:38.145658+00:00"
"2022-08-14","automatic cat feeder","35","42.25","diagnostic_automatic_5y","core","cat","true","diagnostic_automatic_5y","false","AU","Web Search","2026-10-07T11:21:38.145658+00:00"
"2022-08-21","automatic cat feeder","31","38","diagnostic_automatic_5y","core","cat","true","diagnostic_automatic_5y","false","AU","Web Search","2026-10-07T11:21:38.145658+00:00"
"2022-08-28","automatic cat feeder","49","41.75","diagnostic_automatic_5y","core","cat","true","diagnostic_automatic_5y","false","AU","Web Search","2026-10-07T11:21:38.145658+00:00"
"2022-09-04","automatic cat feeder","0","28.75","diagnostic_automatic_5y","core","cat","true","diagnostic_automatic_5y","false","AU","Web Search","2026-10-07T11:21:38.145658+00:00"
"2022-09-11","automatic cat feeder","44","31","diagnostic_automatic_5y","core","cat","true","diagnostic_automatic_5y","false","AU","Web Search","2026-10-07T11:21:38.145658+00:00"
"2022-09-18","automatic cat feeder","66","39.75","diagnostic_automatic_5y","core","cat","true","diagnostic_automatic_5y","false","AU","Web Search","2026-10-07T11:21:38.145658+00:00"
"2022-09-25","automatic cat feeder","0","27.5","diagnostic_automatic_5y","core","cat","true","diagnostic_automatic_5y","false","AU","Web Search","2026-10-07T11:21:38.145658+00:00"
"2022-10-02","automatic cat feeder","48","39.5","diagnostic_automatic_5y","core","cat","true","diagnostic_automatic_5y","false","AU","Web Search","2026-10-07T11:21:38.145658+00:00"
"2022-10-09","automatic cat feeder","29","35.75","diagnostic_automatic_5y","core","cat","true","diagnostic_automatic_5y","false","AU","Web Search","2026-10-07T11:21:38.145658+00:00"
"2022-10-16","automatic cat feeder","63","35","diagnostic_automatic_5y","core","cat","true","diagnostic_automatic_5y","false","AU","Web Search","2026-10-07T11:21:38.145658+00:00"
"2022-10-23","automatic cat feeder","44","46","diagnostic_automatic_5y","core","cat","true","diagnostic_automatic_5y","false","AU","Web Search","2026-10-07T11:21:38.145658+00:00"
"2022-10-30","automatic cat feeder","45","45.25","diagnostic_automatic_5y","core","cat","true","diagnostic_automatic_5y","false","AU","Web Search","2026-10-07T11:21:38.145658+00:00"
"2022-11-06","automatic cat feeder","51","50.75","diagnostic_automatic_5y","core","cat","true","diagnostic_automatic_5y","false","AU","Web Search","2026-10-07T11:21:38.145658+00:00"
"2022-11-13","automatic cat feeder","44","46","diagnostic_automatic_5y","core","cat","true","diagnostic_automatic_5y","false","AU","Web Search","2026-10-07T11:21:38.145658+00:00"
"2022-11-20","automatic cat feeder","44","46","diagnostic_automatic_5y","core","cat","true","diagnostic_automatic_5y","false","AU","Web Search","2026-10-07T11:21:38.145658+00:00"
"2022-11-27","automatic cat feeder","59","49.5","diagnostic_automatic_5y","core","cat","true","diagnostic_automatic_5y","false","AU","Web Search","2026-10-07T11:21:38.145658+00:00"
"2022-12-04","automatic cat feeder","53","50","diagnostic_automatic_5y","core","cat","true","diagnostic_automatic_5y","false","AU","Web Search","2026-10-07T11:21:38.145658+00:00"
"2022-12-11","automatic cat feeder","47","50.75","diagnostic_automatic_5y","core","cat","true","diagnostic_automatic_5y","false","AU","Web Search","2026-10-07T11:21:38.145658+00:00"
"2022-12-18","automatic cat feeder","47","51.5","diagnostic_automatic_5y","core","cat","true","diagnostic_automatic_5y","false","AU","Web Search","2026-10-07T11:21:38.145658+00:00"
"2022-12-25","automatic cat feeder","50","49.25","diagnostic_automatic_5y","core","cat","true","diagnostic_automatic_5y","false","AU","Web Search","2026-10-07T11:21:38.145658+00:00"
"2023-01-01","automatic cat feeder","36","45","diagnostic_automatic_5y","core","cat","true","diagnostic_automatic_5y","false","AU","Web Search","2026-10-07T11:21:38.145658+00:00"
"2023-01-08","automatic cat feeder","62","48.75","diagnostic_automatic_5y","core","cat","true","diagnostic_automatic_5y","false","AU","Web Search","2026-10-07T11:21:38.145658+00:00"
"2023-01-15","automatic cat feeder","52","50","diagnostic_automatic_5y","core","cat","true","diagnostic_automatic_5y","false","AU","Web Search","2026-10-07T11:21:38.145658+00:00"
"2023-01-22","automatic cat feeder","27","44.25","diagnostic_automatic_5y","core","cat","true","diagnostic_automatic_5y","false","AU","Web Search","2026-10-07T11:21:38.145658+00:00"
"2023-01-29","automatic cat feeder","0","35.25","diagnostic_automatic_5y","core","cat","true","diagnostic_automatic_5y","false","AU","Web Search","2026-10-07T11:21:38.145658+00:00"
"2023-02-05","automatic cat feeder","28","26.75","diagnostic_automatic_5y","core","cat","true","diagnostic_automatic_5y","false","AU","Web Search","2026-10-07T11:21:38.145658+00:00"
"2023-02-12","automatic cat feeder","0","13.75","diagnostic_automatic_5y","core","cat","true","diagnostic_automatic_5y","false","AU","Web Search","2026-10-07T11:21:38.145658+00:00"
"2023-02-19","automatic cat feeder","37","16.25","diagnostic_automatic_5y","core","cat","true","diagnostic_automatic_5y","false","AU","Web Search","2026-10-07T11:21:38.145658+00:00"
"2023-02-26","automatic cat feeder","40","26.25","diagnostic_automatic_5y","core","cat","true","diagnostic_automatic_5y","false","AU","Web Search","2026-10-07T11:21:38.145658+00:00"
"2023-03-05","automatic cat feeder","40","29.25","diagnostic_automatic_5y","core","cat","true","diagnostic_automatic_5y","false","AU","Web Search","2026-10-07T11:21:38.145658+00:00"
"2023-03-12","automatic cat feeder","39","39","diagnostic_automatic_5y","core","cat","true","diagnostic_automatic_5y","false","AU","Web Search","2026-10-07T11:21:38.145658+00:00"
"2023-03-19","automatic cat feeder","57","44","diagnostic_automatic_5y","core","cat","true","diagnostic_automatic_5y","false","AU","Web Search","2026-10-07T11:21:38.145658+00:00"
"2023-03-26","automatic cat feeder","35","42.75","diagnostic_automatic_5y","core","cat","true","diagnostic_automatic_5y","false","AU","Web Search","2026-10-07T11:21:38.145658+00:00"
"2023-04-02","automatic cat feeder","37","42","diagnostic_automatic_5y","core","cat","true","diagnostic_automatic_5y","false","AU","Web Search","2026-10-07T11:21:38.145658+00:00"
"2023-04-09","automatic cat feeder","0","32.25","diagnostic_automatic_5y","core","cat","true","diagnostic_automatic_5y","false","AU","Web Search","2026-10-07T11:21:38.145658+00:00"
"2023-04-16","automatic cat feeder","48","30","diagnostic_automatic_5y","core","cat","true","diagnostic_automatic_5y","false","AU","Web Search","2026-10-07T11:21:38.145658+00:00"
"2023-04-23","automatic cat feeder","40","31.25","diagnostic_automatic_5y","core","cat","true","diagnostic_automatic_5y","false","AU","Web Search","2026-10-07T11:21:38.145658+00:00"
"2023-04-30","automatic cat feeder","35","30.75","diagnostic_automatic_5y","core","cat","true","diagnostic_automatic_5y","false","AU","Web Search","2026-10-07T11:21:38.145658+00:00"
"2023-05-07","automatic cat feeder","39","40.5","diagnostic_automatic_5y","core","cat","true","diagnostic_automatic_5y","false","AU","Web Search","2026-10-07T11:21:38.145658+00:00"
"2023-05-14","automatic cat feeder","25","34.75","diagnostic_automatic_5y","core","cat","true","diagnostic_automatic_5y","false","AU","Web Search","2026-10-07T11:21:38.145658+00:00"
"2023-05-21","automatic cat feeder","40","34.75","diagnostic_automatic_5y","core","cat","true","diagnostic_automatic_5y","false","AU","Web Search","2026-10-07T11:21:38.145658+00:00"
"2023-05-28","automatic cat feeder","47","37.75","diagnostic_automatic_5y","core","cat","true","diagnostic_automatic_5y","false","AU","Web Search","2026-10-07T11:21:38.145658+00:00"
"2023-06-04","automatic cat feeder","35","36.75","diagnostic_automatic_5y","core","cat","true","diagnostic_automatic_5y","false","AU","Web Search","2026-10-07T11:21:38.145658+00:00"
"2023-06-11","automatic cat feeder","27","37.25","diagnostic_automatic_5y","core","cat","true","diagnostic_automatic_5y","false","AU","Web Search","2026-10-07T11:21:38.145658+00:00"
"2023-06-18","automatic cat feeder","0","27.25","diagnostic_automatic_5y","core","cat","true","diagnostic_automatic_5y","false","AU","Web Search","2026-10-07T11:21:38.145658+00:00"
"2023-06-25","automatic cat feeder","78","35","diagnostic_automatic_5y","core","cat","true","diagnostic_automatic_5y","false","AU","Web Search","2026-10-07T11:21:38.145658+00:00"
"2023-07-02","automatic cat feeder","64","42.25","diagnostic_automatic_5y","core","cat","true","diagnostic_automatic_5y","false","AU","Web Search","2026-10-07T11:21:38.145658+00:00"
"2023-07-09","automatic cat feeder","44","46.5","diagnostic_automatic_5y","core","cat","true","diagnostic_automatic_5y","false","AU","Web Search","2026-10-07T11:21:38.145658+00:00"
"2023-07-16","automatic cat feeder","0","46.5","diagnostic_automatic_5y","core","cat","true","diagnostic_automatic_5y","false","AU","Web Search","2026-10-07T11:21:38.145658+00:00"
"2023-07-23","automatic cat feeder","29","34.25","diagnostic_automatic_5y","core","cat","true","diagnostic_automatic_5y","false","AU","Web Search","2026-10-07T11:21:38.145658+00:00"
"2023-07-30","automatic cat feeder","0","18.25","diagnostic_automatic_5y","core","cat","true","diagnostic_automatic_5y","false","AU","Web Search","2026-10-07T11:21:38.145658+00:00"
"2023-08-06","automatic cat feeder","38","16.75","diagnostic_automatic_5y","core","cat","true","diagnostic_automatic_5y","false","AU","Web Search","2026-10-07T11:21:38.145658+00:00"
"2023-08-13","automatic cat feeder","39","26.5","diagnostic_automatic_5y","core","cat","true","diagnostic_automatic_5y","false","AU","Web Search","2026-10-07T11:21:38.145658+00:00"
"2023-08-20","automatic cat feeder","0","19.25","diagnostic_automatic_5y","core","cat","true","diagnostic_automatic_5y","false","AU","Web Search","2026-10-07T11:21:38.145658+00:00"
"2023-08-27","automatic cat feeder","38","28.75","diagnostic_automatic_5y","core","cat","true","diagnostic_automatic_5y","false","AU","Web Search","2026-10-07T11:21:38.145658+00:00"
"2023-09-03","automatic cat feeder","38","28.75","diagnostic_automatic_5y","core","cat","true","diagnostic_automatic_5y","false","AU","Web Search","2026-10-07T11:21:38.145658+00:00"
"2023-09-10","automatic cat feeder","0","19","diagnostic_automatic_5y","core","cat","true","diagnostic_automatic_5y","false","AU","Web Search","2026-10-07T11:21:38.145658+00:00"
"2023-09-17","automatic cat feeder","34","27.5","diagnostic_automatic_5y","core","cat","true","diagnostic_automatic_5y","false","AU","Web Search","2026-10-07T11:21:38.145658+00:00"
"2023-09-24","automatic cat feeder","37","27.25","diagnostic_automatic_5y","core","cat","true","diagnostic_automatic_5y","false","AU","Web Search","2026-10-07T11:21:38.145658+00:00"
"2023-10-01","automatic cat feeder","39","27.5","diagnostic_automatic_5y","core","cat","true","diagnostic_automatic_5y","false","AU","Web Search","2026-10-07T11:21:38.145658+00:00"
"2023-10-08","automatic cat feeder","26","34","diagnostic_automatic_5y","core","cat","true","diagnostic_automatic_5y","false","AU","Web Search","2026-10-07T11:21:38.145658+00:00"
"2023-10-15","automatic cat feeder","43","36.25","diagnostic_automatic_5y","core","cat","true","diagnostic_automatic_5y","false","AU","Web Search","2026-10-07T11:21:38.145658+00:00"
"2023-10-22","automatic cat feeder","38","36.5","diagnostic_automatic_5y","core","cat","true","diagnostic_automatic_5y","false","AU","Web Search","2026-10-07T11:21:38.145658+00:00"
"2023-10-29","automatic cat feeder","0","26.75","diagnostic_automatic_5y","core","cat","true","diagnostic_automatic_5y","false","AU","Web Search","2026-10-07T11:21:38.145658+00:00"
"2023-11-05","automatic cat feeder","41","30.5","diagnostic_automatic_5y","core","cat","true","diagnostic_automatic_5y","false","AU","Web Search","2026-10-07T11:21:38.145658+00:00"
"2023-11-12","automatic cat feeder","0","19.75","diagnostic_automatic_5y","core","cat","true","diagnostic_automatic_5y","false","AU","Web Search","2026-10-07T11:21:38.145658+00:00"
"2023-11-19","automatic cat feeder","37","19.5","diagnostic_automatic_5y","core","cat","true","diagnostic_automatic_5y","false","AU","Web Search","2026-10-07T11:21:38.145658+00:00"
"2023-11-26","automatic cat feeder","45","30.75","diagnostic_automatic_5y","core","cat","true","diagnostic_automatic_5y","false","AU","Web Search","2026-10-07T11:21:38.145658+00:00"
"2023-12-03","automatic cat feeder","69","37.75","diagnostic_automatic_5y","core","cat","true","diagnostic_automatic_5y","false","AU","Web Search","2026-10-07T11:21:38.145658+00:00"
"2023-12-10","automatic cat feeder","50","50.25","diagnostic_automatic_5y","core","cat","true","diagnostic_automatic_5y","false","AU","Web Search","2026-10-07T11:21:38.145658+00:00"
"2023-12-17","automatic cat feeder","83","61.75","diagnostic_automatic_5y","core","cat","true","diagnostic_automatic_5y","false","AU","Web Search","2026-10-07T11:21:38.145658+00:00"
"2023-12-24","automatic cat feeder","63","66.25","diagnostic_automatic_5y","core","cat","true","diagnostic_automatic_5y","false","AU","Web Search","2026-10-07T11:21:38.145658+00:00"
"2023-12-31","automatic cat feeder","57","63.25","diagnostic_automatic_5y","core","cat","true","diagnostic_automatic_5y","false","AU","Web Search","2026-10-07T11:21:38.145658+00:00"
"2024-01-07","automatic cat feeder","50","63.25","diagnostic_automatic_5y","core","cat","true","diagnostic_automatic_5y","false","AU","Web Search","2026-10-07T11:21:38.145658+00:00"
"2024-01-14","automatic cat feeder","0","42.5","diagnostic_automatic_5y","core","cat","true","diagnostic_automatic_5y","false","AU","Web Search","2026-10-07T11:21:38.145658+00:00"
"2024-01-21","automatic cat feeder","42","37.25","diagnostic_automatic_5y","core","cat","true","diagnostic_automatic_5y","false","AU","Web Search","2026-10-07T11:21:38.145658+00:00"
"2024-01-28","automatic cat feeder","44","34","diagnostic_automatic_5y","core","cat","true","diagnostic_automatic_5y","false","AU","Web Search","2026-10-07T11:21:38.145658+00:00"
"2024-02-04","automatic cat feeder","30","29","diagnostic_automatic_5y","core","cat","true","diagnostic_automatic_5y","false","AU","Web Search","2026-10-07T11:21:38.145658+00:00"
"2024-02-11","automatic cat feeder","28","36","diagnostic_automatic_5y","core","cat","true","diagnostic_automatic_5y","false","AU","Web Search","2026-10-07T11:21:38.145658+00:00"
"2024-02-18","automatic cat feeder","0","25.5","diagnostic_automatic_5y","core","cat","true","diagnostic_automatic_5y","false","AU","Web Search","2026-10-07T11:21:38.145658+00:00"
"2024-02-25","automatic cat feeder","49","26.75","diagnostic_automatic_5y","core","cat","true","diagnostic_automatic_5y","false","AU","Web Search","2026-10-07T11:21:38.145658+00:00"
"2024-03-03","automatic cat feeder","28","26.25","diagnostic_automatic_5y","core","cat","true","diagnostic_automatic_5y","false","AU","Web Search","2026-10-07T11:21:38.145658+00:00"
"2024-03-10","automatic cat feeder","28","26.25","diagnostic_automatic_5y","core","cat","true","diagnostic_automatic_5y","false","AU","Web Search","2026-10-07T11:21:38.145658+00:00"
"2024-03-17","automatic cat feeder","60","41.25","diagnostic_automatic_5y","core","cat","true","diagnostic_automatic_5y","false","AU","Web Search","2026-10-07T11:21:38.145658+00:00"
"2024-03-24","automatic cat feeder","48","41","diagnostic_automatic_5y","core","cat","true","diagnostic_automatic_5y","false","AU","Web Search","2026-10-07T11:21:38.145658+00:00"
"2024-03-31","automatic cat feeder","43","44.75","diagnostic_automatic_5y","core","cat","true","diagnostic_automatic_5y","false","AU","Web Search","2026-10-07T11:21:38.145658+00:00"
"2024-04-07","automatic cat feeder","47","49.5","diagnostic_automatic_5y","core","cat","true","diagnostic_automatic_5y","false","AU","Web Search","2026-10-07T11:21:38.145658+00:00"
"2024-04-14","automatic cat feeder","33","42.75","diagnostic_automatic_5y","core","cat","true","diagnostic_automatic_5y","false","AU","Web Search","2026-10-07T11:21:38.145658+00:00"
"2024-04-21","automatic cat feeder","50","43.25","diagnostic_automatic_5y","core","cat","true","diagnostic_automatic_5y","false","AU","Web Search","2026-10-07T11:21:38.145658+00:00"
"2024-04-28","automatic cat feeder","40","42.5","diagnostic_automatic_5y","core","cat","true","diagnostic_automatic_5y","false","AU","Web Search","2026-10-07T11:21:38.145658+00:00"
"2024-05-05","automatic cat feeder","37","40","diagnostic_automatic_5y","core","cat","true","diagnostic_automatic_5y","false","AU","Web Search","2026-10-07T11:21:38.145658+00:00"
"2024-05-12","automatic cat feeder","31","39.5","diagnostic_automatic_5y","core","cat","true","diagnostic_automatic_5y","false","AU","Web Search","2026-10-07T11:21:38.145658+00:00"
"2024-05-19","automatic cat feeder","48","39","diagnostic_automatic_5y","core","cat","true","diagnostic_automatic_5y","false","AU","Web Search","2026-10-07T11:21:38.145658+00:00"
"2024-05-26","automatic cat feeder","37","38.25","diagnostic_automatic_5y","core","cat","true","diagnostic_automatic_5y","false","AU","Web Search","2026-10-07T11:21:38.145658+00:00"
"2024-06-02","automatic cat feeder","47","40.75","diagnostic_automatic_5y","core","cat","true","diagnostic_automatic_5y","false","AU","Web Search","2026-10-07T11:21:38.145658+00:00"
"2024-06-09","automatic cat feeder","42","43.5","diagnostic_automatic_5y","core","cat","true","diagnostic_automatic_5y","false","AU","Web Search","2026-10-07T11:21:38.145658+00:00"
"2024-06-16","automatic cat feeder","44","42.5","diagnostic_automatic_5y","core","cat","true","diagnostic_automatic_5y","false","AU","Web Search","2026-10-07T11:21:38.145658+00:00"
"2024-06-23","automatic cat feeder","46","44.75","diagnostic_automatic_5y","core","cat","true","diagnostic_automatic_5y","false","AU","Web Search","2026-10-07T11:21:38.145658+00:00"
"2024-06-30","automatic cat feeder","40","43","diagnostic_automatic_5y","core","cat","true","diagnostic_automatic_5y","false","AU","Web Search","2026-10-07T11:21:38.145658+00:00"
"2024-07-07","automatic cat feeder","49","44.75","diagnostic_automatic_5y","core","cat","true","diagnostic_automatic_5y","false","AU","Web Search","2026-10-07T11:21:38.145658+00:00"
"2024-07-14","automatic cat feeder","36","42.75","diagnostic_automatic_5y","core","cat","true","diagnostic_automatic_5y","false","AU","Web Search","2026-10-07T11:21:38.145658+00:00"
"2024-07-21","automatic cat feeder","54","44.75","diagnostic_automatic_5y","core","cat","true","diagnostic_automatic_5y","false","AU","Web Search","2026-10-07T11:21:38.145658+00:00"
"2024-07-28","automatic cat feeder","57","49","diagnostic_automatic_5y","core","cat","true","diagnostic_automatic_5y","false","AU","Web Search","2026-10-07T11:21:38.145658+00:00"
"2024-08-04","automatic cat feeder","42","47.25","diagnostic_automatic_5y","core","cat","true","diagnostic_automatic_5y","false","AU","Web Search","2026-10-07T11:21:38.145658+00:00"
"2024-08-11","automatic cat feeder","42","48.75","diagnostic_automatic_5y","core","cat","true","diagnostic_automatic_5y","false","AU","Web Search","2026-10-07T11:21:38.145658+00:00"
"2024-08-18","automatic cat feeder","72","53.25","diagnostic_automatic_5y","core","cat","true","diagnostic_automatic_5y","false","AU","Web Search","2026-10-07T11:21:38.145658+00:00"
"2024-08-25","automatic cat feeder","35","47.75","diagnostic_automatic_5y","core","cat","true","diagnostic_automatic_5y","false","AU","Web Search","2026-10-07T11:21:38.145658+00:00"
"2024-09-01","automatic cat feeder","0","37.25","diagnostic_automatic_5y","core","cat","true","diagnostic_automatic_5y","false","AU","Web Search","2026-10-07T11:21:38.145658+00:00"
"2024-09-08","automatic cat feeder","55","40.5","diagnostic_automatic_5y","core","cat","true","diagnostic_automatic_5y","false","AU","Web Search","2026-10-07T11:21:38.145658+00:00"
"2024-09-15","automatic cat feeder","53","35.75","diagnostic_automatic_5y","core","cat","true","diagnostic_automatic_5y","false","AU","Web Search","2026-10-07T11:21:38.145658+00:00"
"2024-09-22","automatic cat feeder","45","38.25","diagnostic_automatic_5y","core","cat","true","diagnostic_automatic_5y","false","AU","Web Search","2026-10-07T11:21:38.145658+00:00"
"2024-09-29","automatic cat feeder","75","57","diagnostic_automatic_5y","core","cat","true","diagnostic_automatic_5y","false","AU","Web Search","2026-10-07T11:21:38.145658+00:00"
"2024-10-06","automatic cat feeder","0","43.25","diagnostic_automatic_5y","core","cat","true","diagnostic_automatic_5y","false","AU","Web Search","2026-10-07T11:21:38.145658+00:00"
"2024-10-13","automatic cat feeder","43","40.75","diagnostic_automatic_5y","core","cat","true","diagnostic_automatic_5y","false","AU","Web Search","2026-10-07T11:21:38.145658+00:00"
"2024-10-20","automatic cat feeder","68","46.5","diagnostic_automatic_5y","core","cat","true","diagnostic_automatic_5y","false","AU","Web Search","2026-10-07T11:21:38.145658+00:00"
"2024-10-27","automatic cat feeder","34","36.25","diagnostic_automatic_5y","core","cat","true","diagnostic_automatic_5y","false","AU","Web Search","2026-10-07T11:21:38.145658+00:00"
"2024-11-03","automatic cat feeder","61","51.5","diagnostic_automatic_5y","core","cat","true","diagnostic_automatic_5y","false","AU","Web Search","2026-10-07T11:21:38.145658+00:00"
"2024-11-10","automatic cat feeder","26","47.25","diagnostic_automatic_5y","core","cat","true","diagnostic_automatic_5y","false","AU","Web Search","2026-10-07T11:21:38.145658+00:00"
"2024-11-17","automatic cat feeder","46","41.75","diagnostic_automatic_5y","core","cat","true","diagnostic_automatic_5y","false","AU","Web Search","2026-10-07T11:21:38.145658+00:00"
"2024-11-24","automatic cat feeder","65","49.5","diagnostic_automatic_5y","core","cat","true","diagnostic_automatic_5y","false","AU","Web Search","2026-10-07T11:21:38.145658+00:00"
"2024-12-01","automatic cat feeder","65","50.5","diagnostic_automatic_5y","core","cat","true","diagnostic_automatic_5y","false","AU","Web Search","2026-10-07T11:21:38.145658+00:00"
"2024-12-08","automatic cat feeder","53","57.25","diagnostic_automatic_5y","core","cat","true","diagnostic_automatic_5y","false","AU","Web Search","2026-10-07T11:21:38.145658+00:00"
"2024-12-15","automatic cat feeder","79","65.5","diagnostic_automatic_5y","core","cat","true","diagnostic_automatic_5y","false","AU","Web Search","2026-10-07T11:21:38.145658+00:00"
"2024-12-22","automatic cat feeder","79","69","diagnostic_automatic_5y","core","cat","true","diagnostic_automatic_5y","false","AU","Web Search","2026-10-07T11:21:38.145658+00:00"
"2024-12-29","automatic cat feeder","59","67.5","diagnostic_automatic_5y","core","cat","true","diagnostic_automatic_5y","false","AU","Web Search","2026-10-07T11:21:38.145658+00:00"
"2025-01-05","automatic cat feeder","34","62.75","diagnostic_automatic_5y","core","cat","true","diagnostic_automatic_5y","false","AU","Web Search","2026-10-07T11:21:38.145658+00:00"
"2025-01-12","automatic cat feeder","42","53.5","diagnostic_automatic_5y","core","cat","true","diagnostic_automatic_5y","false","AU","Web Search","2026-10-07T11:21:38.145658+00:00"
"2025-01-19","automatic cat feeder","39","43.5","diagnostic_automatic_5y","core","cat","true","diagnostic_automatic_5y","false","AU","Web Search","2026-10-07T11:21:38.145658+00:00"
"2025-01-26","automatic cat feeder","60","43.75","diagnostic_automatic_5y","core","cat","true","diagnostic_automatic_5y","false","AU","Web Search","2026-10-07T11:21:38.145658+00:00"
"2025-02-02","automatic cat feeder","0","35.25","diagnostic_automatic_5y","core","cat","true","diagnostic_automatic_5y","false","AU","Web Search","2026-10-07T11:21:38.145658+00:00"
"2025-02-09","automatic cat feeder","31","32.5","diagnostic_automatic_5y","core","cat","true","diagnostic_automatic_5y","false","AU","Web Search","2026-10-07T11:21:38.145658+00:00"
"2025-02-16","automatic cat feeder","27","29.5","diagnostic_automatic_5y","core","cat","true","diagnostic_automatic_5y","false","AU","Web Search","2026-10-07T11:21:38.145658+00:00"
"2025-02-23","automatic cat feeder","36","23.5","diagnostic_automatic_5y","core","cat","true","diagnostic_automatic_5y","false","AU","Web Search","2026-10-07T11:21:38.145658+00:00"
"2025-03-02","automatic cat feeder","47","35.25","diagnostic_automatic_5y","core","cat","true","diagnostic_automatic_5y","false","AU","Web Search","2026-10-07T11:21:38.145658+00:00"
"2025-03-09","automatic cat feeder","35","36.25","diagnostic_automatic_5y","core","cat","true","diagnostic_automatic_5y","false","AU","Web Search","2026-10-07T11:21:38.145658+00:00"
"2025-03-16","automatic cat feeder","36","38.5","diagnostic_automatic_5y","core","cat","true","diagnostic_automatic_5y","false","AU","Web Search","2026-10-07T11:21:38.145658+00:00"
"2025-03-23","automatic cat feeder","35","38.25","diagnostic_automatic_5y","core","cat","true","diagnostic_automatic_5y","false","AU","Web Search","2026-10-07T11:21:38.145658+00:00"
"2025-03-30","automatic cat feeder","34","35","diagnostic_automatic_5y","core","cat","true","diagnostic_automatic_5y","false","AU","Web Search","2026-10-07T11:21:38.145658+00:00"
"2025-04-06","automatic cat feeder","54","39.75","diagnostic_automatic_5y","core","cat","true","diagnostic_automatic_5y","false","AU","Web Search","2026-10-07T11:21:38.145658+00:00"
"2025-04-13","automatic cat feeder","62","46.25","diagnostic_automatic_5y","core","cat","true","diagnostic_automatic_5y","false","AU","Web Search","2026-10-07T11:21:38.145658+00:00"
"2025-04-20","automatic cat feeder","48","49.5","diagnostic_automatic_5y","core","cat","true","diagnostic_automatic_5y","false","AU","Web Search","2026-10-07T11:21:38.145658+00:00"
"2025-04-27","automatic cat feeder","58","55.5","diagnostic_automatic_5y","core","cat","true","diagnostic_automatic_5y","false","AU","Web Search","2026-10-07T11:21:38.145658+00:00"
"2025-05-04","automatic cat feeder","43","52.75","diagnostic_automatic_5y","core","cat","true","diagnostic_automatic_5y","false","AU","Web Search","2026-10-07T11:21:38.145658+00:00"
"2025-05-11","automatic cat feeder","39","47","diagnostic_automatic_5y","core","cat","true","diagnostic_automatic_5y","false","AU","Web Search","2026-10-07T11:21:38.145658+00:00"
"2025-05-18","automatic cat feeder","34","43.5","diagnostic_automatic_5y","core","cat","true","diagnostic_automatic_5y","false","AU","Web Search","2026-10-07T11:21:38.145658+00:00"
"2025-05-25","automatic cat feeder","0","29","diagnostic_automatic_5y","core","cat","true","diagnostic_automatic_5y","false","AU","Web Search","2026-10-07T11:21:38.145658+00:00"
"2025-06-01","automatic cat feeder","53","31.5","diagnostic_automatic_5y","core","cat","true","diagnostic_automatic_5y","false","AU","Web Search","2026-10-07T11:21:38.145658+00:00"
"2025-06-08","automatic cat feeder","39","31.5","diagnostic_automatic_5y","core","cat","true","diagnostic_automatic_5y","false","AU","Web Search","2026-10-07T11:21:38.145658+00:00"
"2025-06-15","automatic cat feeder","42","33.5","diagnostic_automatic_5y","core","cat","true","diagnostic_automatic_5y","false","AU","Web Search","2026-10-07T11:21:38.145658+00:00"
"2025-06-22","automatic cat feeder","46","45","diagnostic_automatic_5y","core","cat","true","diagnostic_automatic_5y","false","AU","Web Search","2026-10-07T11:21:38.145658+00:00"
"2025-06-29","automatic cat feeder","44","42.75","diagnostic_automatic_5y","core","cat","true","diagnostic_automatic_5y","false","AU","Web Search","2026-10-07T11:21:38.145658+00:00"
"2025-07-06","automatic cat feeder","50","45.5","diagnostic_automatic_5y","core","cat","true","diagnostic_automatic_5y","false","AU","Web Search","2026-10-07T11:21:38.145658+00:00"
"2025-07-13","automatic cat feeder","45","46.25","diagnostic_automatic_5y","core","cat","true","diagnostic_automatic_5y","false","AU","Web Search","2026-10-07T11:21:38.145658+00:00"
"2025-07-20","automatic cat feeder","39","44.5","diagnostic_automatic_5y","core","cat","true","diagnostic_automatic_5y","false","AU","Web Search","2026-10-07T11:21:38.145658+00:00"
"2025-07-27","automatic cat feeder","46","45","diagnostic_automatic_5y","core","cat","true","diagnostic_automatic_5y","false","AU","Web Search","2026-10-07T11:21:38.145658+00:00"
"2025-08-03","automatic cat feeder","68","49.5","diagnostic_automatic_5y","core","cat","true","diagnostic_automatic_5y","false","AU","Web Search","2026-10-07T11:21:38.145658+00:00"
"2025-08-10","automatic cat feeder","42","48.75","diagnostic_automatic_5y","core","cat","true","diagnostic_automatic_5y","false","AU","Web Search","2026-10-07T11:21:38.145658+00:00"
"2025-08-17","automatic cat feeder","27","45.75","diagnostic_automatic_5y","core","cat","true","diagnostic_automatic_5y","false","AU","Web Search","2026-10-07T11:21:38.145658+00:00"
"2025-08-24","automatic cat feeder","58","48.75","diagnostic_automatic_5y","core","cat","true","diagnostic_automatic_5y","false","AU","Web Search","2026-10-07T11:21:38.145658+00:00"
"2025-08-31","automatic cat feeder","40","41.75","diagnostic_automatic_5y","core","cat","true","diagnostic_automatic_5y","false","AU","Web Search","2026-10-07T11:21:38.145658+00:00"
"2025-09-07","automatic cat feeder","41","41.5","diagnostic_automatic_5y","core","cat","true","diagnostic_automatic_5y","false","AU","Web Search","2026-10-07T11:21:38.145658+00:00"
"2025-09-14","automatic cat feeder","62","50.25","diagnostic_automatic_5y","core","cat","true","diagnostic_automatic_5y","false","AU","Web Search","2026-10-07T11:21:38.145658+00:00"
"2025-09-21","automatic cat feeder","78","55.25","diagnostic_automatic_5y","core","cat","true","diagnostic_automatic_5y","false","AU","Web Search","2026-10-07T11:21:38.145658+00:00"
"2025-09-28","automatic cat feeder","63","61","diagnostic_automatic_5y","core","cat","true","diagnostic_automatic_5y","false","AU","Web Search","2026-10-07T11:21:38.145658+00:00"
"2025-10-05","automatic cat feeder","66","67.25","diagnostic_automatic_5y","core","cat","true","diagnostic_automatic_5y","false","AU","Web Search","2026-10-07T11:21:38.145658+00:00"
"2025-10-12","automatic cat feeder","55","65.5","diagnostic_automatic_5y","core","cat","true","diagnostic_automatic_5y","false","AU","Web Search","2026-10-07T11:21:38.145658+00:00"
"2025-10-19","automatic cat feeder","53","59.25","diagnostic_automatic_5y","core","cat","true","diagnostic_automatic_5y","false","AU","Web Search","2026-10-07T11:21:38.145658+00:00"
"2025-10-26","automatic cat feeder","61","58.75","diagnostic_automatic_5y","core","cat","true","diagnostic_automatic_5y","false","AU","Web Search","2026-10-07T11:21:38.145658+00:00"
"2025-11-02","automatic cat feeder","47","54","diagnostic_automatic_5y","core","cat","true","diagnostic_automatic_5y","false","AU","Web Search","2026-10-07T11:21:38.145658+00:00"
"2025-11-09","automatic cat feeder","39","50","diagnostic_automatic_5y","core","cat","true","diagnostic_automatic_5y","false","AU","Web Search","2026-10-07T11:21:38.145658+00:00"
"2025-11-16","automatic cat feeder","51","49.5","diagnostic_automatic_5y","core","cat","true","diagnostic_automatic_5y","false","AU","Web Search","2026-10-07T11:21:38.145658+00:00"
"2025-11-23","automatic cat feeder","56","48.25","diagnostic_automatic_5y","core","cat","true","diagnostic_automatic_5y","false","AU","Web Search","2026-10-07T11:21:38.145658+00:00"
"2025-11-30","automatic cat feeder","57","50.75","diagnostic_automatic_5y","core","cat","true","diagnostic_automatic_5y","false","AU","Web Search","2026-10-07T11:21:38.145658+00:00"
"2025-12-07","automatic cat feeder","67","57.75","diagnostic_automatic_5y","core","cat","true","diagnostic_automatic_5y","false","AU","Web Search","2026-10-07T11:21:38.145658+00:00"
"2025-12-14","automatic cat feeder","78","64.5","diagnostic_automatic_5y","core","cat","true","diagnostic_automatic_5y","false","AU","Web Search","2026-10-07T11:21:38.145658+00:00"
"2025-12-21","automatic cat feeder","75","69.25","diagnostic_automatic_5y","core","cat","true","diagnostic_automatic_5y","false","AU","Web Search","2026-10-07T11:21:38.145658+00:00"
"2025-12-28","automatic cat feeder","63","70.75","diagnostic_automatic_5y","core","cat","true","diagnostic_automatic_5y","false","AU","Web Search","2026-10-07T11:21:38.145658+00:00"
"2026-01-04","automatic cat feeder","53","67.25","diagnostic_automatic_5y","core","cat","true","diagnostic_automatic_5y","false","AU","Web Search","2026-10-07T11:21:38.145658+00:00"
"2026-01-11","automatic cat feeder","54","61.25","diagnostic_automatic_5y","core","cat","true","diagnostic_automatic_5y","false","AU","Web Search","2026-10-07T11:21:38.145658+00:00"
"2026-01-18","automatic cat feeder","54","56","diagnostic_automatic_5y","core","cat","true","diagnostic_automatic_5y","false","AU","Web Search","2026-10-07T11:21:38.145658+00:00"
"2026-01-25","automatic cat feeder","60","55.25","diagnostic_automatic_5y","core","cat","true","diagnostic_automatic_5y","false","AU","Web Search","2026-10-07T11:21:38.145658+00:00"
"2026-02-01","automatic cat feeder","53","55.25","diagnostic_automatic_5y","core","cat","true","diagnostic_automatic_5y","false","AU","Web Search","2026-10-07T11:21:38.145658+00:00"
"2026-02-08","automatic cat feeder","37","51","diagnostic_automatic_5y","core","cat","true","diagnostic_automatic_5y","false","AU","Web Search","2026-10-07T11:21:38.145658+00:00"
"2026-02-15","automatic cat feeder","68","54.5","diagnostic_automatic_5y","core","cat","true","diagnostic_automatic_5y","false","AU","Web Search","2026-10-07T11:21:38.145658+00:00"
"2026-02-22","automatic cat feeder","57","53.75","diagnostic_automatic_5y","core","cat","true","diagnostic_automatic_5y","false","AU","Web Search","2026-10-07T11:21:38.145658+00:00"
"2026-03-01","automatic cat feeder","47","52.25","diagnostic_automatic_5y","core","cat","true","diagnostic_automatic_5y","false","AU","Web Search","2026-10-07T11:21:38.145658+00:00"
"2026-03-08","automatic cat feeder","48","55","diagnostic_automatic_5y","core","cat","true","diagnostic_automatic_5y","false","AU","Web Search","2026-10-07T11:21:38.145658+00:00"
"2026-03-15","automatic cat feeder","47","49.75","diagnostic_automatic_5y","core","cat","true","diagnostic_automatic_5y","false","AU","Web Search","2026-10-07T11:21:38.145658+00:00"
"2026-03-22","automatic cat feeder","43","46.25","diagnostic_automatic_5y","core","cat","true","diagnostic_automatic_5y","false","AU","Web Search","2026-10-07T11:21:38.145658+00:00"
"2026-03-29","automatic cat feeder","100","59.5","diagnostic_automatic_5y","core","cat","true","diagnostic_automatic_5y","false","AU","Web Search","2026-10-07T11:21:38.145658+00:00"
"2026-04-05","automatic cat feeder","77","66.75","diagnostic_automatic_5y","core","cat","true","diagnostic_automatic_5y","false","AU","Web Search","2026-10-07T11:21:38.145658+00:00"
"2026-04-12","automatic cat feeder","81","75.25","diagnostic_automatic_5y","core","cat","true","diagnostic_automatic_5y","false","AU","Web Search","2026-10-07T11:21:38.145658+00:00"
"2026-04-19","automatic cat feeder","44","75.5","diagnostic_automatic_5y","core","cat","true","diagnostic_automatic_5y","false","AU","Web Search","2026-10-07T11:21:38.145658+00:00"
"2026-04-26","automatic cat feeder","49","62.75","diagnostic_automatic_5y","core","cat","true","diagnostic_automatic_5y","false","AU","Web Search","2026-10-07T11:21:38.145658+00:00"
"2026-05-03","automatic cat feeder","65","59.75","diagnostic_automatic_5y","core","cat","true","diagnostic_automatic_5y","false","AU","Web Search","2026-10-07T11:21:38.145658+00:00"
"2026-05-10","automatic cat feeder","56","53.5","diagnostic_automatic_5y","core","cat","true","diagnostic_automatic_5y","false","AU","Web Search","2026-10-07T11:21:38.145658+00:00"
"2026-05-17","automatic cat feeder","29","49.75","diagnostic_automatic_5y","core","cat","true","diagnostic_automatic_5y","false","AU","Web Search","2026-10-07T11:21:38.145658+00:00"
"2026-05-24","automatic cat feeder","55","51.25","diagnostic_automatic_5y","core","cat","true","diagnostic_automatic_5y","false","AU","Web Search","2026-10-07T11:21:38.145658+00:00"
"2026-05-31","automatic cat feeder","43","45.75","diagnostic_automatic_5y","core","cat","true","diagnostic_automatic_5y","false","AU","Web Search","2026-10-07T11:21:38.145658+00:00"
"2026-06-07","automatic cat feeder","34","40.25","diagnostic_automatic_5y","core","cat","true","diagnostic_automatic_5y","false","AU","Web Search","2026-10-07T11:21:38.145658+00:00"
"2026-06-14","automatic cat feeder","62","48.5","diagnostic_automatic_5y","core","cat","true","diagnostic_automatic_5y","false","AU","Web Search","2026-10-07T11:21:38.145658+00:00"
"2026-06-21","automatic cat feeder","64","50.75","diagnostic_automatic_5y","core","cat","true","diagnostic_automatic_5y","false","AU","Web Search","2026-10-07T11:21:38.145658+00:00"
"2026-06-28","automatic cat feeder","60","55","diagnostic_automatic_5y","core","cat","true","diagnostic_automatic_5y","false","AU","Web Search","2026-10-07T11:21:38.145658+00:00"
"2026-07-05","automatic cat feeder","73","64.75","diagnostic_automatic_5y","core","cat","true","diagnostic_automatic_5y","false","AU","Web Search","2026-10-07T11:21:38.145658+00:00"
"2026-07-12","automatic cat feeder","60","64.25","diagnostic_automatic_5y","core","cat","true","diagnostic_automatic_5y","false","AU","Web Search","2026-10-07T11:21:38.145658+00:00"
"2026-07-19","automatic cat feeder","42","58.75","diagnostic_automatic_5y","core","cat","true","diagnostic_automatic_5y","false","AU","Web Search","2026-10-07T11:21:38.145658+00:00"
"2026-07-26","automatic cat feeder","29","51","diagnostic_automatic_5y","core","cat","true","diagnostic_automatic_5y","false","AU","Web Search","2026-10-07T11:21:38.145658+00:00"
"2026-08-02","automatic cat feeder","42","43.25","diagnostic_automatic_5y","core","cat","true","diagnostic_automatic_5y","false","AU","Web Search","2026-10-07T11:21:38.145658+00:00"
"2026-08-09","automatic cat feeder","48","40.25","diagnostic_automatic_5y","core","cat","true","diagnostic_automatic_5y","false","AU","Web Search","2026-10-07T11:21:38.145658+00:00"
"2026-08-16","automatic cat feeder","60","44.75","diagnostic_automatic_5y","core","cat","true","diagnostic_automatic_5y","false","AU","Web Search","2026-10-07T11:21:38.145658+00:00"
"2026-08-23","automatic cat feeder","73","55.75","diagnostic_automatic_5y","core","cat","true","diagnostic_automatic_5y","false","AU","Web Search","2026-10-07T11:21:38.145658+00:00"
"2026-08-30","automatic cat feeder","50","57.75","diagnostic_automatic_5y","core","cat","true","diagnostic_automatic_5y","false","AU","Web Search","2026-10-07T11:21:38.145658+00:00"
"2026-09-06","automatic cat feeder","51","58.5","diagnostic_automatic_5y","core","cat","true","diagnostic_automatic_5y","false","AU","Web Search","2026-10-07T11:21:38.145658+00:00"
"2026-09-13","automatic cat feeder","51","56.25","diagnostic_automatic_5y","core","cat","true","diagnostic_automatic_5y","false","AU","Web Search","2026-10-07T11:21:38.145658+00:00"
"2026-09-20","automatic cat feeder","49","50.25","diagnostic_automatic_5y","core","cat","true","diagnostic_automatic_5y","false","AU","Web Search","2026-10-07T11:21:38.145658+00:00"
"2026-09-27","automatic cat feeder","69","55","diagnostic_automatic_5y","core","cat","true","diagnostic_automatic_5y","false","AU","Web Search","2026-10-07T11:21:38.145658+00:00"
"2026-10-04","automatic cat feeder","56","56.25","diagnostic_automatic_5y","core","cat","true","diagnostic_automatic_5y","true","AU","Web Search","2026-10-07T11:21:38.145658+00:00"
"2021-10-03","automatic dog feeder","0",,"diagnostic_automatic_5y","diagnostic","dog","false","diagnostic_automatic_5y","true","AU","Web Search","2026-10-07T11:21:38.145658+00:00"
"2021-10-10","automatic dog feeder","33",,"diagnostic_automatic_5y","diagnostic","dog","false","diagnostic_automatic_5y","false","AU","Web Search","2026-10-07T11:21:38.145658+00:00"
"2021-10-17","automatic dog feeder","0",,"diagnostic_automatic_5y","diagnostic","dog","false","diagnostic_automatic_5y","false","AU","Web Search","2026-10-07T11:21:38.145658+00:00"
"2021-10-24","automatic dog feeder","0","8.25","diagnostic_automatic_5y","diagnostic","dog","false","diagnostic_automatic_5y","false","AU","Web Search","2026-10-07T11:21:38.145658+00:00"
"2021-10-31","automatic dog feeder","0","8.25","diagnostic_automatic_5y","diagnostic","dog","false","diagnostic_automatic_5y","false","AU","Web Search","2026-10-07T11:21:38.145658+00:00"
"2021-11-07","automatic dog feeder","0","0","diagnostic_automatic_5y","diagnostic","dog","false","diagnostic_automatic_5y","false","AU","Web Search","2026-10-07T11:21:38.145658+00:00"
"2021-11-14","automatic dog feeder","0","0","diagnostic_automatic_5y","diagnostic","dog","false","diagnostic_automatic_5y","false","AU","Web Search","2026-10-07T11:21:38.145658+00:00"
"2021-11-21","automatic dog feeder","32","8","diagnostic_automatic_5y","diagnostic","dog","false","diagnostic_automatic_5y","false","AU","Web Search","2026-10-07T11:21:38.145658+00:00"
"2021-11-28","automatic dog feeder","0","8","diagnostic_automatic_5y","diagnostic","dog","false","diagnostic_automatic_5y","false","AU","Web Search","2026-10-07T11:21:38.145658+00:00"
"2021-12-05","automatic dog feeder","0","8","diagnostic_automatic_5y","diagnostic","dog","false","diagnostic_automatic_5y","false","AU","Web Search","2026-10-07T11:21:38.145658+00:00"
"2021-12-12","automatic dog feeder","0","8","diagnostic_automatic_5y","diagnostic","dog","false","diagnostic_automatic_5y","false","AU","Web Search","2026-10-07T11:21:38.145658+00:00"
"2021-12-19","automatic dog feeder","0","0","diagnostic_automatic_5y","diagnostic","dog","false","diagnostic_automatic_5y","false","AU","Web Search","2026-10-07T11:21:38.145658+00:00"
"2021-12-26","automatic dog feeder","0","0","diagnostic_automatic_5y","diagnostic","dog","false","diagnostic_automatic_5y","false","AU","Web Search","2026-10-07T11:21:38.145658+00:00"
"2022-01-02","automatic dog feeder","0","0","diagnostic_automatic_5y","diagnostic","dog","false","diagnostic_automatic_5y","false","AU","Web Search","2026-10-07T11:21:38.145658+00:00"
"2022-01-09","automatic dog feeder","0","0","diagnostic_automatic_5y","diagnostic","dog","false","diagnostic_automatic_5y","false","AU","Web Search","2026-10-07T11:21:38.145658+00:00"
"2022-01-16","automatic dog feeder","0","0","diagnostic_automatic_5y","diagnostic","dog","false","diagnostic_automatic_5y","false","AU","Web Search","2026-10-07T11:21:38.145658+00:00"
"2022-01-23","automatic dog feeder","32","8","diagnostic_automatic_5y","diagnostic","dog","false","diagnostic_automatic_5y","false","AU","Web Search","2026-10-07T11:21:38.145658+00:00"
"2022-01-30","automatic dog feeder","0","8","diagnostic_automatic_5y","diagnostic","dog","false","diagnostic_automatic_5y","false","AU","Web Search","2026-10-07T11:21:38.145658+00:00"
"2022-02-06","automatic dog feeder","0","8","diagnostic_automatic_5y","diagnostic","dog","false","diagnostic_automatic_5y","false","AU","Web Search","2026-10-07T11:21:38.145658+00:00"
"2022-02-13","automatic dog feeder","0","8","diagnostic_automatic_5y","diagnostic","dog","false","diagnostic_automatic_5y","false","AU","Web Search","2026-10-07T11:21:38.145658+00:00"
"2022-02-20","automatic dog feeder","0","0","diagnostic_automatic_5y","diagnostic","dog","false","diagnostic_automatic_5y","false","AU","Web Search","2026-10-07T11:21:38.145658+00:00"
"2022-02-27","automatic dog feeder","0","0","diagnostic_automatic_5y","diagnostic","dog","false","diagnostic_automatic_5y","false","AU","Web Search","2026-10-07T11:21:38.145658+00:00"
"2022-03-06","automatic dog feeder","0","0","diagnostic_automatic_5y","diagnostic","dog","false","diagnostic_automatic_5y","false","AU","Web Search","2026-10-07T11:21:38.145658+00:00"
"2022-03-13","automatic dog feeder","27","6.75","diagnostic_automatic_5y","diagnostic","dog","false","diagnostic_automatic_5y","false","AU","Web Search","2026-10-07T11:21:38.145658+00:00"
"2022-03-20","automatic dog feeder","0","6.75","diagnostic_automatic_5y","diagnostic","dog","false","diagnostic_automatic_5y","false","AU","Web Search","2026-10-07T11:21:38.145658+00:00"
"2022-03-27","automatic dog feeder","0","6.75","diagnostic_automatic_5y","diagnostic","dog","false","diagnostic_automatic_5y","false","AU","Web Search","2026-10-07T11:21:38.145658+00:00"
"2022-04-03","automatic dog feeder","0","6.75","diagnostic_automatic_5y","diagnostic","dog","false","diagnostic_automatic_5y","false","AU","Web Search","2026-10-07T11:21:38.145658+00:00"
"2022-04-10","automatic dog feeder","0","0","diagnostic_automatic_5y","diagnostic","dog","false","diagnostic_automatic_5y","false","AU","Web Search","2026-10-07T11:21:38.145658+00:00"
"2022-04-17","automatic dog feeder","0","0","diagnostic_automatic_5y","diagnostic","dog","false","diagnostic_automatic_5y","false","AU","Web Search","2026-10-07T11:21:38.145658+00:00"
"2022-04-24","automatic dog feeder","0","0","diagnostic_automatic_5y","diagnostic","dog","false","diagnostic_automatic_5y","false","AU","Web Search","2026-10-07T11:21:38.145658+00:00"
"2022-05-01","automatic dog feeder","0","0","diagnostic_automatic_5y","diagnostic","dog","false","diagnostic_automatic_5y","false","AU","Web Search","2026-10-07T11:21:38.145658+00:00"
"2022-05-08","automatic dog feeder","0","0","diagnostic_automatic_5y","diagnostic","dog","false","diagnostic_automatic_5y","false","AU","Web Search","2026-10-07T11:21:38.145658+00:00"
"2022-05-15","automatic dog feeder","0","0","diagnostic_automatic_5y","diagnostic","dog","false","diagnostic_automatic_5y","false","AU","Web Search","2026-10-07T11:21:38.145658+00:00"
"2022-05-22","automatic dog feeder","0","0","diagnostic_automatic_5y","diagnostic","dog","false","diagnostic_automatic_5y","false","AU","Web Search","2026-10-07T11:21:38.145658+00:00"
"2022-05-29","automatic dog feeder","0","0","diagnostic_automatic_5y","diagnostic","dog","false","diagnostic_automatic_5y","false","AU","Web Search","2026-10-07T11:21:38.145658+00:00"
"2022-06-05","automatic dog feeder","0","0","diagnostic_automatic_5y","diagnostic","dog","false","diagnostic_automatic_5y","false","AU","Web Search","2026-10-07T11:21:38.145658+00:00"
"2022-06-12","automatic dog feeder","0","0","diagnostic_automatic_5y","diagnostic","dog","false","diagnostic_automatic_5y","false","AU","Web Search","2026-10-07T11:21:38.145658+00:00"
"2022-06-19","automatic dog feeder","33","8.25","diagnostic_automatic_5y","diagnostic","dog","false","diagnostic_automatic_5y","false","AU","Web Search","2026-10-07T11:21:38.145658+00:00"
"2022-06-26","automatic dog feeder","0","8.25","diagnostic_automatic_5y","diagnostic","dog","false","diagnostic_automatic_5y","false","AU","Web Search","2026-10-07T11:21:38.145658+00:00"
"2022-07-03","automatic dog feeder","0","8.25","diagnostic_automatic_5y","diagnostic","dog","false","diagnostic_automatic_5y","false","AU","Web Search","2026-10-07T11:21:38.145658+00:00"
"2022-07-10","automatic dog feeder","0","8.25","diagnostic_automatic_5y","diagnostic","dog","false","diagnostic_automatic_5y","false","AU","Web Search","2026-10-07T11:21:38.145658+00:00"
"2022-07-17","automatic dog feeder","0","0","diagnostic_automatic_5y","diagnostic","dog","false","diagnostic_automatic_5y","false","AU","Web Search","2026-10-07T11:21:38.145658+00:00"
"2022-07-24","automatic dog feeder","0","0","diagnostic_automatic_5y","diagnostic","dog","false","diagnostic_automatic_5y","false","AU","Web Search","2026-10-07T11:21:38.145658+00:00"
"2022-07-31","automatic dog feeder","0","0","diagnostic_automatic_5y","diagnostic","dog","false","diagnostic_automatic_5y","false","AU","Web Search","2026-10-07T11:21:38.145658+00:00"
"2022-08-07","automatic dog feeder","0","0","diagnostic_automatic_5y","diagnostic","dog","false","diagnostic_automatic_5y","false","AU","Web Search","2026-10-07T11:21:38.145658+00:00"
"2022-08-14","automatic dog feeder","0","0","diagnostic_automatic_5y","diagnostic","dog","false","diagnostic_automatic_5y","false","AU","Web Search","2026-10-07T11:21:38.145658+00:00"
"2022-08-21","automatic dog feeder","0","0","diagnostic_automatic_5y","diagnostic","dog","false","diagnostic_automatic_5y","false","AU","Web Search","2026-10-07T11:21:38.145658+00:00"
"2022-08-28","automatic dog feeder","0","0","diagnostic_automatic_5y","diagnostic","dog","false","diagnostic_automatic_5y","false","AU","Web Search","2026-10-07T11:21:38.145658+00:00"
"2022-09-04","automatic dog feeder","29","7.25","diagnostic_automatic_5y","diagnostic","dog","false","diagnostic_automatic_5y","false","AU","Web Search","2026-10-07T11:21:38.145658+00:00"
"2022-09-11","automatic dog feeder","0","7.25","diagnostic_automatic_5y","diagnostic","dog","false","diagnostic_automatic_5y","false","AU","Web Search","2026-10-07T11:21:38.145658+00:00"
"2022-09-18","automatic dog feeder","0","7.25","diagnostic_automatic_5y","diagnostic","dog","false","diagnostic_automatic_5y","false","AU","Web Search","2026-10-07T11:21:38.145658+00:00"
"2022-09-25","automatic dog feeder","43","18","diagnostic_automatic_5y","diagnostic","dog","false","diagnostic_automatic_5y","false","AU","Web Search","2026-10-07T11:21:38.145658+00:00"
"2022-10-02","automatic dog feeder","0","10.75","diagnostic_automatic_5y","diagnostic","dog","false","diagnostic_automatic_5y","false","AU","Web Search","2026-10-07T11:21:38.145658+00:00"
"2022-10-09","automatic dog feeder","0","10.75","diagnostic_automatic_5y","diagnostic","dog","false","diagnostic_automatic_5y","false","AU","Web Search","2026-10-07T11:21:38.145658+00:00"
"2022-10-16","automatic dog feeder","0","10.75","diagnostic_automatic_5y","diagnostic","dog","false","diagnostic_automatic_5y","false","AU","Web Search","2026-10-07T11:21:38.145658+00:00"
"2022-10-23","automatic dog feeder","0","0","diagnostic_automatic_5y","diagnostic","dog","false","diagnostic_automatic_5y","false","AU","Web Search","2026-10-07T11:21:38.145658+00:00"
"2022-10-30","automatic dog feeder","0","0","diagnostic_automatic_5y","diagnostic","dog","false","diagnostic_automatic_5y","false","AU","Web Search","2026-10-07T11:21:38.145658+00:00"
"2022-11-06","automatic dog feeder","0","0","diagnostic_automatic_5y","diagnostic","dog","false","diagnostic_automatic_5y","false","AU","Web Search","2026-10-07T11:21:38.145658+00:00"
"2022-11-13","automatic dog feeder","0","0","diagnostic_automatic_5y","diagnostic","dog","false","diagnostic_automatic_5y","false","AU","Web Search","2026-10-07T11:21:38.145658+00:00"
"2022-11-20","automatic dog feeder","0","0","diagnostic_automatic_5y","diagnostic","dog","false","diagnostic_automatic_5y","false","AU","Web Search","2026-10-07T11:21:38.145658+00:00"
"2022-11-27","automatic dog feeder","0","0","diagnostic_automatic_5y","diagnostic","dog","false","diagnostic_automatic_5y","false","AU","Web Search","2026-10-07T11:21:38.145658+00:00"
"2022-12-04","automatic dog feeder","0","0","diagnostic_automatic_5y","diagnostic","dog","false","diagnostic_automatic_5y","false","AU","Web Search","2026-10-07T11:21:38.145658+00:00"
"2022-12-11","automatic dog feeder","0","0","diagnostic_automatic_5y","diagnostic","dog","false","diagnostic_automatic_5y","false","AU","Web Search","2026-10-07T11:21:38.145658+00:00"
"2022-12-18","automatic dog feeder","31","7.75","diagnostic_automatic_5y","diagnostic","dog","false","diagnostic_automatic_5y","false","AU","Web Search","2026-10-07T11:21:38.145658+00:00"
"2022-12-25","automatic dog feeder","0","7.75","diagnostic_automatic_5y","diagnostic","dog","false","diagnostic_automatic_5y","false","AU","Web Search","2026-10-07T11:21:38.145658+00:00"
"2023-01-01","automatic dog feeder","34","16.25","diagnostic_automatic_5y","diagnostic","dog","false","diagnostic_automatic_5y","false","AU","Web Search","2026-10-07T11:21:38.145658+00:00"
"2023-01-08","automatic dog feeder","0","16.25","diagnostic_automatic_5y","diagnostic","dog","false","diagnostic_automatic_5y","false","AU","Web Search","2026-10-07T11:21:38.145658+00:00"
"2023-01-15","automatic dog feeder","0","8.5","diagnostic_automatic_5y","diagnostic","dog","false","diagnostic_automatic_5y","false","AU","Web Search","2026-10-07T11:21:38.145658+00:00"
"2023-01-22","automatic dog feeder","0","8.5","diagnostic_automatic_5y","diagnostic","dog","false","diagnostic_automatic_5y","false","AU","Web Search","2026-10-07T11:21:38.145658+00:00"
"2023-01-29","automatic dog feeder","0","0","diagnostic_automatic_5y","diagnostic","dog","false","diagnostic_automatic_5y","false","AU","Web Search","2026-10-07T11:21:38.145658+00:00"
"2023-02-05","automatic dog feeder","0","0","diagnostic_automatic_5y","diagnostic","dog","false","diagnostic_automatic_5y","false","AU","Web Search","2026-10-07T11:21:38.145658+00:00"
"2023-02-12","automatic dog feeder","0","0","diagnostic_automatic_5y","diagnostic","dog","false","diagnostic_automatic_5y","false","AU","Web Search","2026-10-07T11:21:38.145658+00:00"
"2023-02-19","automatic dog feeder","0","0","diagnostic_automatic_5y","diagnostic","dog","false","diagnostic_automatic_5y","false","AU","Web Search","2026-10-07T11:21:38.145658+00:00"
"2023-02-26","automatic dog feeder","24","6","diagnostic_automatic_5y","diagnostic","dog","false","diagnostic_automatic_5y","false","AU","Web Search","2026-10-07T11:21:38.145658+00:00"
"2023-03-05","automatic dog feeder","0","6","diagnostic_automatic_5y","diagnostic","dog","false","diagnostic_automatic_5y","false","AU","Web Search","2026-10-07T11:21:38.145658+00:00"
"2023-03-12","automatic dog feeder","0","6","diagnostic_automatic_5y","diagnostic","dog","false","diagnostic_automatic_5y","false","AU","Web Search","2026-10-07T11:21:38.145658+00:00"
"2023-03-19","automatic dog feeder","0","6","diagnostic_automatic_5y","diagnostic","dog","false","diagnostic_automatic_5y","false","AU","Web Search","2026-10-07T11:21:38.145658+00:00"
"2023-03-26","automatic dog feeder","0","0","diagnostic_automatic_5y","diagnostic","dog","false","diagnostic_automatic_5y","false","AU","Web Search","2026-10-07T11:21:38.145658+00:00"
"2023-04-02","automatic dog feeder","0","0","diagnostic_automatic_5y","diagnostic","dog","false","diagnostic_automatic_5y","false","AU","Web Search","2026-10-07T11:21:38.145658+00:00"
"2023-04-09","automatic dog feeder","0","0","diagnostic_automatic_5y","diagnostic","dog","false","diagnostic_automatic_5y","false","AU","Web Search","2026-10-07T11:21:38.145658+00:00"
"2023-04-16","automatic dog feeder","0","0","diagnostic_automatic_5y","diagnostic","dog","false","diagnostic_automatic_5y","false","AU","Web Search","2026-10-07T11:21:38.145658+00:00"
"2023-04-23","automatic dog feeder","25","6.25","diagnostic_automatic_5y","diagnostic","dog","false","diagnostic_automatic_5y","false","AU","Web Search","2026-10-07T11:21:38.145658+00:00"
"2023-04-30","automatic dog feeder","26","12.75","diagnostic_automatic_5y","diagnostic","dog","false","diagnostic_automatic_5y","false","AU","Web Search","2026-10-07T11:21:38.145658+00:00"
"2023-05-07","automatic dog feeder","0","12.75","diagnostic_automatic_5y","diagnostic","dog","false","diagnostic_automatic_5y","false","AU","Web Search","2026-10-07T11:21:38.145658+00:00"
"2023-05-14","automatic dog feeder","0","12.75","diagnostic_automatic_5y","diagnostic","dog","false","diagnostic_automatic_5y","false","AU","Web Search","2026-10-07T11:21:38.145658+00:00"
"2023-05-21","automatic dog feeder","0","6.5","diagnostic_automatic_5y","diagnostic","dog","false","diagnostic_automatic_5y","false","AU","Web Search","2026-10-07T11:21:38.145658+00:00"
"2023-05-28","automatic dog feeder","0","0","diagnostic_automatic_5y","diagnostic","dog","false","diagnostic_automatic_5y","false","AU","Web Search","2026-10-07T11:21:38.145658+00:00"
"2023-06-04","automatic dog feeder","0","0","diagnostic_automatic_5y","diagnostic","dog","false","diagnostic_automatic_5y","false","AU","Web Search","2026-10-07T11:21:38.145658+00:00"
"2023-06-11","automatic dog feeder","0","0","diagnostic_automatic_5y","diagnostic","dog","false","diagnostic_automatic_5y","false","AU","Web Search","2026-10-07T11:21:38.145658+00:00"
"2023-06-18","automatic dog feeder","0","0","diagnostic_automatic_5y","diagnostic","dog","false","diagnostic_automatic_5y","false","AU","Web Search","2026-10-07T11:21:38.145658+00:00"
"2023-06-25","automatic dog feeder","0","0","diagnostic_automatic_5y","diagnostic","dog","false","diagnostic_automatic_5y","false","AU","Web Search","2026-10-07T11:21:38.145658+00:00"
"2023-07-02","automatic dog feeder","0","0","diagnostic_automatic_5y","diagnostic","dog","false","diagnostic_automatic_5y","false","AU","Web Search","2026-10-07T11:21:38.145658+00:00"
"2023-07-09","automatic dog feeder","0","0","diagnostic_automatic_5y","diagnostic","dog","false","diagnostic_automatic_5y","false","AU","Web Search","2026-10-07T11:21:38.145658+00:00"
"2023-07-16","automatic dog feeder","0","0","diagnostic_automatic_5y","diagnostic","dog","false","diagnostic_automatic_5y","false","AU","Web Search","2026-10-07T11:21:38.145658+00:00"
"2023-07-23","automatic dog feeder","0","0","diagnostic_automatic_5y","diagnostic","dog","false","diagnostic_automatic_5y","false","AU","Web Search","2026-10-07T11:21:38.145658+00:00"
"2023-07-30","automatic dog feeder","37","9.25","diagnostic_automatic_5y","diagnostic","dog","false","diagnostic_automatic_5y","false","AU","Web Search","2026-10-07T11:21:38.145658+00:00"
"2023-08-06","automatic dog feeder","0","9.25","diagnostic_automatic_5y","diagnostic","dog","false","diagnostic_automatic_5y","false","AU","Web Search","2026-10-07T11:21:38.145658+00:00"
"2023-08-13","automatic dog feeder","0","9.25","diagnostic_automatic_5y","diagnostic","dog","false","diagnostic_automatic_5y","false","AU","Web Search","2026-10-07T11:21:38.145658+00:00"
"2023-08-20","automatic dog feeder","0","9.25","diagnostic_automatic_5y","diagnostic","dog","false","diagnostic_automatic_5y","false","AU","Web Search","2026-10-07T11:21:38.145658+00:00"
"2023-08-27","automatic dog feeder","0","0","diagnostic_automatic_5y","diagnostic","dog","false","diagnostic_automatic_5y","false","AU","Web Search","2026-10-07T11:21:38.145658+00:00"
"2023-09-03","automatic dog feeder","0","0","diagnostic_automatic_5y","diagnostic","dog","false","diagnostic_automatic_5y","false","AU","Web Search","2026-10-07T11:21:38.145658+00:00"
"2023-09-10","automatic dog feeder","27","6.75","diagnostic_automatic_5y","diagnostic","dog","false","diagnostic_automatic_5y","false","AU","Web Search","2026-10-07T11:21:38.145658+00:00"
"2023-09-17","automatic dog feeder","0","6.75","diagnostic_automatic_5y","diagnostic","dog","false","diagnostic_automatic_5y","false","AU","Web Search","2026-10-07T11:21:38.145658+00:00"
"2023-09-24","automatic dog feeder","0","6.75","diagnostic_automatic_5y","diagnostic","dog","false","diagnostic_automatic_5y","false","AU","Web Search","2026-10-07T11:21:38.145658+00:00"
"2023-10-01","automatic dog feeder","0","6.75","diagnostic_automatic_5y","diagnostic","dog","false","diagnostic_automatic_5y","false","AU","Web Search","2026-10-07T11:21:38.145658+00:00"
"2023-10-08","automatic dog feeder","0","0","diagnostic_automatic_5y","diagnostic","dog","false","diagnostic_automatic_5y","false","AU","Web Search","2026-10-07T11:21:38.145658+00:00"
"2023-10-15","automatic dog feeder","0","0","diagnostic_automatic_5y","diagnostic","dog","false","diagnostic_automatic_5y","false","AU","Web Search","2026-10-07T11:21:38.145658+00:00"
"2023-10-22","automatic dog feeder","30","7.5","diagnostic_automatic_5y","diagnostic","dog","false","diagnostic_automatic_5y","false","AU","Web Search","2026-10-07T11:21:38.145658+00:00"
"2023-10-29","automatic dog feeder","0","7.5","diagnostic_automatic_5y","diagnostic","dog","false","diagnostic_automatic_5y","false","AU","Web Search","2026-10-07T11:21:38.145658+00:00"
"2023-11-05","automatic dog feeder","0","7.5","diagnostic_automatic_5y","diagnostic","dog","false","diagnostic_automatic_5y","false","AU","Web Search","2026-10-07T11:21:38.145658+00:00"
"2023-11-12","automatic dog feeder","0","7.5","diagnostic_automatic_5y","diagnostic","dog","false","diagnostic_automatic_5y","false","AU","Web Search","2026-10-07T11:21:38.145658+00:00"
"2023-11-19","automatic dog feeder","0","0","diagnostic_automatic_5y","diagnostic","dog","false","diagnostic_automatic_5y","false","AU","Web Search","2026-10-07T11:21:38.145658+00:00"
"2023-11-26","automatic dog feeder","0","0","diagnostic_automatic_5y","diagnostic","dog","false","diagnostic_automatic_5y","false","AU","Web Search","2026-10-07T11:21:38.145658+00:00"
"2023-12-03","automatic dog feeder","0","0","diagnostic_automatic_5y","diagnostic","dog","false","diagnostic_automatic_5y","false","AU","Web Search","2026-10-07T11:21:38.145658+00:00"
"2023-12-10","automatic dog feeder","0","0","diagnostic_automatic_5y","diagnostic","dog","false","diagnostic_automatic_5y","false","AU","Web Search","2026-10-07T11:21:38.145658+00:00"
"2023-12-17","automatic dog feeder","0","0","diagnostic_automatic_5y","diagnostic","dog","false","diagnostic_automatic_5y","false","AU","Web Search","2026-10-07T11:21:38.145658+00:00"
"2023-12-24","automatic dog feeder","0","0","diagnostic_automatic_5y","diagnostic","dog","false","diagnostic_automatic_5y","false","AU","Web Search","2026-10-07T11:21:38.145658+00:00"
"2023-12-31","automatic dog feeder","48","12","diagnostic_automatic_5y","diagnostic","dog","false","diagnostic_automatic_5y","false","AU","Web Search","2026-10-07T11:21:38.145658+00:00"
"2024-01-07","automatic dog feeder","0","12","diagnostic_automatic_5y","diagnostic","dog","false","diagnostic_automatic_5y","false","AU","Web Search","2026-10-07T11:21:38.145658+00:00"
"2024-01-14","automatic dog feeder","0","12","diagnostic_automatic_5y","diagnostic","dog","false","diagnostic_automatic_5y","false","AU","Web Search","2026-10-07T11:21:38.145658+00:00"
"2024-01-21","automatic dog feeder","26","18.5","diagnostic_automatic_5y","diagnostic","dog","false","diagnostic_automatic_5y","false","AU","Web Search","2026-10-07T11:21:38.145658+00:00"
"2024-01-28","automatic dog feeder","0","6.5","diagnostic_automatic_5y","diagnostic","dog","false","diagnostic_automatic_5y","false","AU","Web Search","2026-10-07T11:21:38.145658+00:00"
"2024-02-04","automatic dog feeder","0","6.5","diagnostic_automatic_5y","diagnostic","dog","false","diagnostic_automatic_5y","false","AU","Web Search","2026-10-07T11:21:38.145658+00:00"
"2024-02-11","automatic dog feeder","38","16","diagnostic_automatic_5y","diagnostic","dog","false","diagnostic_automatic_5y","false","AU","Web Search","2026-10-07T11:21:38.145658+00:00"
"2024-02-18","automatic dog feeder","0","9.5","diagnostic_automatic_5y","diagnostic","dog","false","diagnostic_automatic_5y","false","AU","Web Search","2026-10-07T11:21:38.145658+00:00"
"2024-02-25","automatic dog feeder","0","9.5","diagnostic_automatic_5y","diagnostic","dog","false","diagnostic_automatic_5y","false","AU","Web Search","2026-10-07T11:21:38.145658+00:00"
"2024-03-03","automatic dog feeder","0","9.5","diagnostic_automatic_5y","diagnostic","dog","false","diagnostic_automatic_5y","false","AU","Web Search","2026-10-07T11:21:38.145658+00:00"
"2024-03-10","automatic dog feeder","0","0","diagnostic_automatic_5y","diagnostic","dog","false","diagnostic_automatic_5y","false","AU","Web Search","2026-10-07T11:21:38.145658+00:00"
"2024-03-17","automatic dog feeder","0","0","diagnostic_automatic_5y","diagnostic","dog","false","diagnostic_automatic_5y","false","AU","Web Search","2026-10-07T11:21:38.145658+00:00"
"2024-03-24","automatic dog feeder","31","7.75","diagnostic_automatic_5y","diagnostic","dog","false","diagnostic_automatic_5y","false","AU","Web Search","2026-10-07T11:21:38.145658+00:00"
"2024-03-31","automatic dog feeder","0","7.75","diagnostic_automatic_5y","diagnostic","dog","false","diagnostic_automatic_5y","false","AU","Web Search","2026-10-07T11:21:38.145658+00:00"
"2024-04-07","automatic dog feeder","0","7.75","diagnostic_automatic_5y","diagnostic","dog","false","diagnostic_automatic_5y","false","AU","Web Search","2026-10-07T11:21:38.145658+00:00"
"2024-04-14","automatic dog feeder","0","7.75","diagnostic_automatic_5y","diagnostic","dog","false","diagnostic_automatic_5y","false","AU","Web Search","2026-10-07T11:21:38.145658+00:00"
"2024-04-21","automatic dog feeder","0","0","diagnostic_automatic_5y","diagnostic","dog","false","diagnostic_automatic_5y","false","AU","Web Search","2026-10-07T11:21:38.145658+00:00"
"2024-04-28","automatic dog feeder","0","0","diagnostic_automatic_5y","diagnostic","dog","false","diagnostic_automatic_5y","false","AU","Web Search","2026-10-07T11:21:38.145658+00:00"
"2024-05-05","automatic dog feeder","0","0","diagnostic_automatic_5y","diagnostic","dog","false","diagnostic_automatic_5y","false","AU","Web Search","2026-10-07T11:21:38.145658+00:00"
"2024-05-12","automatic dog feeder","0","0","diagnostic_automatic_5y","diagnostic","dog","false","diagnostic_automatic_5y","false","AU","Web Search","2026-10-07T11:21:38.145658+00:00"
"2024-05-19","automatic dog feeder","31","7.75","diagnostic_automatic_5y","diagnostic","dog","false","diagnostic_automatic_5y","false","AU","Web Search","2026-10-07T11:21:38.145658+00:00"
"2024-05-26","automatic dog feeder","0","7.75","diagnostic_automatic_5y","diagnostic","dog","false","diagnostic_automatic_5y","false","AU","Web Search","2026-10-07T11:21:38.145658+00:00"
"2024-06-02","automatic dog feeder","0","7.75","diagnostic_automatic_5y","diagnostic","dog","false","diagnostic_automatic_5y","false","AU","Web Search","2026-10-07T11:21:38.145658+00:00"
"2024-06-09","automatic dog feeder","0","7.75","diagnostic_automatic_5y","diagnostic","dog","false","diagnostic_automatic_5y","false","AU","Web Search","2026-10-07T11:21:38.145658+00:00"
"2024-06-16","automatic dog feeder","0","0","diagnostic_automatic_5y","diagnostic","dog","false","diagnostic_automatic_5y","false","AU","Web Search","2026-10-07T11:21:38.145658+00:00"
"2024-06-23","automatic dog feeder","0","0","diagnostic_automatic_5y","diagnostic","dog","false","diagnostic_automatic_5y","false","AU","Web Search","2026-10-07T11:21:38.145658+00:00"
"2024-06-30","automatic dog feeder","0","0","diagnostic_automatic_5y","diagnostic","dog","false","diagnostic_automatic_5y","false","AU","Web Search","2026-10-07T11:21:38.145658+00:00"
"2024-07-07","automatic dog feeder","0","0","diagnostic_automatic_5y","diagnostic","dog","false","diagnostic_automatic_5y","false","AU","Web Search","2026-10-07T11:21:38.145658+00:00"
"2024-07-14","automatic dog feeder","0","0","diagnostic_automatic_5y","diagnostic","dog","false","diagnostic_automatic_5y","false","AU","Web Search","2026-10-07T11:21:38.145658+00:00"
"2024-07-21","automatic dog feeder","0","0","diagnostic_automatic_5y","diagnostic","dog","false","diagnostic_automatic_5y","false","AU","Web Search","2026-10-07T11:21:38.145658+00:00"
"2024-07-28","automatic dog feeder","0","0","diagnostic_automatic_5y","diagnostic","dog","false","diagnostic_automatic_5y","false","AU","Web Search","2026-10-07T11:21:38.145658+00:00"
"2024-08-04","automatic dog feeder","0","0","diagnostic_automatic_5y","diagnostic","dog","false","diagnostic_automatic_5y","false","AU","Web Search","2026-10-07T11:21:38.145658+00:00"
"2024-08-11","automatic dog feeder","0","0","diagnostic_automatic_5y","diagnostic","dog","false","diagnostic_automatic_5y","false","AU","Web Search","2026-10-07T11:21:38.145658+00:00"
"2024-08-18","automatic dog feeder","0","0","diagnostic_automatic_5y","diagnostic","dog","false","diagnostic_automatic_5y","false","AU","Web Search","2026-10-07T11:21:38.145658+00:00"
"2024-08-25","automatic dog feeder","0","0","diagnostic_automatic_5y","diagnostic","dog","false","diagnostic_automatic_5y","false","AU","Web Search","2026-10-07T11:21:38.145658+00:00"
"2024-09-01","automatic dog feeder","0","0","diagnostic_automatic_5y","diagnostic","dog","false","diagnostic_automatic_5y","false","AU","Web Search","2026-10-07T11:21:38.145658+00:00"
"2024-09-08","automatic dog feeder","0","0","diagnostic_automatic_5y","diagnostic","dog","false","diagnostic_automatic_5y","false","AU","Web Search","2026-10-07T11:21:38.145658+00:00"
"2024-09-15","automatic dog feeder","0","0","diagnostic_automatic_5y","diagnostic","dog","false","diagnostic_automatic_5y","false","AU","Web Search","2026-10-07T11:21:38.145658+00:00"
"2024-09-22","automatic dog feeder","32","8","diagnostic_automatic_5y","diagnostic","dog","false","diagnostic_automatic_5y","false","AU","Web Search","2026-10-07T11:21:38.145658+00:00"
"2024-09-29","automatic dog feeder","0","8","diagnostic_automatic_5y","diagnostic","dog","false","diagnostic_automatic_5y","false","AU","Web Search","2026-10-07T11:21:38.145658+00:00"
"2024-10-06","automatic dog feeder","0","8","diagnostic_automatic_5y","diagnostic","dog","false","diagnostic_automatic_5y","false","AU","Web Search","2026-10-07T11:21:38.145658+00:00"
"2024-10-13","automatic dog feeder","0","8","diagnostic_automatic_5y","diagnostic","dog","false","diagnostic_automatic_5y","false","AU","Web Search","2026-10-07T11:21:38.145658+00:00"
"2024-10-20","automatic dog feeder","0","0","diagnostic_automatic_5y","diagnostic","dog","false","diagnostic_automatic_5y","false","AU","Web Search","2026-10-07T11:21:38.145658+00:00"
"2024-10-27","automatic dog feeder","0","0","diagnostic_automatic_5y","diagnostic","dog","false","diagnostic_automatic_5y","false","AU","Web Search","2026-10-07T11:21:38.145658+00:00"
"2024-11-03","automatic dog feeder","0","0","diagnostic_automatic_5y","diagnostic","dog","false","diagnostic_automatic_5y","false","AU","Web Search","2026-10-07T11:21:38.145658+00:00"
"2024-11-10","automatic dog feeder","0","0","diagnostic_automatic_5y","diagnostic","dog","false","diagnostic_automatic_5y","false","AU","Web Search","2026-10-07T11:21:38.145658+00:00"
"2024-11-17","automatic dog feeder","0","0","diagnostic_automatic_5y","diagnostic","dog","false","diagnostic_automatic_5y","false","AU","Web Search","2026-10-07T11:21:38.145658+00:00"
"2024-11-24","automatic dog feeder","0","0","diagnostic_automatic_5y","diagnostic","dog","false","diagnostic_automatic_5y","false","AU","Web Search","2026-10-07T11:21:38.145658+00:00"
"2024-12-01","automatic dog feeder","0","0","diagnostic_automatic_5y","diagnostic","dog","false","diagnostic_automatic_5y","false","AU","Web Search","2026-10-07T11:21:38.145658+00:00"
"2024-12-08","automatic dog feeder","0","0","diagnostic_automatic_5y","diagnostic","dog","false","diagnostic_automatic_5y","false","AU","Web Search","2026-10-07T11:21:38.145658+00:00"
"2024-12-15","automatic dog feeder","0","0","diagnostic_automatic_5y","diagnostic","dog","false","diagnostic_automatic_5y","false","AU","Web Search","2026-10-07T11:21:38.145658+00:00"
"2024-12-22","automatic dog feeder","0","0","diagnostic_automatic_5y","diagnostic","dog","false","diagnostic_automatic_5y","false","AU","Web Search","2026-10-07T11:21:38.145658+00:00"
"2024-12-29","automatic dog feeder","0","0","diagnostic_automatic_5y","diagnostic","dog","false","diagnostic_automatic_5y","false","AU","Web Search","2026-10-07T11:21:38.145658+00:00"
"2025-01-05","automatic dog feeder","0","0","diagnostic_automatic_5y","diagnostic","dog","false","diagnostic_automatic_5y","false","AU","Web Search","2026-10-07T11:21:38.145658+00:00"
"2025-01-12","automatic dog feeder","0","0","diagnostic_automatic_5y","diagnostic","dog","false","diagnostic_automatic_5y","false","AU","Web Search","2026-10-07T11:21:38.145658+00:00"
"2025-01-19","automatic dog feeder","0","0","diagnostic_automatic_5y","diagnostic","dog","false","diagnostic_automatic_5y","false","AU","Web Search","2026-10-07T11:21:38.145658+00:00"
"2025-01-26","automatic dog feeder","0","0","diagnostic_automatic_5y","diagnostic","dog","false","diagnostic_automatic_5y","false","AU","Web Search","2026-10-07T11:21:38.145658+00:00"
"2025-02-02","automatic dog feeder","0","0","diagnostic_automatic_5y","diagnostic","dog","false","diagnostic_automatic_5y","false","AU","Web Search","2026-10-07T11:21:38.145658+00:00"
"2025-02-09","automatic dog feeder","0","0","diagnostic_automatic_5y","diagnostic","dog","false","diagnostic_automatic_5y","false","AU","Web Search","2026-10-07T11:21:38.145658+00:00"
"2025-02-16","automatic dog feeder","0","0","diagnostic_automatic_5y","diagnostic","dog","false","diagnostic_automatic_5y","false","AU","Web Search","2026-10-07T11:21:38.145658+00:00"
"2025-02-23","automatic dog feeder","38","9.5","diagnostic_automatic_5y","diagnostic","dog","false","diagnostic_automatic_5y","false","AU","Web Search","2026-10-07T11:21:38.145658+00:00"
"2025-03-02","automatic dog feeder","0","9.5","diagnostic_automatic_5y","diagnostic","dog","false","diagnostic_automatic_5y","false","AU","Web Search","2026-10-07T11:21:38.145658+00:00"
"2025-03-09","automatic dog feeder","0","9.5","diagnostic_automatic_5y","diagnostic","dog","false","diagnostic_automatic_5y","false","AU","Web Search","2026-10-07T11:21:38.145658+00:00"
"2025-03-16","automatic dog feeder","0","9.5","diagnostic_automatic_5y","diagnostic","dog","false","diagnostic_automatic_5y","false","AU","Web Search","2026-10-07T11:21:38.145658+00:00"
"2025-03-23","automatic dog feeder","0","0","diagnostic_automatic_5y","diagnostic","dog","false","diagnostic_automatic_5y","false","AU","Web Search","2026-10-07T11:21:38.145658+00:00"
"2025-03-30","automatic dog feeder","0","0","diagnostic_automatic_5y","diagnostic","dog","false","diagnostic_automatic_5y","false","AU","Web Search","2026-10-07T11:21:38.145658+00:00"
"2025-04-06","automatic dog feeder","0","0","diagnostic_automatic_5y","diagnostic","dog","false","diagnostic_automatic_5y","false","AU","Web Search","2026-10-07T11:21:38.145658+00:00"
"2025-04-13","automatic dog feeder","0","0","diagnostic_automatic_5y","diagnostic","dog","false","diagnostic_automatic_5y","false","AU","Web Search","2026-10-07T11:21:38.145658+00:00"
"2025-04-20","automatic dog feeder","0","0","diagnostic_automatic_5y","diagnostic","dog","false","diagnostic_automatic_5y","false","AU","Web Search","2026-10-07T11:21:38.145658+00:00"
"2025-04-27","automatic dog feeder","0","0","diagnostic_automatic_5y","diagnostic","dog","false","diagnostic_automatic_5y","false","AU","Web Search","2026-10-07T11:21:38.145658+00:00"
"2025-05-04","automatic dog feeder","0","0","diagnostic_automatic_5y","diagnostic","dog","false","diagnostic_automatic_5y","false","AU","Web Search","2026-10-07T11:21:38.145658+00:00"
"2025-05-11","automatic dog feeder","0","0","diagnostic_automatic_5y","diagnostic","dog","false","diagnostic_automatic_5y","false","AU","Web Search","2026-10-07T11:21:38.145658+00:00"
"2025-05-18","automatic dog feeder","0","0","diagnostic_automatic_5y","diagnostic","dog","false","diagnostic_automatic_5y","false","AU","Web Search","2026-10-07T11:21:38.145658+00:00"
"2025-05-25","automatic dog feeder","0","0","diagnostic_automatic_5y","diagnostic","dog","false","diagnostic_automatic_5y","false","AU","Web Search","2026-10-07T11:21:38.145658+00:00"
"2025-06-01","automatic dog feeder","0","0","diagnostic_automatic_5y","diagnostic","dog","false","diagnostic_automatic_5y","false","AU","Web Search","2026-10-07T11:21:38.145658+00:00"
"2025-06-08","automatic dog feeder","0","0","diagnostic_automatic_5y","diagnostic","dog","false","diagnostic_automatic_5y","false","AU","Web Search","2026-10-07T11:21:38.145658+00:00"
"2025-06-15","automatic dog feeder","0","0","diagnostic_automatic_5y","diagnostic","dog","false","diagnostic_automatic_5y","false","AU","Web Search","2026-10-07T11:21:38.145658+00:00"
"2025-06-22","automatic dog feeder","0","0","diagnostic_automatic_5y","diagnostic","dog","false","diagnostic_automatic_5y","false","AU","Web Search","2026-10-07T11:21:38.145658+00:00"
"2025-06-29","automatic dog feeder","0","0","diagnostic_automatic_5y","diagnostic","dog","false","diagnostic_automatic_5y","false","AU","Web Search","2026-10-07T11:21:38.145658+00:00"
"2025-07-06","automatic dog feeder","0","0","diagnostic_automatic_5y","diagnostic","dog","false","diagnostic_automatic_5y","false","AU","Web Search","2026-10-07T11:21:38.145658+00:00"
"2025-07-13","automatic dog feeder","0","0","diagnostic_automatic_5y","diagnostic","dog","false","diagnostic_automatic_5y","false","AU","Web Search","2026-10-07T11:21:38.145658+00:00"
"2025-07-20","automatic dog feeder","0","0","diagnostic_automatic_5y","diagnostic","dog","false","diagnostic_automatic_5y","false","AU","Web Search","2026-10-07T11:21:38.145658+00:00"
"2025-07-27","automatic dog feeder","28","7","diagnostic_automatic_5y","diagnostic","dog","false","diagnostic_automatic_5y","false","AU","Web Search","2026-10-07T11:21:38.145658+00:00"
"2025-08-03","automatic dog feeder","0","7","diagnostic_automatic_5y","diagnostic","dog","false","diagnostic_automatic_5y","false","AU","Web Search","2026-10-07T11:21:38.145658+00:00"
"2025-08-10","automatic dog feeder","0","7","diagnostic_automatic_5y","diagnostic","dog","false","diagnostic_automatic_5y","false","AU","Web Search","2026-10-07T11:21:38.145658+00:00"
"2025-08-17","automatic dog feeder","0","7","diagnostic_automatic_5y","diagnostic","dog","false","diagnostic_automatic_5y","false","AU","Web Search","2026-10-07T11:21:38.145658+00:00"
"2025-08-24","automatic dog feeder","0","0","diagnostic_automatic_5y","diagnostic","dog","false","diagnostic_automatic_5y","false","AU","Web Search","2026-10-07T11:21:38.145658+00:00"
"2025-08-31","automatic dog feeder","0","0","diagnostic_automatic_5y","diagnostic","dog","false","diagnostic_automatic_5y","false","AU","Web Search","2026-10-07T11:21:38.145658+00:00"
"2025-09-07","automatic dog feeder","0","0","diagnostic_automatic_5y","diagnostic","dog","false","diagnostic_automatic_5y","false","AU","Web Search","2026-10-07T11:21:38.145658+00:00"
"2025-09-14","automatic dog feeder","32","8","diagnostic_automatic_5y","diagnostic","dog","false","diagnostic_automatic_5y","false","AU","Web Search","2026-10-07T11:21:38.145658+00:00"
"2025-09-21","automatic dog feeder","0","8","diagnostic_automatic_5y","diagnostic","dog","false","diagnostic_automatic_5y","false","AU","Web Search","2026-10-07T11:21:38.145658+00:00"
"2025-09-28","automatic dog feeder","0","8","diagnostic_automatic_5y","diagnostic","dog","false","diagnostic_automatic_5y","false","AU","Web Search","2026-10-07T11:21:38.145658+00:00"
"2025-10-05","automatic dog feeder","0","8","diagnostic_automatic_5y","diagnostic","dog","false","diagnostic_automatic_5y","false","AU","Web Search","2026-10-07T11:21:38.145658+00:00"
"2025-10-12","automatic dog feeder","0","0","diagnostic_automatic_5y","diagnostic","dog","false","diagnostic_automatic_5y","false","AU","Web Search","2026-10-07T11:21:38.145658+00:00"
"2025-10-19","automatic dog feeder","0","0","diagnostic_automatic_5y","diagnostic","dog","false","diagnostic_automatic_5y","false","AU","Web Search","2026-10-07T11:21:38.145658+00:00"
"2025-10-26","automatic dog feeder","0","0","diagnostic_automatic_5y","diagnostic","dog","false","diagnostic_automatic_5y","false","AU","Web Search","2026-10-07T11:21:38.145658+00:00"
"2025-11-02","automatic dog feeder","0","0","diagnostic_automatic_5y","diagnostic","dog","false","diagnostic_automatic_5y","false","AU","Web Search","2026-10-07T11:21:38.145658+00:00"
"2025-11-09","automatic dog feeder","0","0","diagnostic_automatic_5y","diagnostic","dog","false","diagnostic_automatic_5y","false","AU","Web Search","2026-10-07T11:21:38.145658+00:00"
"2025-11-16","automatic dog feeder","0","0","diagnostic_automatic_5y","diagnostic","dog","false","diagnostic_automatic_5y","false","AU","Web Search","2026-10-07T11:21:38.145658+00:00"
"2025-11-23","automatic dog feeder","0","0","diagnostic_automatic_5y","diagnostic","dog","false","diagnostic_automatic_5y","false","AU","Web Search","2026-10-07T11:21:38.145658+00:00"
"2025-11-30","automatic dog feeder","0","0","diagnostic_automatic_5y","diagnostic","dog","false","diagnostic_automatic_5y","false","AU","Web Search","2026-10-07T11:21:38.145658+00:00"
"2025-12-07","automatic dog feeder","0","0","diagnostic_automatic_5y","diagnostic","dog","false","diagnostic_automatic_5y","false","AU","Web Search","2026-10-07T11:21:38.145658+00:00"
"2025-12-14","automatic dog feeder","0","0","diagnostic_automatic_5y","diagnostic","dog","false","diagnostic_automatic_5y","false","AU","Web Search","2026-10-07T11:21:38.145658+00:00"
"2025-12-21","automatic dog feeder","0","0","diagnostic_automatic_5y","diagnostic","dog","false","diagnostic_automatic_5y","false","AU","Web Search","2026-10-07T11:21:38.145658+00:00"
"2025-12-28","automatic dog feeder","0","0","diagnostic_automatic_5y","diagnostic","dog","false","diagnostic_automatic_5y","false","AU","Web Search","2026-10-07T11:21:38.145658+00:00"
"2026-01-04","automatic dog feeder","32","8","diagnostic_automatic_5y","diagnostic","dog","false","diagnostic_automatic_5y","false","AU","Web Search","2026-10-07T11:21:38.145658+00:00"
"2026-01-11","automatic dog feeder","0","8","diagnostic_automatic_5y","diagnostic","dog","false","diagnostic_automatic_5y","false","AU","Web Search","2026-10-07T11:21:38.145658+00:00"
"2026-01-18","automatic dog feeder","0","8","diagnostic_automatic_5y","diagnostic","dog","false","diagnostic_automatic_5y","false","AU","Web Search","2026-10-07T11:21:38.145658+00:00"
"2026-01-25","automatic dog feeder","30","15.5","diagnostic_automatic_5y","diagnostic","dog","false","diagnostic_automatic_5y","false","AU","Web Search","2026-10-07T11:21:38.145658+00:00"
"2026-02-01","automatic dog feeder","0","7.5","diagnostic_automatic_5y","diagnostic","dog","false","diagnostic_automatic_5y","false","AU","Web Search","2026-10-07T11:21:38.145658+00:00"
"2026-02-08","automatic dog feeder","0","7.5","diagnostic_automatic_5y","diagnostic","dog","false","diagnostic_automatic_5y","false","AU","Web Search","2026-10-07T11:21:38.145658+00:00"
"2026-02-15","automatic dog feeder","0","7.5","diagnostic_automatic_5y","diagnostic","dog","false","diagnostic_automatic_5y","false","AU","Web Search","2026-10-07T11:21:38.145658+00:00"
"2026-02-22","automatic dog feeder","0","0","diagnostic_automatic_5y","diagnostic","dog","false","diagnostic_automatic_5y","false","AU","Web Search","2026-10-07T11:21:38.145658+00:00"
"2026-03-01","automatic dog feeder","0","0","diagnostic_automatic_5y","diagnostic","dog","false","diagnostic_automatic_5y","false","AU","Web Search","2026-10-07T11:21:38.145658+00:00"
"2026-03-08","automatic dog feeder","28","7","diagnostic_automatic_5y","diagnostic","dog","false","diagnostic_automatic_5y","false","AU","Web Search","2026-10-07T11:21:38.145658+00:00"
"2026-03-15","automatic dog feeder","29","14.25","diagnostic_automatic_5y","diagnostic","dog","false","diagnostic_automatic_5y","false","AU","Web Search","2026-10-07T11:21:38.145658+00:00"
"2026-03-22","automatic dog feeder","0","14.25","diagnostic_automatic_5y","diagnostic","dog","false","diagnostic_automatic_5y","false","AU","Web Search","2026-10-07T11:21:38.145658+00:00"
"2026-03-29","automatic dog feeder","0","14.25","diagnostic_automatic_5y","diagnostic","dog","false","diagnostic_automatic_5y","false","AU","Web Search","2026-10-07T11:21:38.145658+00:00"
"2026-04-05","automatic dog feeder","32","15.25","diagnostic_automatic_5y","diagnostic","dog","false","diagnostic_automatic_5y","false","AU","Web Search","2026-10-07T11:21:38.145658+00:00"
"2026-04-12","automatic dog feeder","0","8","diagnostic_automatic_5y","diagnostic","dog","false","diagnostic_automatic_5y","false","AU","Web Search","2026-10-07T11:21:38.145658+00:00"
"2026-04-19","automatic dog feeder","0","8","diagnostic_automatic_5y","diagnostic","dog","false","diagnostic_automatic_5y","false","AU","Web Search","2026-10-07T11:21:38.145658+00:00"
"2026-04-26","automatic dog feeder","0","8","diagnostic_automatic_5y","diagnostic","dog","false","diagnostic_automatic_5y","false","AU","Web Search","2026-10-07T11:21:38.145658+00:00"
"2026-05-03","automatic dog feeder","0","0","diagnostic_automatic_5y","diagnostic","dog","false","diagnostic_automatic_5y","false","AU","Web Search","2026-10-07T11:21:38.145658+00:00"
"2026-05-10","automatic dog feeder","0","0","diagnostic_automatic_5y","diagnostic","dog","false","diagnostic_automatic_5y","false","AU","Web Search","2026-10-07T11:21:38.145658+00:00"
"2026-05-17","automatic dog feeder","0","0","diagnostic_automatic_5y","diagnostic","dog","false","diagnostic_automatic_5y","false","AU","Web Search","2026-10-07T11:21:38.145658+00:00"
"2026-05-24","automatic dog feeder","0","0","diagnostic_automatic_5y","diagnostic","dog","false","diagnostic_automatic_5y","false","AU","Web Search","2026-10-07T11:21:38.145658+00:00"
"2026-05-31","automatic dog feeder","0","0","diagnostic_automatic_5y","diagnostic","dog","false","diagnostic_automatic_5y","false","AU","Web Search","2026-10-07T11:21:38.145658+00:00"
"2026-06-07","automatic dog feeder","0","0","diagnostic_automatic_5y","diagnostic","dog","false","diagnostic_automatic_5y","false","AU","Web Search","2026-10-07T11:21:38.145658+00:00"
"2026-06-14","automatic dog feeder","0","0","diagnostic_automatic_5y","diagnostic","dog","false","diagnostic_automatic_5y","false","AU","Web Search","2026-10-07T11:21:38.145658+00:00"
"2026-06-21","automatic dog feeder","0","0","diagnostic_automatic_5y","diagnostic","dog","false","diagnostic_automatic_5y","false","AU","Web Search","2026-10-07T11:21:38.145658+00:00"
"2026-06-28","automatic dog feeder","33","8.25","diagnostic_automatic_5y","diagnostic","dog","false","diagnostic_automatic_5y","false","AU","Web Search","2026-10-07T11:21:38.145658+00:00"
"2026-07-05","automatic dog feeder","0","8.25","diagnostic_automatic_5y","diagnostic","dog","false","diagnostic_automatic_5y","false","AU","Web Search","2026-10-07T11:21:38.145658+00:00"
"2026-07-12","automatic dog feeder","0","8.25","diagnostic_automatic_5y","diagnostic","dog","false","diagnostic_automatic_5y","false","AU","Web Search","2026-10-07T11:21:38.145658+00:00"
"2026-07-19","automatic dog feeder","0","8.25","diagnostic_automatic_5y","diagnostic","dog","false","diagnostic_automatic_5y","false","AU","Web Search","2026-10-07T11:21:38.145658+00:00"
"2026-07-26","automatic dog feeder","0","0","diagnostic_automatic_5y","diagnostic","dog","false","diagnostic_automatic_5y","false","AU","Web Search","2026-10-07T11:21:38.145658+00:00"
"2026-08-02","automatic dog feeder","0","0","diagnostic_automatic_5y","diagnostic","dog","false","diagnostic_automatic_5y","false","AU","Web Search","2026-10-07T11:21:38.145658+00:00"
"2026-08-09","automatic dog feeder","0","0","diagnostic_automatic_5y","diagnostic","dog","false","diagnostic_automatic_5y","false","AU","Web Search","2026-10-07T11:21:38.145658+00:00"
"2026-08-16","automatic dog feeder","0","0","diagnostic_automatic_5y","diagnostic","dog","false","diagnostic_automatic_5y","false","AU","Web Search","2026-10-07T11:21:38.145658+00:00"
"2026-08-23","automatic dog feeder","0","0","diagnostic_automatic_5y","diagnostic","dog","false","diagnostic_automatic_5y","false","AU","Web Search","2026-10-07T11:21:38.145658+00:00"
"2026-08-30","automatic dog feeder","0","0","diagnostic_automatic_5y","diagnostic","dog","false","diagnostic_automatic_5y","false","AU","Web Search","2026-10-07T11:21:38.145658+00:00"
"2026-09-06","automatic dog feeder","0","0","diagnostic_automatic_5y","diagnostic","dog","false","diagnostic_automatic_5y","false","AU","Web Search","2026-10-07T11:21:38.145658+00:00"
"2026-09-13","automatic dog feeder","0","0","diagnostic_automatic_5y","diagnostic","dog","false","diagnostic_automatic_5y","false","AU","Web Search","2026-10-07T11:21:38.145658+00:00"
"2026-09-20","automatic dog feeder","15","3.75","diagnostic_automatic_5y","diagnostic","dog","false","diagnostic_automatic_5y","false","AU","Web Search","2026-10-07T11:21:38.145658+00:00"
"2026-09-27","automatic dog feeder","17","8","diagnostic_automatic_5y","diagnostic","dog","false","diagnostic_automatic_5y","false","AU","Web Search","2026-10-07T11:21:38.145658+00:00"
"2026-10-04","automatic dog feeder","16","12","diagnostic_automatic_5y","diagnostic","dog","false","diagnostic_automatic_5y","true","AU","Web Search","2026-10-07T11:21:38.145658+00:00"
